trading_days_to_expiration,-8,-7,-6,-5,-4,-3,-2,-1,0,1
7,0.12635885384999912,0.12635885384999912,0.12635885384999912,0.12635885384999912,0.11646428120649886,0.16155076969907617,0.18356730053623999,0.1488475826432962,0.1712738358464619,0.1788102059741996
26,0.12635885384999912,0.12635885384999912,0.12635885384999912,0.12635885384999912,0.11151699488474874,0.15733117586718615,0.18144618126000986,0.19855277352790252,0.2126825661840639,0.2087334842165235
69,0.12635885384999912,0.12635885384999912,0.12635885384999912,0.12635885384999912,0.14472977269489695,0.18912953366522955,0.19155375605904063,0.2118905752345392,0.2026846891140139,0.2169156724244912
132,0.12635885384999912,0.12635885384999912,0.12635885384999912,0.121411567528249,0.16577036353096622,0.18568841981247014,0.19240499749699333,0.19004641200387049,0.19110152141507597,0.2169156724244912
