trading_days_to_expiration,-10,-9,-8,-7,-6,-5,-4,-3,-2,-1,0,1,2,3
17,0.0767789517297275,0.0767789517297275,0.0767789517297275,0.0767789517297275,0.0767789517297275,0.0767789517297275,0.0767789517297275,0.0767789517297275,0.0767789517297275,0.13448877669377607,0.1570854181313515,0.17839306913678887,0.19405605267919654,0.21339864357247032
32,0.0767789517297275,0.0767789517297275,0.0767789517297275,0.0767789517297275,0.0767789517297275,0.0767789517297275,0.0767789517297275,0.0767789517297275,0.12394456883739223,0.14121591591008203,0.15999569119025375,0.1699299804415047,0.18094406177946284,0.21339864357247032
77,0.0767789517297275,0.0767789517297275,0.0767789517297275,0.0767789517297275,0.0767789517297275,0.0767789517297275,0.0767789517297275,0.0767789517297275,0.12745930478952017,0.08783882259940236,0.11394076038375743,0.1295411047614929,0.14162456624603847,0.21339864357247032
131,0.0767789517297275,0.0767789517297275,0.0767789517297275,0.0767789517297275,0.0767789517297275,0.0767789517297275,0.0767789517297275,0.0767789517297275,0.13097404074164812,0.08343398983273549,0.10616732962187435,0.12156168745182518,0.13213343483585901,0.21339864357247032
