trading_days_to_expiration,-12,-11,-10,-9,-8,-7,-6,-5,-4,-3,-2,-1,0,1,2,3,4,5,6
12,0.09681747842949909,0.09681747842949909,0.09681747842949909,0.09681747842949909,0.09681747842949909,0.09681747842949909,0.09681747842949909,0.09681747842949909,0.12800793502991437,0.1306872305486761,0.13045159461022482,0.13206599438561548,0.13741181763234595,0.13600180962421074,0.14552958029979451,0.14160303700848506,0.16160448183217813,0.15734045532530352,0.17499230023215256
31,0.09681747842949909,0.09681747842949909,0.09681747842949909,0.09681747842949909,0.09681747842949909,0.09681747842949909,0.09681747842949909,0.09681747842949909,0.11060447576771448,0.10633456979581514,0.1285328481534678,0.12676305986088363,0.13805338231995976,0.13906324304302276,0.14851680811383833,0.1518884484815216,0.15822170153592852,0.15855933248135515,0.16493989150516522
66,0.09681747842949909,0.09681747842949909,0.09681747842949909,0.09681747842949909,0.09681747842949909,0.09681747842949909,0.09681747842949909,0.09681747842949909,0.10849482172282973,0.10954996803478363,0.12598400352106154,0.12760989991736685,0.13821512019360563,0.14103926462089547,0.14825807793827733,0.14876038971861227,0.15680752335190287,0.1592854300014344,0.16446384216687684
131,0.09681747842949909,0.09681747842949909,0.09681747842949909,0.09681747842949909,0.09681747842949909,0.09681747842949909,0.09681747842949909,0.09681747842949909,0.09840068431686558,0.11623226188847147,0.11748333314297779,0.1275651013623097,0.1280250747181199,0.13745180355181066,0.1390465894525805,0.14559333292353294,0.14557211712192014,0.15155393829620376,0.16446384216687684
