trading_days_to_expiration,-12,-11,-10,-9,-8,-7,-6,-5,-4,-3,-2,-1,0,1,2,3,4,5,6
13,0.08926538163941099,0.08926538163941099,0.08926538163941099,0.08926538163941099,0.08926538163941099,0.08926538163941099,0.08926538163941099,0.08926538163941099,0.07856470606564397,0.09768006152913455,0.11173119576623108,0.11242747500800934,0.12852128840013607,0.12700122644442227,0.13838333836815034,0.1341137207857316,0.15159833805649026,0.15373725299783259,0.1710015945309164
32,0.08926538163941099,0.08926538163941099,0.08926538163941099,0.08926538163941099,0.08926538163941099,0.08926538163941099,0.08926538163941099,0.08926538163941099,0.06653889781400202,0.10687103178120584,0.11100269639706606,0.10963343661139488,0.1267109944220935,0.1281753616017162,0.13902975526887093,0.1395127766610333,0.15036524896460374,0.15345930619182957,0.1622360104225925
67,0.08926538163941099,0.08926538163941099,0.08926538163941099,0.08926538163941099,0.08926538163941099,0.08926538163941099,0.08926538163941099,0.08926538163941099,0.0923912375177542,0.11606200203327711,0.11684533542703586,0.13087337256610973,0.13269734162286637,0.14284702511226277,0.14257024804394788,0.1515077056352344,0.15022939034585503,0.15735274341203373,0.1622360104225925
132,0.08926538163941099,0.08926538163941099,0.08926538163941099,0.08926538163941099,0.08926538163941099,0.08926538163941099,0.08926538163941099,0.09059051431728593,0.08848909127706328,0.11100145971750305,0.11158816673404694,0.12223901711783602,0.12745006268197412,0.13360174096684677,0.1357624781275455,0.14479904175182526,0.1433553412554211,0.14687198544274999,0.1622360104225925
