trading_days_to_expiration,-9,-8,-7,-6,-5,-4,-3,-2,-1,0,1,2,3,4,5,6,7,8,9,10
5,0.07522428010133517,0.07522428010133517,0.07522428010133517,0.07522428010133517,0.07522428010133517,0.08835731935163248,0.1154662560554872,0.10308656539608649,0.10991976023657794,0.12833466485633743,0.12321623174158314,0.13834202009013663,0.14032758045329005,0.17220698243054317,0.16765189738478625,0.22483291025785895,0.22964502221826338,0.2568293104981991,0.2721723714267893,0.32556245490043345
24,0.07522428010133517,0.07522428010133517,0.07522428010133517,0.07522428010133517,0.07522428010133517,0.10149035860192977,0.11580643792070286,0.09009078146417508,0.1312946000052692,0.14581124794930744,0.142636172374642,0.15775839224622568,0.16029218628180925,0.16876345041089644,0.16603835146571388,0.17690834074563822,0.17757379350372965,0.1879418428379346,0.18685292598533068,0.2066637702476115
59,0.07522428010133517,0.07522428010133517,0.07522428010133517,0.07522428010133517,0.07522428010133517,0.11462339785222708,0.11614661978591853,0.13834459177427866,0.1519090077852939,0.15060940465138248,0.16241497469292468,0.1624927042567651,0.17224444032146308,0.17170879570071867,0.18058133661010278,0.181935071152079,0.1863803239475955,0.18686666832675286,0.19335765922863404,0.2066637702476115
124,0.07522428010133517,0.07522428010133517,0.07522428010133517,0.07522428010133517,0.07522428010133517,0.11512607419027153,0.1160823493279979,0.13211885416225239,0.14271811286162994,0.14535869236441268,0.1537422045726331,0.15458346558538827,0.16088644889678813,0.16275007249910553,0.16657509317257588,0.1684194517188893,0.1730766266019521,0.17258554647047528,0.1776518253096362,0.2066637702476115
