trading_days_to_expiration,-6,-5,-4,-3,-2,-1,0,1,2,3,4
24,0.13922953089966178,0.12984550351746432,0.11107744875306942,0.09230939398867452,0.07354133922427962,0.135346669983575,0.14855034304088366,0.16017264091937944,0.1701781136407132,0.1792539468361094,0.1705416179985999
44,0.13922953089966178,0.1251534898263656,0.1063854350619707,0.08761738029757579,0.09408389949058849,0.13052170259771642,0.14533219815970339,0.15351898649551754,0.16250936622224804,0.17260402230557376,0.1728353781103808
67,0.13922953089966178,0.12046147613526688,0.10169342137087198,0.08292536660647706,0.06686495582893373,0.11650405184315653,0.140080798389614,0.15254553688969838,0.160567852410659,0.1659540977750381,0.1751291382221617
127,0.13453751720856305,0.11576946244416815,0.09700140767977325,0.07823335291537833,0.10110581290625437,0.06520661003274711,0.09754296930872856,0.11433008128044672,0.12870865639342383,0.168247857886819,0.1751291382221617
