trading_days_to_expiration,-12,-11,-10,-9,-8,-7,-6,-5,-4,-3,-2,-1,0,1,2,3,4,5,6
18,0.0974196062351503,0.0974196062351503,0.0974196062351503,0.0974196062351503,0.0974196062351503,0.0974196062351503,0.0974196062351503,0.09958654867018288,0.08729050371070132,0.08765843774162364,0.11377536515760842,0.11392906264249,0.13203935767942662,0.1358113736066348,0.14710309612041367,0.14477765866418352,0.15791106472835256,0.16177928649534082,0.17415266730179293
37,0.0974196062351503,0.0974196062351503,0.0974196062351503,0.0974196062351503,0.0974196062351503,0.0974196062351503,0.0974196062351503,0.10175349110521546,0.10302011488997766,0.1049416645116205,0.12858979561463055,0.12698333778974358,0.14177131814204935,0.14009072361620734,0.1502034605203771,0.1532084770855011,0.16074889480965837,0.16609868275515421,0.17574023049460052
72,0.0974196062351503,0.0974196062351503,0.0974196062351503,0.0974196062351503,0.0974196062351503,0.0974196062351503,0.0974196062351503,0.10392043354024805,0.13023786120510927,0.12806071238332356,0.14173282755093275,0.14176483605775142,0.15077261879135556,0.15135213461547578,0.15856596394573574,0.1597745803427562,0.16781664055845533,0.16530647651842273,0.17437837378695767
137,0.0974196062351503,0.0974196062351503,0.0974196062351503,0.0974196062351503,0.0974196062351503,0.0974196062351503,0.0974196062351503,0.12648251738812868,0.12005205612496932,0.13614932116921416,0.1357409871519454,0.14847932132036742,0.14673869824288074,0.15659540849100867,0.15819083154591004,0.16329045866142308,0.16552132901946198,0.17125272773064432,0.17437837378695767
