trading_days_to_expiration,-8,-7,-6,-5,-4,-3,-2,-1,0,1,2
19,0.05804772530644405,0.05804772530644405,0.05804772530644405,0.05804772530644405,0.05804772530644405,0.05804772530644405,0.05804772530644405,0.05804772530644405,0.09448845131989038,0.11438203146788102,0.12886190765221997
44,0.05804772530644405,0.05804772530644405,0.05804772530644405,0.05804772530644405,0.05804772530644405,0.05804772530644405,0.05804772530644405,0.050755322313416645,0.03568235191618313,0.07468128187339103,0.09376061854163074
98,0.05804772530644405,0.05804772530644405,0.05804772530644405,0.05804772530644405,0.05804772530644405,0.05804772530644405,0.05804772530644405,0.04346291932038924,0.07105164942400402,0.08392192463996337,0.09376061854163074
163,0.05804772530644405,0.05804772530644405,0.05804772530644405,0.05804772530644405,0.05804772530644405,0.05804772530644405,0.05804772530644405,0.04743702353781539,0.07085837529747094,0.10639191614609167,0.09376061854163074
