trading_days_to_expiration,-10,-9,-8,-7,-6,-5,-4,-3,-2,-1,0,1,2,3
3,0.4674644209992702,0.4674644209992702,0.4674644209992702,0.4674644209992702,0.4674644209992702,0.4674644209992702,0.40776135249462586,0.2992614210208645,0.2536701208656602,0.16709997692025483,0.12591339379298885,0.15245242604568615,0.21265122136109,0.24328530788799343
26,0.4674644209992702,0.4674644209992702,0.4674644209992702,0.4674644209992702,0.4674644209992702,0.4525386538731091,0.3806363696261855,0.28786359598206346,0.11898540552199723,0.14001245493883407,0.14966527733313115,0.1592472949440737,0.1682558955986987,0.17963616692993695
86,0.4674644209992702,0.4674644209992702,0.4674644209992702,0.4674644209992702,0.4674644209992702,0.43761288674694804,0.3535113867577452,0.27646577094326236,0.13502359598808308,0.08122525803527827,0.10479667534635985,0.12162584133354166,0.13368650328133086,0.17963616692993695
140,0.4674644209992702,0.4674644209992702,0.4674644209992702,0.4674644209992702,0.4674644209992702,0.422687119620787,0.32638640388930484,0.26506794590446126,0.15106178645416896,0.08061398107467617,0.10167024359191594,0.11352610818319155,0.12182416505581226,0.17963616692993695
