trading_days_to_expiration,-9,-8,-7,-6,-5,-4,-3,-2,-1,0,1,2
2,0.08352111292861109,0.08352111292861109,0.08352111292861109,0.08352111292861109,0.08352111292861109,0.08352111292861109,0.08352111292861109,0.08352111292861109,0.12354102259529333,0.08603802858284394,0.16773708997954118,0.24030667956491417
22,0.08352111292861109,0.08352111292861109,0.08352111292861109,0.08352111292861109,0.08352111292861109,0.08352111292861109,0.08352111292861109,0.08352111292861109,0.1251297754463215,0.13846914661550716,0.1494228739847565,0.16149360155580467
45,0.08352111292861109,0.08352111292861109,0.08352111292861109,0.08352111292861109,0.08352111292861109,0.08352111292861109,0.08352111292861109,0.12036351689323696,0.13566691180360094,0.14893388709095945,0.154872809107431,0.15965099885809708
105,0.08352111292861109,0.08352111292861109,0.08352111292861109,0.08352111292861109,0.08352111292861109,0.08352111292861109,0.08352111292861109,0.12195226974426514,0.08786543934276328,0.10857327562125356,0.12281243984153498,0.15965099885809708
