trading_days_to_expiration,-12,-11,-10,-9,-8,-7,-6,-5,-4,-3,-2,-1,0,1,2,3,4,5,6
16,0.05069941321668221,0.05069941321668221,0.05069941321668221,0.05069941321668221,0.05069941321668221,0.05069941321668221,0.05069941321668221,0.06363769934476171,0.09752236600287535,0.08561079152666247,0.10900603865855166,0.11130374231579207,0.12832111066998445,0.12675615896754885,0.1402854400645324,0.13610261178344407,0.14868689744054578,0.15056688766447118,0.1695151126583783
35,0.05069941321668221,0.05069941321668221,0.05069941321668221,0.05069941321668221,0.05069941321668221,0.05069941321668221,0.05069941321668221,0.07657598547284122,0.09259217427675047,0.09074384779328622,0.11740109423856962,0.11523108040073986,0.13099590890826382,0.1312641010675874,0.1414295338508224,0.14443960471724818,0.1536062296855286,0.1561150357767407,0.16405572527213794
70,0.05069941321668221,0.05069941321668221,0.05069941321668221,0.05069941321668221,0.05069941321668221,0.05069941321668221,0.05069941321668221,0.08951427160092074,0.10595553118831258,0.0991777508710406,0.11849629396202951,0.11931748729663917,0.13414587909321296,0.1331790986939172,0.1455553671372432,0.14472790666067034,0.1512071930996908,0.1515078726217463,0.15771361467271744
135,0.05069941321668221,0.05069941321668221,0.05069941321668221,0.05069941321668221,0.05069941321668221,0.05069941321668221,0.05069941321668221,0.10245255772900023,0.10137791202713452,0.12084886060699276,0.11970728165113988,0.13214557407267158,0.13611986663598527,0.13928711340894945,0.13962782330107432,0.1485489440309678,0.14846319076374892,0.1539502118249994,0.15771361467271744
