trading_days_to_expiration,-7,-6,-5,-4,-3,-2,-1,0,1,2,3,4,5,6,7,8,9,10
22,0.17569153519148803,0.17569153519148803,0.17569153519148803,0.17569153519148803,0.22145835020014745,0.23534431501534983,0.24487396154647367,0.25294514313352046,0.2645430240486635,0.2733761240532518,0.2748479700967571,0.24906081871068583,0.2817219148274228,0.2840639577946876,0.28808016532063785,0.29256605595012697,0.2966657192718974,0.30411465228936396
41,0.17569153519148803,0.17569153519148803,0.17569153519148803,0.17971386632778677,0.21243021587465324,0.22208922655016952,0.23165779555231,0.25326091978070836,0.2599130558798729,0.27299587426493166,0.2754715352445398,0.26457295384891194,0.28254032774756527,0.2844165663581776,0.28973566052012306,0.29315350606538637,0.29812810081752317,0.3063767372524715
59,0.17569153519148803,0.17569153519148803,0.17569153519148803,0.1837361974640855,0.20340208154915904,0.23684271371754487,0.2333132145300144,0.2478051851545597,0.26170586223561315,0.26752147149486594,0.2760951003923225,0.280085088987138,0.28335874066770766,0.28476917492166753,0.2913911557196082,0.2937409561806458,0.299590482363149,0.308638822215579
127,0.17569153519148803,0.17569153519148803,0.17569153519148803,0.12613051615369278,0.17287605495089753,0.19377146871888087,0.20399631090087625,0.21735242495800208,0.22652617882671755,0.23260369970697878,0.23354868357245973,0.2809035019072804,0.2837113492311976,0.2864246701211527,0.2919786058348676,0.2952033377262716,0.3018525673262565,0.308638822215579
