trading_days_to_expiration,-10,-9,-8,-7,-6,-5,-4,-3,-2,-1,0,1,2,3
15,0.13623864967274726,0.13623864967274726,0.13623864967274726,0.13623864967274726,0.13623864967274726,0.13623864967274726,0.13623864967274726,0.13623864967274726,0.13623864967274726,0.15215449849963195,0.17063714919704576,0.1873152885295849,0.1984217596831295,0.21504303413942344
30,0.13623864967274726,0.13623864967274726,0.13623864967274726,0.13623864967274726,0.13623864967274726,0.13623864967274726,0.13623864967274726,0.13623864967274726,0.13603902771056436,0.15706072533974186,0.17008476643643183,0.17874856342259032,0.18888700371551326,0.21504303413942344
75,0.13623864967274726,0.13623864967274726,0.13623864967274726,0.13623864967274726,0.13623864967274726,0.13623864967274726,0.13623864967274726,0.13623864967274726,0.08839393684023063,0.09599682290569407,0.12017992700419433,0.13464103405212904,0.1455567790883167,0.21504303413942344
129,0.13623864967274726,0.13623864967274726,0.13623864967274726,0.13623864967274726,0.13623864967274726,0.13623864967274726,0.13623864967274726,0.13623864967274726,0.040748845969896884,0.09938890688105298,0.11835940671445087,0.13455132147026727,0.14417495959183257,0.21504303413942344
