trading_days_to_expiration,-9,-8,-7,-6,-5,-4,-3,-2,-1,0,1,2,3,4
10,0.08046280498108405,0.08046280498108405,0.08046280498108405,0.08046280498108405,0.08046280498108405,0.08046280498108405,0.08046280498108405,0.0866673633501924,0.1114855968266258,0.12509050864134635,0.15579599333223088,0.17872749767245769,0.20492010542969116,0.22973257807088585
25,0.08046280498108405,0.08046280498108405,0.08046280498108405,0.08046280498108405,0.08046280498108405,0.08046280498108405,0.08046280498108405,0.09287192171930075,0.11885422274373117,0.1378795061971948,0.14834762945415536,0.16116802154338133,0.17359958096936157,0.22973257807088585
70,0.08046280498108405,0.08046280498108405,0.08046280498108405,0.08046280498108405,0.08046280498108405,0.08046280498108405,0.08046280498108405,0.09907648008840911,0.07323036135505798,0.10513393765670534,0.12225738205814425,0.1351050037579649,0.14603391997487203,0.22973257807088585
124,0.08046280498108405,0.08046280498108405,0.08046280498108405,0.08046280498108405,0.08046280498108405,0.08046280498108405,0.08046280498108405,0.10528103845751745,0.08964314043596602,0.11081279085768699,0.1263816586440491,0.13720293808643608,0.14841583003634454,0.22973257807088585
