trading_days_to_expiration,-9,-8,-7,-6,-5,-4,-3,-2,-1,0,1,2,3,4
11,0.08616330741675036,0.08616330741675036,0.08616330741675036,0.08616330741675036,0.08616330741675036,0.08616330741675036,0.08616330741675036,0.08616330741675036,0.10220804379888687,0.11494322243001727,0.14535557237383018,0.1685400014448293,0.1968715846750794,0.2269600189022193
26,0.08616330741675036,0.08616330741675036,0.08616330741675036,0.08616330741675036,0.08616330741675036,0.08616330741675036,0.08616330741675036,0.08616330741675036,0.11825278018102338,0.1384956729433001,0.15680692230576795,0.166158512234587,0.1758101965306273,0.2269600189022193
71,0.08616330741675036,0.08616330741675036,0.08616330741675036,0.08616330741675036,0.08616330741675036,0.08616330741675036,0.08616330741675036,0.08616330741675036,0.07101087411058754,0.10226656548631682,0.12125486738302368,0.13692330232099387,0.1473427186100064,0.2269600189022193
125,0.08616330741675036,0.08616330741675036,0.08616330741675036,0.08616330741675036,0.08616330741675036,0.08616330741675036,0.08616330741675036,0.08616330741675036,0.11039639201883598,0.12623367572079625,0.14006403530283568,0.1511926182917838,0.18715136875611285,0.2269600189022193
