trading_days_to_expiration,-13,-12,-11,-10,-9,-8,-7,-6,-5,-4,-3,-2,-1,0,1,2
22,0.15021020381085864,0.15021020381085864,0.15021020381085864,0.15021020381085864,0.15021020381085864,0.1349835489997667,0.12171097673651139,0.12561914183218467,0.12952730692785794,0.13343547202353123,0.11055189527674811,0.1348758991425682,0.12902539807884403,0.13327581136722405,0.1390980394675841,0.1449514968863467
37,0.15021020381085864,0.15021020381085864,0.15021020381085864,0.15021020381085864,0.15021020381085864,0.12737022159422073,0.12268801801042971,0.126596183106103,0.13050434820177625,0.13441251329744955,0.13522305788428113,0.13955415353392203,0.14129307785024664,0.1440439954393591,0.14909713297886498,0.15316742070267894
82,0.15021020381085864,0.15021020381085864,0.15021020381085864,0.15021020381085864,0.15021020381085864,0.11975689418867475,0.12366505928434803,0.1275732243800213,0.1314813894756946,0.12645897395721573,0.1124002421459963,0.03779824834832084,0.09001316404973796,0.10428476754620572,0.11341343899843759,0.15316742070267894
141,0.15021020381085864,0.15021020381085864,0.15021020381085864,0.15021020381085864,0.14259687640531266,0.12073393546259306,0.12464210055826634,0.12855026565393962,0.13245843074961292,0.11850543461698192,0.08957742640771146,0.10424094165499555,0.1180517983975733,0.125814409303626,0.12918246794239213,0.15316742070267894
