trading_days_to_expiration,-13,-12,-11,-10,-9,-8,-7,-6,-5,-4,-3,-2,-1,0,1,2
5,0.0779260421706165,0.0779260421706165,0.0779260421706165,0.0779260421706165,0.0779260421706165,0.0779260421706165,0.0779260421706165,0.0779260421706165,0.0779260421706165,0.0779260421706165,0.07099780305190964,0.043284846577082224,0.04994294990321109,0.060794636594086654,0.08180263706601701,0.10910352760267443
25,0.0779260421706165,0.0779260421706165,0.0779260421706165,0.0779260421706165,0.0779260421706165,0.0779260421706165,0.0779260421706165,0.0779260421706165,0.0779260421706165,0.0779260421706165,0.06406956393320279,0.03635660745837537,0.07738577058546052,0.08607094592443712,0.08817625753354184,0.095305563786612
50,0.0779260421706165,0.0779260421706165,0.0779260421706165,0.0779260421706165,0.0779260421706165,0.0779260421706165,0.0779260421706165,0.0779260421706165,0.0779260421706165,0.0779260421706165,0.057141324814495936,0.02942836833966852,0.07293044384622385,0.04044750453681215,0.06565591328335117,0.095305563786612
109,0.0779260421706165,0.0779260421706165,0.0779260421706165,0.0779260421706165,0.0779260421706165,0.0779260421706165,0.0779260421706165,0.0779260421706165,0.0779260421706165,0.0779260421706165,0.050213085695789084,0.022500129220961666,0.0684751171069872,0.08119008412924861,0.0873797204430128,0.095305563786612
