trading_days_to_expiration,-14,-13,-12,-11,-10,-9,-8,-7,-6,-5,-4,-3,-2,-1,0,1,2
14,0.12440132646303514,0.12440132646303514,0.12440132646303514,0.12440132646303514,0.12440132646303514,0.12440132646303514,0.12440132646303514,0.12440132646303514,0.11624640164427347,0.09993655200675011,0.08362670236922676,0.0673168527317034,0.050237499259493924,0.07126455588588639,0.07698674526726172,0.08468662359317226,0.09985777174958342
39,0.12440132646303514,0.12440132646303514,0.12440132646303514,0.12440132646303514,0.12440132646303514,0.12440132646303514,0.12440132646303514,0.12440132646303514,0.11216893923489263,0.09585908959736927,0.07954923995984592,0.06323939032232256,0.04577528493277002,0.06144034529602568,0.023546802321614085,0.05222878412154083,0.09985777174958342
98,0.12440132646303514,0.12440132646303514,0.12440132646303514,0.12440132646303514,0.12440132646303514,0.12440132646303514,0.12440132646303514,0.12440132646303514,0.10809147682551179,0.09178162718798843,0.07547177755046508,0.059161927912941725,0.04131307060604612,0.05161613470616497,0.06485844069767555,0.06810511333088837,0.09985777174958342
158,0.12440132646303514,0.12440132646303514,0.12440132646303514,0.12440132646303514,0.12440132646303514,0.12440132646303514,0.12440132646303514,0.1203238640536543,0.10401401441613095,0.0877041647786076,0.07139431514108424,0.05469971358621782,0.03685085627932222,0.06402219694911852,0.07240664081118986,0.0839814425402359,0.09985777174958342
