trading_days_to_expiration,-11,-10,-9,-8,-7,-6,-5,-4,-3,-2,-1,0,1,2,3,4
14,0.12384602788908344,0.12384602788908344,0.12384602788908344,0.12701087722895169,0.13334057590868814,0.1396702745884246,0.14599997326816105,0.13798063558779547,0.1582646379391791,0.1419694418367554,0.13229161775613518,0.1271561483107356,0.13379079130999166,0.14604515513412794,0.1563397126095954,0.1648017056076695
39,0.12384602788908344,0.12384602788908344,0.12384602788908344,0.1285933018988858,0.13492300057862225,0.1412526992583587,0.14758239793809516,0.13478004813769556,0.137669477576159,0.1340181244158639,0.1370502894110022,0.14005008360740392,0.14184111414728265,0.14642555545484132,0.1539946323262078,0.1648017056076695
99,0.12384602788908344,0.12384602788908344,0.12384602788908344,0.1301757265688199,0.13650542524855636,0.1428351239282928,0.14438181048799525,0.1426082447381901,0.1391027989963578,0.06775275221152165,0.0931544177505521,0.107997693132442,0.11776283355823178,0.12385556913314173,0.15759699008669503,0.1648017056076695
158,0.12384602788908344,0.12384602788908344,0.12542845255901755,0.131758151238754,0.13808784991849046,0.14441754859822692,0.14118122303789538,0.15043644133868458,0.14053612041655658,0.07819687419358982,0.09773114579646283,0.10979733266646798,0.12118004401111336,0.12815008558000762,0.16119934784718226,0.1648017056076695
