trading_days_to_expiration,-9,-8,-7,-6,-5,-4,-3,-2,-1,0,1,2,3,4,5,6,7
10,0.07719782120250329,0.07719782120250329,0.07719782120250329,0.07719782120250329,0.07719782120250329,0.07719782120250329,0.08432484362362218,0.08392449184762198,0.09377240805190082,0.09486016790319654,0.10676585266282265,0.11472860127398266,0.1136369366949833,0.11354696503317752,0.11885501414906825,0.11921253404531154,0.1314240132748832
30,0.07719782120250329,0.07719782120250329,0.07719782120250329,0.07719782120250329,0.07719782120250329,0.07719782120250329,0.08788835483418161,0.08702864229857271,0.10370868155517406,0.09693759898687572,0.10851470610939376,0.1074521211425716,0.11406709189945691,0.11306656675264294,0.11894891546390744,0.11872014748495052,0.13478968315457507
95,0.07719782120250329,0.07719782120250329,0.07719782120250329,0.07719782120250329,0.07719782120250329,0.07719782120250329,0.07771619094572049,0.09537132400802882,0.09471676503888156,0.10590281741818246,0.10736292102419304,0.1127766262860361,0.11450776159424665,0.11866721151938986,0.12019730716603358,0.12469267351549947,0.13478968315457507
160,0.07719782120250329,0.07719782120250329,0.07719782120250329,0.07719782120250329,0.07719782120250329,0.08076133241306273,0.08082034139667123,0.06497995681742035,0.08669749032338309,0.09868682973095748,0.10599620994056,0.11320678149050971,0.11402736331371208,0.11876111283422905,0.11970492060567256,0.12805834339519134,0.13478968315457507
