trading_days_to_expiration,-14,-13,-12,-11,-10,-9,-8,-7,-6,-5,-4,-3,-2,-1,0,1
20,0.08032168998212917,0.08032168998212917,0.08032168998212917,0.08032168998212917,0.08032168998212917,0.08032168998212917,0.08032168998212917,0.08032168998212917,0.08032168998212917,0.08032168998212917,0.08032168998212917,0.08032168998212917,0.08032168998212917,0.0935617306113504,0.10261269412238659,0.10684453462148404
45,0.08032168998212917,0.08032168998212917,0.08032168998212917,0.08032168998212917,0.08032168998212917,0.08032168998212917,0.08032168998212917,0.08032168998212917,0.08032168998212917,0.08032168998212917,0.08032168998212917,0.08032168998212917,0.06848905638665241,0.07884216125617982,0.06306250055128591,0.10684453462148404
104,0.08032168998212917,0.08032168998212917,0.08032168998212917,0.08032168998212917,0.08032168998212917,0.08032168998212917,0.08032168998212917,0.08032168998212917,0.08032168998212917,0.08032168998212917,0.08032168998212917,0.08032168998212917,0.05665642279117565,0.06412259190100923,0.07835850240540386,0.10684453462148404
164,0.08032168998212917,0.08032168998212917,0.08032168998212917,0.08032168998212917,0.08032168998212917,0.08032168998212917,0.08032168998212917,0.08032168998212917,0.08032168998212917,0.08032168998212917,0.08032168998212917,0.08032168998212917,0.04482378919569889,0.07213784278821664,0.0841128822698082,0.10684453462148404
