trading_days_to_expiration,-12,-11,-10,-9,-8,-7,-6,-5,-4,-3,-2,-1,0,1,2,3,4
10,0.4986785609885945,0.4986785609885945,0.4986785609885945,0.41321759483250026,0.40769693604474877,0.29507933819000665,0.3384031399684653,0.2571083739310017,0.216905078514727,0.18671227915161048,0.1561229450882052,0.12286864770062585,0.12093325222753672,0.12514247370237466,0.13817080637427498,0.15259577223908263,0.1740510843964078
25,0.4986785609885945,0.4986785609885945,0.4773133194495709,0.4118374301355624,0.37954253658106324,0.30591028863462133,0.3180794484590994,0.24705755007693303,0.20935687867394787,0.1615298127004224,0.15511378577496732,0.15347255209518054,0.15272241697313815,0.15912492202850964,0.16638593760771678,0.18032658524623685,0.1740510843964078
70,0.4986785609885945,0.4986785609885945,0.45594807791054737,0.4104572654386245,0.3513881371173777,0.316741239079236,0.29775575694973355,0.23700672622286437,0.20180867883316875,0.1211900495768869,0.08420358541545402,0.10320783862298367,0.11678638123759646,0.12634221374855453,0.13287108034654163,0.17823475162962715,0.1740510843964078
129,0.4986785609885945,0.4986785609885945,0.43458283637152384,0.40907710074168663,0.3232337376536922,0.32757218952385064,0.27743206544036764,0.2269559023687957,0.19426047899238963,0.08085028645335136,0.10256671050114,0.11298417548311669,0.12333291184395456,0.13075180457263927,0.13873095719138154,0.17614291801301749,0.1740510843964078
