trading_days_to_expiration,-13,-12,-11,-10,-9,-8,-7,-6,-5,-4,-3,-2,-1,0,1,2
7,0.18892062097278298,0.18892062097278298,0.18892062097278298,0.18892062097278298,0.18892062097278298,0.18892062097278298,0.18892062097278298,0.18892062097278298,0.18892062097278298,0.18892062097278298,0.12655807773338684,0.10181104759978206,0.08626545842074744,0.0822671701498709,0.095178432007998,0.11471869993300857
27,0.18892062097278298,0.18892062097278298,0.18892062097278298,0.18892062097278298,0.18892062097278298,0.18892062097278298,0.18892062097278298,0.18892062097278298,0.18892062097278298,0.14486110050356293,0.12045707014332813,0.1054825066614847,0.10107760789786463,0.10144013443830649,0.10143853769392489,0.10448074994791871
52,0.18892062097278298,0.18892062097278298,0.18892062097278298,0.18892062097278298,0.18892062097278298,0.18892062097278298,0.18892062097278298,0.18892062097278298,0.18892062097278298,0.13876009291350422,0.11424172929547943,0.08136407081331086,0.02863003668959463,0.06726845671460847,0.08164781324180141,0.10448074994791871
111,0.18892062097278298,0.18892062097278298,0.18892062097278298,0.18892062097278298,0.18892062097278298,0.18892062097278298,0.18892062097278298,0.18892062097278298,0.18892062097278298,0.13265908532344553,0.10802638844763075,0.05724563496513701,0.0785704392487367,0.09113600607506109,0.09936110868074131,0.10448074994791871
