trading_days_to_expiration,-13,-12,-11,-10,-9,-8,-7,-6,-5,-4,-3,-2,-1,0,1,2
17,0.1202281948470274,0.1202281948470274,0.1202281948470274,0.1202281948470274,0.1202281948470274,0.1202281948470274,0.12545364006106183,0.1359045304891307,0.14635542091719955,0.1568063113452684,0.11651394599989112,0.12732139950424276,0.13455780044523638,0.14021855528811195,0.1488447228008075,0.14844863524608137
32,0.1202281948470274,0.1202281948470274,0.1202281948470274,0.1202281948470274,0.1202281948470274,0.1202281948470274,0.12806636266807905,0.1385172530961479,0.14896814352421678,0.15941903395228563,0.14734181599742852,0.1509580589584927,0.15096632964311885,0.15638061007614568,0.16294830101557944,0.17226226175023968
77,0.1202281948470274,0.1202281948470274,0.1202281948470274,0.1202281948470274,0.1202281948470274,0.1202281948470274,0.13067908527509625,0.14112997570316513,0.15158086613123398,0.14511733796815413,0.10699151866349425,0.07308919348718507,0.10157243837920243,0.11442212212462669,0.12393300571033479,0.17226226175023968
136,0.1202281948470274,0.1202281948470274,0.1202281948470274,0.1202281948470274,0.1202281948470274,0.12284091745404462,0.13329180788211348,0.14374269831018233,0.1541935887382512,0.13081564198402262,0.06664122132955999,0.09751103259969766,0.11221867109879229,0.12532219151755328,0.13310434521897438,0.17226226175023968
