trading_days_to_expiration,-13,-12,-11,-10,-9,-8,-7,-6,-5,-4,-3,-2,-1,0,1,2
1,0.07738020612733276,0.07738020612733276,0.07738020612733276,0.07738020612733276,0.07738020612733276,0.07738020612733276,0.07738020612733276,0.07738020612733276,0.07738020612733276,0.07738020612733276,0.10711812306518846,0.22606979081661124,0.16925407760614464,0.07866430133928246,0.12026480579267138,0.22349876508783229
21,0.07738020612733276,0.07738020612733276,0.07738020612733276,0.07738020612733276,0.07738020612733276,0.07738020612733276,0.07738020612733276,0.07738020612733276,0.07738020612733276,0.07738020612733276,0.13685604000304416,0.1619112943413018,0.08104721844503082,0.09007167154355299,0.09936189850523575,0.10427819040761706
46,0.07738020612733276,0.07738020612733276,0.07738020612733276,0.07738020612733276,0.07738020612733276,0.07738020612733276,0.07738020612733276,0.07738020612733276,0.07738020612733276,0.07738020612733276,0.16659395694089985,0.09775279786599234,0.07415207479002137,0.051191447051544874,0.07307575755559347,0.10427819040761706
105,0.07738020612733276,0.07738020612733276,0.07738020612733276,0.07738020612733276,0.07738020612733276,0.07738020612733276,0.07738020612733276,0.07738020612733276,0.07738020612733276,0.07738020612733276,0.19633187387875556,0.03359430139068288,0.06725693113501192,0.07949880169348321,0.14828726132171288,0.10427819040761706
