trading_days_to_expiration,-13,-12,-11,-10,-9,-8,-7,-6,-5,-4,-3,-2,-1,0,1,2
3,0.07316827615242183,0.07316827615242183,0.07316827615242183,0.07316827615242183,0.07316827615242183,0.07316827615242183,0.07316827615242183,0.07316827615242183,0.07316827615242183,0.07316827615242183,0.07316827615242183,0.07425519608933928,0.07860287583700906,0.06520471997066937,0.10115470381438856,0.14071892604050643
23,0.07316827615242183,0.07316827615242183,0.07316827615242183,0.07316827615242183,0.07316827615242183,0.07316827615242183,0.07316827615242183,0.07316827615242183,0.07316827615242183,0.07316827615242183,0.07316827615242183,0.07534211602625672,0.07968979577392651,0.08572633488101752,0.08928764937241201,0.09550994409092924
48,0.07316827615242183,0.07316827615242183,0.07316827615242183,0.07316827615242183,0.07316827615242183,0.07316827615242183,0.07316827615242183,0.07316827615242183,0.07316827615242183,0.07316827615242183,0.07316827615242183,0.07642903596317417,0.057838133697069076,0.046780472519326106,0.06625828093413048,0.09550994409092924
107,0.07316827615242183,0.07316827615242183,0.07316827615242183,0.07316827615242183,0.07316827615242183,0.07316827615242183,0.07316827615242183,0.07316827615242183,0.07316827615242183,0.07316827615242183,0.07316827615242183,0.07751595590009162,0.03598647162021164,0.06405453418011936,0.07664206078989899,0.09550994409092924
