trading_days_to_expiration,-9,-8,-7,-6,-5,-4,-3,-2,-1,0,1,2,3,4,5,6,7
17,0.07080709360855182,0.07080709360855182,0.07080709360855182,0.07080709360855182,0.07080709360855182,0.07080709360855182,0.07143661249544275,0.08272146896330945,0.08797026891376676,0.08830398399351704,0.10253945930862585,0.09935183844416469,0.10896590413107131,0.1108878750131494,0.12266980257050117,0.12654842496407764,0.1429702277442784
40,0.07080709360855182,0.07080709360855182,0.07080709360855182,0.07080709360855182,0.07080709360855182,0.07080709360855182,0.07175137193888823,0.08804913775379732,0.08190628095633436,0.09438076619701671,0.09974454816497044,0.10361669684812361,0.11044657205818789,0.11334683147597921,0.11888808305312314,0.12328821100102189,0.1429702277442784
82,0.07080709360855182,0.07080709360855182,0.07080709360855182,0.07080709360855182,0.07080709360855182,0.07080709360855182,0.0720661313823337,0.09337680654428519,0.09793460979402854,0.10456627121358325,0.10645213523892029,0.11056911391096227,0.11192723998530446,0.11580578793880904,0.1151063635357451,0.12002799703796613,0.1429702277442784
147,0.07080709360855182,0.07080709360855182,0.07080709360855182,0.07080709360855182,0.07080709360855182,0.0711218530519973,0.07739380017282158,0.05617506304721954,0.08178487169852791,0.10404179084570064,0.10361973007194236,0.10869348268408799,0.11140755749922693,0.11923779525465511,0.12082739424991137,0.13149911239112227,0.1429702277442784
