trading_days_to_expiration,-14,-13,-12,-11,-10,-9,-8,-7,-6,-5,-4,-3,-2,-1,0,1,2
17,0.03742096081123871,0.03742096081123871,0.03742096081123871,0.03742096081123871,0.03742096081123871,0.03742096081123871,0.03742096081123871,0.03742096081123871,0.03742096081123871,0.03742096081123871,0.03742096081123871,0.03742096081123871,0.03742096081123871,0.07368009757768466,0.08510644435363891,0.09110691639353159,0.10091573719100504
42,0.03742096081123871,0.03742096081123871,0.03742096081123871,0.03742096081123871,0.03742096081123871,0.03742096081123871,0.03742096081123871,0.03742096081123871,0.03742096081123871,0.03742096081123871,0.03742096081123871,0.03742096081123871,0.03742096081123871,0.06492728536550524,0.02858161317611703,0.05371456972676951,0.10091573719100504
101,0.03742096081123871,0.03742096081123871,0.03742096081123871,0.03742096081123871,0.03742096081123871,0.03742096081123871,0.03742096081123871,0.03742096081123871,0.03742096081123871,0.03742096081123871,0.03742096081123871,0.03742096081123871,0.03742096081123871,0.056174473153325806,0.06718116259610021,0.06944829221484802,0.10091573719100504
161,0.03742096081123871,0.03742096081123871,0.03742096081123871,0.03742096081123871,0.03742096081123871,0.03742096081123871,0.03742096081123871,0.03742096081123871,0.03742096081123871,0.03742096081123871,0.03742096081123871,0.03742096081123871,0.03742096081123871,0.06347768623927953,0.07270244530617302,0.08518201470292652,0.10091573719100504
