trading_days_to_expiration,-9,-8,-7,-6,-5,-4,-3,-2,-1,0,1,2,3,4,5,6,7
11,0.06904797401892733,0.06904797401892733,0.06904797401892733,0.06904797401892733,0.06904797401892733,0.06904797401892733,0.06904797401892733,0.06877742804408489,0.07846660479555193,0.07168329455845192,0.09387268880141487,0.09680445236024915,0.11283833138212199,0.11995086421765423,0.1404702944507939,0.1475675838567385,0.18120576744793382
34,0.06904797401892733,0.06904797401892733,0.06904797401892733,0.06904797401892733,0.06904797401892733,0.06904797401892733,0.06904797401892733,0.06864215505666367,0.08500897954133169,0.07065570003477503,0.08327402216113089,0.08946925244183808,0.09943688072259126,0.11602743495876566,0.12904959471725908,0.13210475930209875,0.15147782856288863
76,0.06904797401892733,0.06904797401892733,0.06904797401892733,0.06904797401892733,0.06904797401892733,0.06904797401892733,0.06904797401892733,0.06850688206924245,0.09155135428711146,0.09287829019630425,0.10419689240963914,0.10667621371169873,0.11180600997536017,0.1121040056998771,0.11762889498372425,0.11664193474745904,0.12174988967784343
141,0.06904797401892733,0.06904797401892733,0.06904797401892733,0.06904797401892733,0.06904797401892733,0.06904797401892733,0.06891270103150611,0.057681764527679105,0.08605280130417638,0.09914473893951727,0.10674607908675689,0.11171538416947605,0.11587843709650719,0.1262871500753355,0.13259823942023136,0.14892385109769643,0.12174988967784343
