trading_days_to_expiration,-13,-12,-11,-10,-9,-8,-7,-6,-5,-4,-3,-2,-1,0,1,2
21,0.1390847531978372,0.1390847531978372,0.1390847531978372,0.1390847531978372,0.1390847531978372,0.13465176083872282,0.12578577612049413,0.1169197914022654,0.10805380668403668,0.09918782196580796,0.11579019309976057,0.13277229397752957,0.1289798040614856,0.13495960842965837,0.1423255612754263,0.14532493205553645
36,0.1390847531978372,0.1390847531978372,0.1390847531978372,0.1390847531978372,0.1390847531978372,0.13243526465916566,0.12356927994093694,0.11470329522270822,0.1058373105044795,0.1516421366627067,0.14807793732675326,0.14504822358070754,0.14938359850578084,0.15064953773531276,0.15274751281041207,0.15954831635477434
81,0.1390847531978372,0.1390847531978372,0.1390847531978372,0.1390847531978372,0.1390847531978372,0.13021876847960848,0.12135278376137976,0.11248679904315104,0.10362081432492232,0.13969148880839133,0.10813890299857085,0.06808318725855779,0.09381341585510285,0.1097036476482241,0.1184874844324709,0.15954831635477434
140,0.1390847531978372,0.1390847531978372,0.1390847531978372,0.1390847531978372,0.13686825701828,0.1280022723000513,0.11913628758182257,0.11027030286359385,0.10140431814536513,0.12774084095407595,0.06819986867038842,0.09416343069622062,0.10861287117297219,0.12303184483487957,0.12946980891620422,0.15954831635477434
