trading_days_to_expiration,-10,-9,-8,-7,-6,-5,-4,-3,-2,-1,0,1,2,3,4,5,6
6,0.06324859018544576,0.06324859018544576,0.06324859018544576,0.06324859018544576,0.06324859018544576,0.06324859018544576,0.06324859018544576,0.06092580032978489,0.07082137194465188,0.07748587465637836,0.06918023343173844,0.08764924662903968,0.11242841284189978,0.14793470579491766,0.1028217134927522,0.10484842890724043,0.12057751572234213
26,0.06324859018544576,0.06324859018544576,0.06324859018544576,0.06324859018544576,0.06324859018544576,0.06324859018544576,0.06324859018544576,0.05976440540195445,0.0769305526799158,0.07311237183572582,0.08986762766310448,0.08913494241136008,0.0961275260553922,0.09373909094499794,0.10228750688203102,0.10280698780993378,0.12658058070428346
91,0.06324859018544576,0.06324859018544576,0.06324859018544576,0.06324859018544576,0.06324859018544576,0.06324859018544576,0.06324859018544576,0.058603010474124015,0.08623288029768345,0.08413976297876147,0.09692452674096266,0.09932666016534573,0.10395409553220641,0.10389012671419456,0.10893131110185374,0.10857138575845945,0.1124909108623648
156,0.06324859018544576,0.06324859018544576,0.06324859018544576,0.06324859018544576,0.06324859018544576,0.06324859018544576,0.06208719525761533,0.06471219120938794,0.0818593774770309,0.06852741991871987,0.08487784306204028,0.09241162084094545,0.09678965188393852,0.10335592010347339,0.10688987000454708,0.11457445074040079,0.1124909108623648
