trading_days_to_expiration,-12,-11,-10,-9,-8,-7,-6,-5,-4,-3,-2,-1,0,1,2
23,0.07447800911286849,0.07447800911286849,0.07447800911286849,0.07447800911286849,0.07447800911286849,0.07447800911286849,0.07447800911286849,0.07447800911286849,0.07447800911286849,0.07447800911286849,0.07447800911286849,0.08027118662344941,0.09837240734362984,0.09986562091173813,0.1148250630217767
43,0.07447800911286849,0.07447800911286849,0.07447800911286849,0.07447800911286849,0.07447800911286849,0.07447800911286849,0.07447800911286849,0.07447800911286849,0.07447800911286849,0.07447800911286849,0.07592630349051371,0.06749097632218878,0.08773950980325786,0.10360548143924778,0.1148250630217767
88,0.07447800911286849,0.07447800911286849,0.07447800911286849,0.07447800911286849,0.07447800911286849,0.07447800911286849,0.07447800911286849,0.07447800911286849,0.07447800911286849,0.07447800911286849,0.07737459786815895,0.05918689283371139,0.07817841675066921,0.10734534196675741,0.1148250630217767
148,0.07447800911286849,0.07447800911286849,0.07447800911286849,0.07447800911286849,0.07447800911286849,0.07447800911286849,0.07447800911286849,0.07447800911286849,0.07447800911286849,0.07447800911286849,0.07882289224580419,0.07877965008867062,0.08902201883120367,0.11108520249426705,0.1148250630217767
