trading_days_to_expiration,-13,-12,-11,-10,-9,-8,-7,-6,-5,-4,-3,-2,-1,0,1,2,3
19,0.396455654616042,0.396455654616042,0.396455654616042,0.41429789371424786,0.3483165152522269,0.287886612363543,0.2665485018597386,0.24402083796921542,0.20860774629965448,0.17345619565100862,0.15896009685962909,0.14778716180051935,0.13972572483833268,0.1395892213137901,0.1454961573251185,0.15387855199303635,0.15899326747637849
34,0.396455654616042,0.396455654616042,0.40091621439059344,0.39780254909874263,0.33320903953005593,0.2825520847375919,0.2609165858871078,0.23516756505182518,0.19981985863749302,0.16983217095316372,0.16642758205806532,0.1531887034901812,0.14890279718032087,0.15173335711641578,0.1565409920700713,0.16231436590558368,0.16412748233952862
79,0.396455654616042,0.396455654616042,0.40537677416514495,0.3813072044832374,0.31810156380788496,0.2772175571116408,0.255284669914477,0.22631429213443494,0.19103197097533153,0.16620814625531885,0.12226955199341882,0.0844332382781085,0.10385556730008787,0.11744244469519423,0.12467098805060432,0.16120733309584862,0.16412748233952862
138,0.396455654616042,0.396455654616042,0.4098373339396964,0.3648118598677321,0.302994088085714,0.2718830294856897,0.24965275394184622,0.21746101921704472,0.18224408331317007,0.16258412155747398,0.07811152192877231,0.09944640167022108,0.11408989307300285,0.12514355594271936,0.13230392996384016,0.16010030028611355,0.16412748233952862
