trading_days_to_expiration,-9,-8,-7,-6,-5,-4,-3,-2,-1,0,1,2,3,4,5,6,7
9,0.0625257441715334,0.0625257441715334,0.0625257441715334,0.0625257441715334,0.0625257441715334,0.0625257441715334,0.05367882121359,0.07862362440969575,0.06872608212397575,0.07698479851975287,0.09385105217974309,0.11030434359065427,0.11009635846847059,0.10764949878724574,0.11498617588801095,0.11500936728160009,0.12631562610499156
29,0.0625257441715334,0.0625257441715334,0.0625257441715334,0.0625257441715334,0.0625257441715334,0.0625257441715334,0.049255359734618295,0.08473808741565472,0.0882483218697592,0.08865981309051954,0.10217335015202024,0.10219378613217986,0.1090244982276426,0.10634043504791883,0.1138917630818285,0.11395077430948272,0.12880492588912065
94,0.0625257441715334,0.0625257441715334,0.0625257441715334,0.0625257441715334,0.0625257441715334,0.0625257441715334,0.06639469839777784,0.09085255042161368,0.09109700419714521,0.10143587433341363,0.10375940181573254,0.11224007895012655,0.11026762626589956,0.11717500150037588,0.11712655322583485,0.1213370265367334,0.12880492588912065
159,0.0625257441715334,0.0625257441715334,0.0625257441715334,0.0625257441715334,0.0625257441715334,0.0581022826925617,0.0725091614037368,0.0492038423781923,0.08091532872055472,0.09447932550946474,0.10404031227133168,0.11116821870929856,0.10895856252657266,0.11608058869419342,0.11606796025371748,0.12382632632086248,0.12880492588912065
