trading_days_to_expiration,-13,-12,-11,-10,-9,-8,-7,-6,-5,-4,-3,-2,-1,0,1,2,3
20,0.4081948489839458,0.4081948489839458,0.4081948489839458,0.356714233424049,0.3427215493819441,0.2999213326089023,0.25776996188557805,0.24102989600022215,0.20297972836269482,0.1810610638578103,0.15888446982236035,0.13662319415998714,0.13827742599146686,0.1383703994074792,0.1427391214454638,0.1467074972498815,0.15267073495342065
35,0.4081948489839458,0.4081948489839458,0.3953246950939716,0.35321606241352277,0.3320214951886836,0.2893834899280712,0.2535849454142391,0.23151735409084032,0.19750006223647368,0.16770756472803083,0.15414953604234008,0.15279660329337436,0.1510807937582172,0.15559689457018938,0.15966828562764804,0.1642168845016137,0.15267073495342065
80,0.4081948489839458,0.4081948489839458,0.3824545412039974,0.3497178914029966,0.3213214409954232,0.27884564724724015,0.24939992894290008,0.22200481218145848,0.19202039611025257,0.16476653309280734,0.11297895230177683,0.07698647167909048,0.09800495017658183,0.109960478596582,0.12057366334900647,0.16036816798554934,0.15267073495342065
139,0.4081948489839458,0.4081948489839458,0.3695843873140232,0.34621972039247034,0.3106213868021628,0.2683078045664091,0.24521491247156113,0.21249227027207665,0.18654072998403143,0.16182550145758384,0.07180836856121359,0.09659726454210299,0.11167899723275272,0.12339590567812991,0.13174069695393256,0.156519451469485,0.15267073495342065
