trading_days_to_expiration,-13,-12,-11,-10,-9,-8,-7,-6,-5,-4,-3,-2,-1,0,1
23,0.13682125268685952,0.13682125268685952,0.13682125268685952,0.13682125268685952,0.13682125268685952,0.1327149091503157,0.12450222207722808,0.11628953500414047,0.10807684793105285,0.09986416085796523,0.11898823675957415,0.11566851242248609,0.12321166819835545,0.13163351984014132,0.1391157050689264
38,0.13682125268685952,0.13682125268685952,0.13682125268685952,0.13682125268685952,0.13682125268685952,0.1306617373820438,0.12244905030895618,0.11423636323586855,0.10602367616278094,0.09781098908969332,0.12604731931620108,0.1316288102153221,0.13641048444783546,0.14131752778265663,0.14567703865322426
83,0.13682125268685952,0.13682125268685952,0.13682125268685952,0.13682125268685952,0.13682125268685952,0.1286085656137719,0.12039587854068427,0.11218319146759666,0.10397050439450903,0.10487007164632026,0.12258771701829609,0.05920195361377769,0.0931007766968221,0.10825934497457068,0.14567703865322426
142,0.13682125268685952,0.13682125268685952,0.13682125268685952,0.13682125268685952,0.1347680809185876,0.1265553938455,0.11834270677241238,0.11013001969932475,0.10191733262623713,0.1119291542029472,0.11912811472039109,0.08458284252718161,0.10504802505049692,0.11937314124794808,0.14567703865322426
