trading_days_to_expiration,-9,-8,-7,-6,-5,-4,-3,-2,-1,0,1,2,3,4,5,6,7
18,0.07507438746248446,0.07507438746248446,0.07507438746248446,0.07507438746248446,0.07507438746248446,0.07507438746248446,0.07594290860975389,0.0863276895483707,0.09077680581440309,0.08744878437489872,0.10173430485440646,0.10074848493861341,0.10970126339280091,0.11101771124766213,0.1232904224958211,0.1246765627050524,0.14158517174957783
41,0.07507438746248446,0.07507438746248446,0.07507438746248446,0.07507438746248446,0.07507438746248446,0.07507438746248446,0.07637716918338862,0.09108581944404438,0.07993288913559837,0.09333233637671383,0.09865072433855425,0.10364876642042628,0.11106034375539788,0.11396393593859797,0.11923205373803891,0.12264072287396686,0.14158517174957783
83,0.07507438746248446,0.07507438746248446,0.07507438746248446,0.07507438746248446,0.07507438746248446,0.07507438746248446,0.07681142975702333,0.09584394933971807,0.0958599459792859,0.10649696881695864,0.10872557716316981,0.11163516922011907,0.11241942411799484,0.1169101606295338,0.11517368498025671,0.12060488304288133,0.14158517174957783
148,0.07507438746248446,0.07507438746248446,0.07507438746248446,0.07507438746248446,0.07507438746248446,0.07550864803611917,0.08156955965269702,0.04927850745090484,0.08184534090029946,0.104149951187954,0.10363818803686627,0.1076470339919735,0.11171856768282848,0.12010029156267746,0.11992512384265455,0.13109502739622958,0.14158517174957783
