trading_days_to_expiration,-11,-10,-9,-8,-7,-6,-5,-4,-3,-2,-1,0,1,2,3,4
5,0.06243822057031523,0.06243822057031523,0.06243822057031523,0.06243822057031523,0.06243822057031523,0.06243822057031523,0.06243822057031523,0.06243822057031523,0.06243822057031523,0.0725754690805946,0.0870532045247758,0.09779153298629341,0.11142954556388714,0.13730157284714212,0.1704039659682073,0.20751816442771565
30,0.06243822057031523,0.06243822057031523,0.06243822057031523,0.06243822057031523,0.06243822057031523,0.06243822057031523,0.06243822057031523,0.06243822057031523,0.06243822057031523,0.07764409333573428,0.10186623543477362,0.1109679827727497,0.11858425611755269,0.1262192610750068,0.13162345812235554,0.13775606666583495
90,0.06243822057031523,0.06243822057031523,0.06243822057031523,0.06243822057031523,0.06243822057031523,0.06243822057031523,0.06243822057031523,0.06243822057031523,0.06243822057031523,0.058050421400807295,0.0742203030476096,0.09046632664808167,0.10293391034171803,0.11291452056145455,0.15692169355747557,0.13775606666583495
149,0.06243822057031523,0.06243822057031523,0.06243822057031523,0.06243822057031523,0.06243822057031523,0.06243822057031523,0.06243822057031523,0.06243822057031523,0.06750684482545491,0.0384567494658803,0.07494988295060748,0.09017493662279709,0.10278239304394594,0.11155525174339545,0.18221992899259562,0.13775606666583495
