trading_days_to_expiration,-10,-9,-8,-7,-6,-5,-4,-3,-2,-1,0,1,2,3,4
8,0.07732607515578432,0.07732607515578432,0.07732607515578432,0.07732607515578432,0.07732607515578432,0.07732607515578432,0.07732607515578432,0.07732607515578432,0.07732607515578432,0.1068769882379534,0.10615339712658514,0.11823955279922983,0.13598997047737343,0.162729972230512,0.18488198981599224
33,0.07732607515578432,0.07732607515578432,0.07732607515578432,0.07732607515578432,0.07732607515578432,0.07732607515578432,0.07732607515578432,0.07732607515578432,0.07732607515578432,0.09553441118481937,0.11099157148132922,0.11978573943444075,0.12590392944863452,0.13242553539847463,0.14082333960985635
93,0.07732607515578432,0.07732607515578432,0.07732607515578432,0.07732607515578432,0.07732607515578432,0.07732607515578432,0.07732607515578432,0.07732607515578432,0.08717637951650735,0.05317425834975438,0.07728365569526086,0.0938568434844401,0.10423106958799072,0.11218281083775011,0.14082333960985635
152,0.07732607515578432,0.07732607515578432,0.07732607515578432,0.07732607515578432,0.07732607515578432,0.07732607515578432,0.07732607515578432,0.07732607515578432,0.09702668387723037,0.0558571061604732,0.07877629364204539,0.09311003569979401,0.1034206005154089,0.11180493244041063,0.14082333960985635
