trading_days_to_expiration,-9,-8,-7,-6,-5,-4,-3,-2,-1,0,1,2,3,4,5,6,7
8,0.04059966171984322,0.04059966171984322,0.04059966171984322,0.04059966171984322,0.04059966171984322,0.04059966171984322,0.04059966171984322,0.040835368703372094,0.07356241780289877,0.06945779309552229,0.09795533766473244,0.09988042004800543,0.12144663436966732,0.12818963341880743,0.1585435978641687,0.16326377855574148,0.18991658948535958
31,0.04059966171984322,0.04059966171984322,0.04059966171984322,0.04059966171984322,0.04059966171984322,0.04059966171984322,0.04059966171984322,0.040953222195136536,0.07742868315633604,0.06815385520165301,0.08054713278405135,0.08974166711466507,0.10241450945743635,0.11767537228386316,0.13594945241663367,0.13769589952349676,0.15480647168151174
73,0.04059966171984322,0.04059966171984322,0.04059966171984322,0.04059966171984322,0.04059966171984322,0.04059966171984322,0.04059966171984322,0.04107107568690097,0.08129494850977331,0.08273479873254434,0.09723865768890612,0.09796949918487625,0.10590098867419609,0.1071611111489189,0.11335530696909867,0.112128020491252,0.11969635387766386
138,0.04059966171984322,0.04059966171984322,0.04059966171984322,0.04059966171984322,0.04059966171984322,0.04059966171984322,0.04071751521160766,0.057316746744899866,0.07469262147111955,0.09343181764731608,0.1023720921535868,0.1105196413452877,0.11704531104650176,0.13285235450654378,0.13830954276242008,0.1510223049883058,0.11969635387766386
