trading_days_to_expiration,-12,-11,-10,-9,-8,-7,-6,-5,-4,-3,-2,-1,0,1,2,3
16,0.09752598172313837,0.09752598172313837,0.09752598172313837,0.09752598172313837,0.09752598172313837,0.09752598172313837,0.09752598172313837,0.09752598172313837,0.09752598172313837,0.09752598172313837,0.09752598172313837,0.1002472128358698,0.1104055382167616,0.10997335024811887,0.12223974772142639,0.13438445256328002
36,0.09752598172313837,0.09752598172313837,0.09752598172313837,0.09752598172313837,0.09752598172313837,0.09752598172313837,0.09752598172313837,0.09752598172313837,0.09752598172313837,0.09752598172313837,0.09820628950132122,0.09437612949719343,0.10733739162755837,0.11252248991665223,0.1249446227441112,0.13438445256328002
81,0.09752598172313837,0.09752598172313837,0.09752598172313837,0.09752598172313837,0.09752598172313837,0.09752598172313837,0.09752598172313837,0.09752598172313837,0.09752598172313837,0.09752598172313837,0.09888659727950408,0.07981105225094456,0.09428240993674303,0.10323240269278597,0.10917823968746583,0.13438445256328002
141,0.09752598172313837,0.09752598172313837,0.09752598172313837,0.09752598172313837,0.09752598172313837,0.09752598172313837,0.09752598172313837,0.09752598172313837,0.09752598172313837,0.09752598172313837,0.09956690505768695,0.09510829523385309,0.061387515328732475,0.07617680740332308,0.12178134612537292,0.13438445256328002
