trading_days_to_expiration,-12,-11,-10,-9,-8,-7,-6,-5,-4,-3,-2,-1,0,1,2,3,4
15,0.07058108855591913,0.07058108855591913,0.07058108855591913,0.07058108855591913,0.07058108855591913,0.07058108855591913,0.07058108855591913,0.07058108855591913,0.07058108855591913,0.07058108855591913,0.16749588990928108,0.13161560750994772,0.11572159218644688,0.12173744107248245,0.135719914112319,0.14914261160150047,0.1576464733689078
35,0.07058108855591913,0.07058108855591913,0.07058108855591913,0.07058108855591913,0.07058108855591913,0.07058108855591913,0.07058108855591913,0.07058108855591913,0.07058108855591913,0.07058108855591913,0.13736860557664154,0.1249128560394958,0.12136266189163271,0.12533109082110178,0.13080136055962174,0.1512685770433523,0.1576464733689078
60,0.07058108855591913,0.07058108855591913,0.07058108855591913,0.07058108855591913,0.07058108855591913,0.07058108855591913,0.07058108855591913,0.07058108855591913,0.07058108855591913,0.07058108855591913,0.04754248521841118,0.08329981990025179,0.09804214792985132,0.10983549761191028,0.11749830054811988,0.15339454248520412,0.1576464733689078
119,0.07058108855591913,0.07058108855591913,0.07058108855591913,0.07058108855591913,0.07058108855591913,0.07058108855591913,0.07058108855591913,0.07058108855591913,0.07058108855591913,0.07058108855591913,0.09278351846938958,0.10446742289509543,0.11389551525994512,0.12269974800813044,0.12932414288201802,0.15552050792705596,0.1576464733689078
