trading_days_to_expiration,-9,-8,-7,-6,-5,-4,-3,-2,-1,0,1,2,3,4,5,6,7
13,0.5766338922977687,0.5766338922977687,0.5766338922977687,0.5766338922977687,0.5766338922977687,0.5766338922977687,0.25313774978577164,0.0755521370658797,0.09773264640913662,0.09863097294920908,0.10230506569000831,0.11637139327127624,0.11060247567168993,0.11366482415542159,0.11698199050842904,0.11937466595132344,0.12972514676237307
33,0.5766338922977687,0.5766338922977687,0.5766338922977687,0.5766338922977687,0.5766338922977687,0.5766338922977687,0.09138967852977309,0.09166872921370155,0.10211285888123507,0.09786381960790508,0.10879321397598614,0.10743076272128692,0.11267364238854748,0.11444010509067794,0.11924652807455138,0.12094723543697705,0.1361917052900541
98,0.5766338922977687,0.5766338922977687,0.5766338922977687,0.5766338922977687,0.5766338922977687,0.5766338922977687,0.0832104895331541,0.08355809463319931,0.09735641005182431,0.09697262954426544,0.10616188687551965,0.10646014223797486,0.11211426228490891,0.11245291537618438,0.11622952698001623,0.116792029707011,0.1208594214863252
163,0.5766338922977687,0.5766338922977687,0.5766338922977687,0.5766338922977687,0.5766338922977687,0.4148858210417702,0.07938131329951689,0.06953887193007847,0.08653739881702184,0.09799602931613946,0.10473998461982373,0.1085313089548324,0.11288954322016526,0.11471745294230672,0.11780209646566984,0.12325858823469203,0.1208594214863252
