trading_days_to_expiration,-10,-9,-8,-7,-6,-5,-4,-3,-2,-1,0,1,2,3,4,5,6
2,0.08684436239588836,0.08684436239588836,0.08684436239588836,0.08684436239588836,0.08684436239588836,0.08684436239588836,0.08684436239588836,0.08684436239588836,0.08060328793733591,0.07578565437585388,0.054083716942100145,0.13484745425177622,0.1983300985134997,0.10384451854659961,0.11133263904318254,0.11123552873436755,0.12252076203671697
22,0.08684436239588836,0.08684436239588836,0.08684436239588836,0.08684436239588836,0.08684436239588836,0.08684436239588836,0.08684436239588836,0.08684436239588836,0.0774827507080597,0.0773322158291777,0.0936856448729362,0.096058791672964,0.1021616866651339,0.10157790736302412,0.1104569650879868,0.11175234988268139,0.12612175539542556
87,0.08684436239588836,0.08684436239588836,0.08684436239588836,0.08684436239588836,0.08684436239588836,0.08684436239588836,0.08684436239588836,0.08684436239588836,0.08428118985946481,0.0991331489070707,0.10418346233674315,0.1073212717123133,0.1083777409137506,0.11308398695357401,0.11020188643773988,0.1153187753192998,0.12612175539542556
152,0.08684436239588836,0.08684436239588836,0.08684436239588836,0.08684436239588836,0.08684436239588836,0.08684436239588836,0.08684436239588836,0.08372382516661214,0.07423909292253006,0.09063102936462207,0.10215858070573186,0.10575022752601958,0.10611112973017511,0.11220831299837827,0.11071870758605372,0.11891976867800838,0.12612175539542556
