trading_days_to_expiration,-12,-11,-10,-9,-8,-7,-6,-5,-4,-3,-2,-1,0,1,2,3
8,0.5543532390331292,0.5543532390331292,0.5543532390331292,0.5736813163282192,0.4478372000633824,0.45214711331912694,0.35770326142362385,0.3063378114526228,0.23658163758639483,0.21096838066389068,0.14838933239562976,0.1180413823335533,0.12331984581401707,0.13141692427539353,0.14489826931059013,0.1658491144985168
23,0.5543532390331292,0.5543532390331292,0.5591852583569017,0.54222028726201,0.4489146783773185,0.42853615034525117,0.3448618989308736,0.2888987679860658,0.2301783233557688,0.16687287059932035,0.15249959465171428,0.14833014513408976,0.15003463541962428,0.16191674510775905,0.16683967644810266,0.17620244966539597
68,0.5543532390331292,0.5543532390331292,0.5640172776806742,0.5107592581958008,0.4499921566912547,0.4049251873713754,0.33202053643812335,0.27145972451950884,0.22377500912514275,0.1273302594022487,0.07873144164640278,0.1012940226367415,0.11572036214036882,0.12335504489319868,0.13050200538220635,0.17620244966539597
127,0.5543532390331292,0.5543532390331292,0.5688492970044466,0.4792982291295916,0.4510696350051908,0.3813142243974996,0.31917917394537304,0.25402068105295184,0.21737169489451671,0.08778764820517708,0.10493838312174233,0.11686388226466592,0.12656884722037193,0.13752480495287853,0.14008293773636377,0.17620244966539597
