trading_days_to_expiration,-9,-8,-7,-6,-5,-4,-3,-2,-1,0,1,2,3,4,5,6,7
5,0.07598116420506257,0.07598116420506257,0.07598116420506257,0.07598116420506257,0.07598116420506257,0.07598116420506257,0.07598116420506257,0.07598116420506257,0.08523320549879457,0.08884891880353625,0.10000977001716234,0.10343065836433332,0.12255199907551653,0.12780457736080544,0.16610807104141673,0.16258576573367448,0.21466886445101468
28,0.07598116420506257,0.07598116420506257,0.07598116420506257,0.07598116420506257,0.07598116420506257,0.07598116420506257,0.07598116420506257,0.07598116420506257,0.0686716684392148,0.08303924700501938,0.09334110256537914,0.10280350482442151,0.11202572769296532,0.1183687874499396,0.13738470742092496,0.1383946017499649,0.21466886445101468
70,0.07598116420506257,0.07598116420506257,0.07598116420506257,0.07598116420506257,0.07598116420506257,0.07598116420506257,0.07598116420506257,0.07598116420506257,0.07386377696531496,0.09322953838789586,0.0932235639989012,0.10087774603689209,0.10149945631041409,0.10893299753907376,0.10866134380043316,0.11420343776625531,0.21466886445101468
135,0.07598116420506257,0.07598116420506257,0.07598116420506257,0.07598116420506257,0.07598116420506257,0.07598116420506257,0.07598116420506257,0.08060718485192857,0.06859033322902398,0.0905085217460137,0.10085080331669175,0.10818659589102228,0.11465201683560977,0.13752053429024524,0.13562355476705382,0.164436151108635,0.21466886445101468
