trading_days_to_expiration,-12,-11,-10,-9,-8,-7,-6,-5,-4,-3,-2,-1,0,1,2,3
5,0.6781587089818844,0.6781587089818844,0.644769610876692,0.5217125220248152,0.5203302539610677,0.4214268252407114,0.32252339652035517,0.23607517796086222,0.2529544465364229,0.2063112144930565,0.14110654284184015,0.10652607445673926,0.10850357603565612,0.11755238097242322,0.15597336115692995,0.1883664147356326
20,0.6781587089818844,0.6698114344555863,0.6140053386637229,0.5213669550088783,0.4956043967809786,0.3967009680606224,0.3009113418804819,0.24029499510475238,0.2412936385255813,0.1851507440464147,0.15486712439530492,0.14678481977274638,0.14732555066560352,0.15406242147396243,0.16452977965955165,0.173483476650458
65,0.6781587089818844,0.6614641599292882,0.5832410664507537,0.5210213879929415,0.47087853960088955,0.3719751108805333,0.2792992872406087,0.24451481224864258,0.2296328305147397,0.13263340394367168,0.06696310594974655,0.09260434955090624,0.10827654642735153,0.11694382684957787,0.12522865723732077,0.173483476650458
124,0.6781587089818844,0.6531168854029901,0.5524767942377844,0.5206758209770046,0.44615268242080053,0.34724925370044424,0.25768723260073545,0.24873462939253274,0.2179720225038981,0.08011606384092863,0.10011714797923023,0.11272159948671376,0.12362369403528489,0.13146809479166655,0.13715450310584884,0.173483476650458
