trading_days_to_expiration,-14,-13,-12,-11,-10,-9,-8,-7,-6,-5,-4,-3,-2,-1,0,1,2
15,0.05838102915351706,0.05838102915351706,0.05838102915351706,0.05838102915351706,0.05838102915351706,0.05838102915351706,0.05838102915351706,0.05838102915351706,0.05838102915351706,0.05838102915351706,0.05838102915351706,0.05838102915351706,0.05204424865248969,0.07598710264906147,0.08316708727477386,0.08886851676678992,0.09923122560326818
40,0.05838102915351706,0.05838102915351706,0.05838102915351706,0.05838102915351706,0.05838102915351706,0.05838102915351706,0.05838102915351706,0.05838102915351706,0.05838102915351706,0.05838102915351706,0.05838102915351706,0.05838102915351706,0.048875858401976,0.06440814835751985,0.03092951165480851,0.0534605262738914,0.09923122560326818
99,0.05838102915351706,0.05838102915351706,0.05838102915351706,0.05838102915351706,0.05838102915351706,0.05838102915351706,0.05838102915351706,0.05838102915351706,0.05838102915351706,0.05838102915351706,0.05838102915351706,0.05838102915351706,0.045707468151462316,0.05282919406597821,0.06561268771790085,0.06871742605035032,0.09923122560326818
159,0.05838102915351706,0.05838102915351706,0.05838102915351706,0.05838102915351706,0.05838102915351706,0.05838102915351706,0.05838102915351706,0.05838102915351706,0.05838102915351706,0.05838102915351706,0.05838102915351706,0.055212638903003375,0.04253907790094863,0.06302678847808418,0.07280719238113413,0.08397432582680925,0.09923122560326818
