trading_days_to_expiration,-12,-11,-10,-9,-8,-7,-6,-5,-4,-3,-2,-1,0,1,2
21,0.07592578732919184,0.07592578732919184,0.07592578732919184,0.07592578732919184,0.07592578732919184,0.07592578732919184,0.07592578732919184,0.07592578732919184,0.07592578732919184,0.07592578732919184,0.07592578732919184,0.07195040799872746,0.09522656454754169,0.094928959177309,0.10836881396213335
41,0.07592578732919184,0.07592578732919184,0.07592578732919184,0.07592578732919184,0.07592578732919184,0.07592578732919184,0.07592578732919184,0.07592578732919184,0.07592578732919184,0.07592578732919184,0.07493194249657574,0.06756526082293868,0.08702051879395373,0.09780227652260595,0.10836881396213335
86,0.07592578732919184,0.07592578732919184,0.07592578732919184,0.07592578732919184,0.07592578732919184,0.07592578732919184,0.07592578732919184,0.07592578732919184,0.07592578732919184,0.07592578732919184,0.07393809766395965,0.05753864586511713,0.07595509996146733,0.08422586225165225,0.10836881396213335
146,0.07592578732919184,0.07592578732919184,0.07592578732919184,0.07592578732919184,0.07592578732919184,0.07592578732919184,0.07592578732919184,0.07592578732919184,0.07592578732919184,0.07592578732919184,0.07294425283134355,0.07638260520632942,0.04206823687187496,0.09629733810689281,0.10836881396213335
