trading_days_to_expiration,-9,-8,-7,-6,-5,-4,-3,-2,-1,0,1,2,3,4,5,6,7
11,0.08418242115608798,0.08418242115608798,0.08418242115608798,0.08418242115608798,0.08418242115608798,0.08418242115608798,0.08418242115608798,0.07769418762541945,0.06333321590021758,0.08883087197406185,0.10918501132826243,0.11682583962172495,0.10862320838578804,0.11047926772189703,0.11499692972873687,0.11683674065772423,0.1305355766587217
31,0.08418242115608798,0.08418242115608798,0.08418242115608798,0.08418242115608798,0.08418242115608798,0.08418242115608798,0.08418242115608798,0.08378015653750984,0.09852389140300913,0.09610480024429117,0.10818979244247919,0.1131311897038323,0.11363229787278697,0.11327612760721578,0.11951789643557476,0.1198399177238141,0.14001426840121753
96,0.08418242115608798,0.08418242115608798,0.08418242115608798,0.08418242115608798,0.08418242115608798,0.08418242115608798,0.06552224980123866,0.06890866131448885,0.087021602883632,0.08837382470416608,0.09876551246501479,0.09860502941179018,0.10488554795125953,0.1059549963150611,0.11083038652554449,0.11157819317373002,0.1171715230106681
161,0.08418242115608798,0.08418242115608798,0.08418242115608798,0.08418242115608798,0.08418242115608798,0.08418242115608798,0.07160821871332905,0.05494401826095892,0.08197143697054488,0.0924134010756107,0.1000754192903223,0.10361411889878912,0.10768240783657827,0.11047596302189898,0.11383356359163435,0.12105688491622586,0.1171715230106681
