trading_days_to_expiration,-12,-11,-10,-9,-8,-7,-6,-5,-4,-3,-2,-1,0,1,2,3,4
9,0.16255948523200087,0.16255948523200087,0.16255948523200087,0.16255948523200087,0.16255948523200087,0.16255948523200087,0.16255948523200087,0.16255948523200087,0.16255948523200087,0.16255948523200087,0.11818533906774524,0.10927603337780814,0.10556218475091325,0.11743330302387947,0.12942721435542842,0.14960867999585978,0.17406146902251465
24,0.16255948523200087,0.16255948523200087,0.16255948523200087,0.16255948523200087,0.16255948523200087,0.16255948523200087,0.16255948523200087,0.16255948523200087,0.16255948523200087,0.16255948523200087,0.15152225926906135,0.14894087453928015,0.1479403397071616,0.1563877896368414,0.1679018330321266,0.17169336992905213,0.17406146902251465
69,0.16255948523200087,0.16255948523200087,0.16255948523200087,0.16255948523200087,0.16255948523200087,0.16255948523200087,0.16255948523200087,0.16255948523200087,0.16255948523200087,0.123703952049215,0.08163713573671075,0.10136775590807626,0.11461926713067029,0.12410969459707238,0.1320813093094521,0.17248273629353963,0.17406146902251465
128,0.16255948523200087,0.16255948523200087,0.16255948523200087,0.16255948523200087,0.16255948523200087,0.16255948523200087,0.16255948523200087,0.16255948523200087,0.16255948523200087,0.08484841886642913,0.10347955738142083,0.1166090086291852,0.1239569210162756,0.13275342773367596,0.13918581436890934,0.17327210265802714,0.17406146902251465
