trading_days_to_expiration,-13,-12,-11,-10,-9,-8,-7,-6,-5,-4,-3,-2,-1,0,1,2,3
9,0.1429789681313951,0.1429789681313951,0.1429789681313951,0.1429789681313951,0.1429789681313951,0.1429789681313951,0.1429789681313951,0.1429789681313951,0.1429789681313951,0.1429789681313951,0.1952014710991989,0.13800883030975572,0.10648510761090804,0.09010387315003585,0.09821337352363148,0.10725535710077765,0.12115433684970016
29,0.1429789681313951,0.1429789681313951,0.1429789681313951,0.1429789681313951,0.1429789681313951,0.1429789681313951,0.1429789681313951,0.1429789681313951,0.1429789681313951,0.1429789681313951,0.12049351693841492,0.11051407368180677,0.10759501166403188,0.11240455172203055,0.11402922822707989,0.11073010203800827,0.12115433684970016
54,0.1429789681313951,0.1429789681313951,0.1429789681313951,0.1429789681313951,0.1429789681313951,0.1429789681313951,0.1429789681313951,0.1429789681313951,0.1429789681313951,0.16038646912066304,0.12633195472886186,0.09650889018061991,0.06113105968868388,0.08298165107680712,0.09750465755277944,0.1142048469752389,0.12115433684970016
113,0.1429789681313951,0.1429789681313951,0.1429789681313951,0.1429789681313951,0.1429789681313951,0.1429789681313951,0.1429789681313951,0.1429789681313951,0.1429789681313951,0.17779397010993095,0.1321703925193088,0.08250370667943305,0.09541920348695229,0.10543774251659127,0.11271138278837699,0.11767959191246953,0.12115433684970016
