trading_days_to_expiration,-9,-8,-7,-6,-5,-4,-3,-2,-1,0,1,2,3,4,5,6,7
6,0.041189953212760685,0.041189953212760685,0.041189953212760685,0.041189953212760685,0.041189953212760685,0.041189953212760685,0.041189953212760685,0.041189953212760685,0.07851704435880143,0.08355330329076603,0.11351275195295839,0.11314501120977234,0.14551247221884397,0.14778996647825102,0.17430052390336886,0.17949793682666693,0.22134948074106003
29,0.041189953212760685,0.041189953212760685,0.041189953212760685,0.041189953212760685,0.041189953212760685,0.041189953212760685,0.041189953212760685,0.041189953212760685,0.0784937157980999,0.07086999283317869,0.08788795687481067,0.09961355159410212,0.1080700357082572,0.12664960903958805,0.14344535588653395,0.1457483156616018,0.169900153205364
71,0.041189953212760685,0.041189953212760685,0.041189953212760685,0.041189953212760685,0.041189953212760685,0.041189953212760685,0.041189953212760685,0.041189953212760685,0.07847038723739837,0.0818680328002427,0.09606927426677338,0.09816974700524267,0.10559612285310467,0.10550925160092509,0.11259018786969907,0.11199869449653667,0.11845082566966794
136,0.041189953212760685,0.041189953212760685,0.041189953212760685,0.041189953212760685,0.041189953212760685,0.041189953212760685,0.041189953212760685,0.059853498785781056,0.07635698678659401,0.09438051950054108,0.1035099263746481,0.11055684599279676,0.12669304466567785,0.139904887752147,0.146044062348183,0.16667408761879834,0.11845082566966794
