trading_days_to_expiration,-13,-12,-11,-10,-9,-8,-7,-6,-5,-4,-3,-2,-1,0,1,2
24,0.48954786537020023,0.48954786537020023,0.48954786537020023,0.48954786537020023,0.48954786537020023,0.42944841271312606,0.36934896005605194,0.3092495073989778,0.24915005474190363,0.1890506020848295,0.12895114942775532,0.10333369062561339,0.11692732025745725,0.12474212088471318,0.1298248085030305,0.1361025693738651
39,0.48954786537020023,0.48954786537020023,0.48954786537020023,0.48954786537020023,0.4745230022059317,0.4144235495488575,0.3543240968917834,0.29422464423470923,0.23412519157763512,0.17402573892056095,0.11392628626348676,0.1215436964792978,0.12802558467886202,0.13411352101923846,0.1379340673594021,0.1361025693738651
84,0.48954786537020023,0.48954786537020023,0.48954786537020023,0.48954786537020023,0.45949813904166315,0.399398686384589,0.33929923372751486,0.27919978107044074,0.21910032841336657,0.1590008757562924,0.11039542105086231,0.07691265901990287,0.09940969981557307,0.11526557116305106,0.13732356803088977,0.1361025693738651
143,0.48954786537020023,0.48954786537020023,0.48954786537020023,0.48954786537020023,0.4444732758773946,0.3843738232203205,0.3242743705632463,0.2641749179061722,0.20407546524909803,0.14397601259202386,0.10686455583823784,0.08222670099696687,0.10064800001839128,0.11482617512743555,0.13671306870237745,0.1361025693738651
