trading_days_to_expiration,-9,-8,-7,-6,-5,-4,-3,-2,-1,0,1,2,3,4,5,6,7
4,0.0399750875200382,0.0399750875200382,0.0399750875200382,0.0399750875200382,0.0399750875200382,0.0399750875200382,0.09135326019789262,0.10751852671550408,0.09752155801826384,0.08266204520679808,0.10283020424595013,0.1079150627529031,0.15050123522009157,0.15575289256892602,0.2018949568912483,0.19141313362323004,0.2650707677026971
19,0.0399750875200382,0.0399750875200382,0.0399750875200382,0.0399750875200382,0.0399750875200382,0.0399750875200382,0.10008439020107317,0.10909463591149282,0.10109620128246924,0.10917153303025301,0.11737552070234568,0.12453334453241786,0.1417706310673298,0.14374513428605873,0.16861577372752057,0.16282009376594703,0.20440746859312825
39,0.0399750875200382,0.0399750875200382,0.0399750875200382,0.0399750875200382,0.0399750875200382,0.0399750875200382,0.10881552020425372,0.11067074510748157,0.12090347883000307,0.12037145045266534,0.1279905694122339,0.12620199244783142,0.13304002691456804,0.1317373760031914,0.1353365905637928,0.134227053908664,0.14374416948355936
104,0.0399750875200382,0.0399750875200382,0.0399750875200382,0.0399750875200382,0.0399750875200382,0.08262213019471207,0.10594241751951533,0.10556186153932533,0.11720043009006056,0.11750143729402775,0.12684272769482127,0.12656834207034773,0.13282169391578666,0.134057849353873,0.13850438473581728,0.1380082115542808,0.14316324227592545
