trading_days_to_expiration,-12,-11,-10,-9,-8,-7,-6,-5,-4,-3,-2,-1,0,1,2,3
15,0.13453137866417308,0.13453137866417308,0.13453137866417308,0.13453137866417308,0.13453137866417308,0.13722717192733533,0.14261875845365984,0.14801034497998436,0.15340193150630888,0.15879351803263336,0.10793807771928805,0.12112454564005667,0.12685476302860288,0.13835775365893316,0.14330849526480177,0.14827429522465368
30,0.13453137866417308,0.13453137866417308,0.13453137866417308,0.13453137866417308,0.13453137866417308,0.13857506855891646,0.14396665508524098,0.1493582416115655,0.15474982813788998,0.1601414146642145,0.15118441693137227,0.1526903883482339,0.15265709023493243,0.1583614725155381,0.1629051552267026,0.165634518367552
75,0.13453137866417308,0.13453137866417308,0.13453137866417308,0.13453137866417308,0.13453137866417308,0.1399229651904976,0.14531455171682212,0.1507061382431466,0.15609772476947112,0.1253764031600891,0.042066434490862434,0.08972054149954693,0.10875211935392691,0.11989634347548916,0.12942176254499568,0.165634518367552
134,0.13453137866417308,0.13453137866417308,0.13453137866417308,0.13453137866417308,0.13587927529575422,0.1412708618220787,0.14666244834840322,0.15205403487472774,0.15744562140105225,0.09061139165596373,0.10863255777052576,0.12046514984468205,0.13108931146354905,0.13723359515948585,0.13884802888482467,0.165634518367552
