trading_days_to_expiration,-12,-11,-10,-9,-8,-7,-6,-5,-4,-3,-2,-1,0,1,2,3
1,0.07286093234641611,0.07286093234641611,0.07286093234641611,0.07286093234641611,0.07286093234641611,0.07286093234641611,0.07286093234641611,0.07286093234641611,0.07286093234641611,0.06803449167857793,0.04872872900722523,0.07608283741151503,0.09380712343773644,0.11103224468768932,0.21882558123295032,0.31871333950949327
26,0.07286093234641611,0.07286093234641611,0.07286093234641611,0.07286093234641611,0.07286093234641611,0.07286093234641611,0.07286093234641611,0.07286093234641611,0.07286093234641611,0.06320805101073976,0.043902288339387065,0.09561166306878059,0.10469075728880943,0.11028419289583116,0.11612561414552654,0.12223162173882642
86,0.07286093234641611,0.07286093234641611,0.07286093234641611,0.07286093234641611,0.07286093234641611,0.07286093234641611,0.07286093234641611,0.07286093234641611,0.07286093234641611,0.05838161034290158,0.03907584767154889,0.07836382795663285,0.0938675855476792,0.10643082088802457,0.18365485593351544,0.12223162173882642
145,0.07286093234641611,0.07286093234641611,0.07286093234641611,0.07286093234641611,0.07286093234641611,0.07286093234641611,0.07286093234641611,0.07286093234641611,0.07286093234641611,0.05355516967506341,0.05655401175424947,0.08292348958666344,0.09796902592337327,0.10975633537745445,0.25118409772150435,0.12223162173882642
