trading_days_to_expiration,-12,-11,-10,-9,-8,-7,-6,-5,-4,-3,-2,-1,0,1,2,3
13,0.1446576889570277,0.1446576889570277,0.1446576889570277,0.1446576889570277,0.1446576889570277,0.1446576889570277,0.1446576889570277,0.1446576889570277,0.1446576889570277,0.1446576889570277,0.12164445720422801,0.10182045876020512,0.10393877812586182,0.11593282508726042,0.13128117299670733,0.15083063238120256
33,0.1446576889570277,0.1446576889570277,0.1446576889570277,0.1446576889570277,0.1446576889570277,0.1446576889570277,0.1446576889570277,0.1446576889570277,0.1446576889570277,0.13737725024789696,0.12345744008166262,0.11218497143742799,0.1131638569729379,0.1126910599375484,0.11683696758886256,0.15083063238120256
58,0.1446576889570277,0.1446576889570277,0.1446576889570277,0.1446576889570277,0.1446576889570277,0.1446576889570277,0.1446576889570277,0.1446576889570277,0.1446576889570277,0.10465866668731078,0.10804156744918432,0.03860508945510765,0.0757725052466311,0.09348066211064078,0.10444422484409728,0.15083063238120256
117,0.1446576889570277,0.1446576889570277,0.1446576889570277,0.1446576889570277,0.1446576889570277,0.1446576889570277,0.1446576889570277,0.1446576889570277,0.1446576889570277,0.07194008312672459,0.09262569481670602,0.10188287189176648,0.10949440767069182,0.11651510224976448,0.12763742861264993,0.15083063238120256
