trading_days_to_expiration,-9,-8,-7,-6,-5,-4,-3,-2,-1,0,1,2,3,4,5,6,7,8
3,0.08447986043074372,0.08447986043074372,0.08447986043074372,0.08447986043074372,0.08447986043074372,0.08447986043074372,0.0919610900217312,0.10698156983480386,0.10118567937593775,0.06828436610759477,0.07430116465529996,0.10322264250951825,0.10313178562937175,0.166347117946386,0.17214011847481167,0.23518684383407798,0.2230146728434024,0.2851702238240422
18,0.08447986043074372,0.08447986043074372,0.08447986043074372,0.08447986043074372,0.08447986043074372,0.08447986043074372,0.10300742589298535,0.10937209697234238,0.09714249917587894,0.10333508201410173,0.11652650571386036,0.1256334458340496,0.11812669012971601,0.149362817585724,0.15405937498712158,0.18564859679507822,0.1838194834408456,0.2851702238240422
38,0.08447986043074372,0.08447986043074372,0.08447986043074372,0.08447986043074372,0.08447986043074372,0.08447986043074372,0.11405376176423951,0.11176262410988089,0.1223186185335236,0.12147501418788667,0.12937979109672923,0.12780297508526034,0.13312159463006026,0.13237851722506203,0.1359786314994315,0.13611034975607844,0.14462429403828875,0.2851702238240422
103,0.08447986043074372,0.08447986043074372,0.08447986043074372,0.08447986043074372,0.08447986043074372,0.08091475415047704,0.10459104269726535,0.10522885957599655,0.1162293941120454,0.1165260514297853,0.12490587757722828,0.12428587337913993,0.1308024441995373,0.13066448971190048,0.13593923440097058,0.1364766294934105,0.14100339753551872,0.2851702238240422
