trading_days_to_expiration,-14,-13,-12,-11,-10,-9,-8,-7,-6,-5,-4,-3,-2,-1,0,1
4,0.05995265384788739,0.05995265384788739,0.05995265384788739,0.05995265384788739,0.05995265384788739,0.05995265384788739,0.05995265384788739,0.05995265384788739,0.05995265384788739,0.05995265384788739,0.05995265384788739,0.05995265384788739,0.05995265384788739,0.08803701333285407,0.10187012687389184,0.12440480573281672
24,0.05995265384788739,0.05995265384788739,0.05995265384788739,0.05995265384788739,0.05995265384788739,0.05995265384788739,0.05995265384788739,0.05995265384788739,0.05995265384788739,0.05995265384788739,0.05995265384788739,0.05995265384788739,0.05995265384788739,0.10207919307533743,0.11348718166815168,0.12165528105510176
69,0.05995265384788739,0.05995265384788739,0.05995265384788739,0.05995265384788739,0.05995265384788739,0.05995265384788739,0.05995265384788739,0.05995265384788739,0.05995265384788739,0.05995265384788739,0.05995265384788739,0.05995265384788739,0.05995265384788739,0.09584490763615316,0.1118158491529296,0.11794768027977637
129,0.05995265384788739,0.05995265384788739,0.05995265384788739,0.05995265384788739,0.05995265384788739,0.05995265384788739,0.05995265384788739,0.05995265384788739,0.05995265384788739,0.05995265384788739,0.05995265384788739,0.05995265384788739,0.07399483359037073,0.0540125704458338,0.08235055869100681,0.11794768027977637
