trading_days_to_expiration,-10,-9,-8,-7,-6,-5,-4,-3,-2,-1,0,1,2,3,4,5,6
8,0.07650329364524969,0.07650329364524969,0.07650329364524969,0.07650329364524969,0.07650329364524969,0.07650329364524969,0.07650329364524969,0.07650329364524969,0.07139942337640971,0.07101868089325043,0.08352581641994676,0.09926925571450756,0.0961477538291384,0.0989313803516313,0.1067740026839309,0.10689946164076598,0.12009928299455844
28,0.07650329364524969,0.07650329364524969,0.07650329364524969,0.07650329364524969,0.07650329364524969,0.07650329364524969,0.07650329364524969,0.07650329364524969,0.06884748824198972,0.06864113887991014,0.09032722950051758,0.09019452081611032,0.09804223865049509,0.09690324171947051,0.1053139253955782,0.10546213042087821,0.12268068665529809
93,0.07650329364524969,0.07650329364524969,0.07650329364524969,0.07650329364524969,0.07650329364524969,0.07650329364524969,0.07650329364524969,0.07650329364524969,0.07577376491993103,0.09360260951576549,0.09632890488226489,0.10269757313637304,0.1029876576159529,0.10969415726063633,0.10977412408054153,0.11493647567307912,0.12268068665529809
158,0.07650329364524969,0.07650329364524969,0.07650329364524969,0.07650329364524969,0.07650329364524969,0.07650329364524969,0.07650329364524969,0.07395135851082969,0.07339622290659073,0.06316459004288784,0.08272615046586798,0.09425326900778172,0.1009595189837921,0.10823407997228363,0.10833679286065376,0.11751787933381877,0.12268068665529809
