trading_days_to_expiration,-11,-10,-9,-8,-7,-6,-5,-4,-3,-2,-1,0,1,2,3,4,5
3,0.0663457444481376,0.0663457444481376,0.0663457444481376,0.0663457444481376,0.0663457444481376,0.0663457444481376,0.0663457444481376,0.0663457444481376,0.0663457444481376,0.07343163461077362,0.07553169331464016,0.07236944023758575,0.11137110858614688,0.15852299449817892,0.10637084523844233,0.10958372991483778,0.11870479521816286
23,0.0663457444481376,0.0663457444481376,0.0663457444481376,0.0663457444481376,0.0663457444481376,0.0663457444481376,0.0663457444481376,0.0663457444481376,0.0663457444481376,0.07387376661767608,0.09139781536927434,0.092141789540456,0.10022687947925357,0.09945344093228815,0.10847570296430195,0.11058675573760847,0.12504133059871983
88,0.0663457444481376,0.0663457444481376,0.0663457444481376,0.0663457444481376,0.0663457444481376,0.0663457444481376,0.0663457444481376,0.0663457444481376,0.07254737059696868,0.07353076425991034,0.09294576588194489,0.09422691203272213,0.1014248118330715,0.10216112978672309,0.10757767826929639,0.10603172445704893,0.11153404308927936
153,0.0663457444481376,0.0663457444481376,0.0663457444481376,0.0663457444481376,0.0663457444481376,0.0663457444481376,0.0663457444481376,0.0663457444481376,0.07298950260387115,0.059665571260005976,0.08306009417849772,0.09277152772710438,0.09830046995522676,0.10426598751258272,0.10858070409206708,0.1123682598376059,0.11153404308927936
