trading_days_to_expiration,-9,-8,-7,-6,-5,-4,-3,-2,-1,0,1,2,3,4,5,6,7
12,0.0698005941524807,0.0698005941524807,0.0698005941524807,0.0698005941524807,0.0698005941524807,0.0698005941524807,0.0698005941524807,0.07079803351207611,0.07938334604946098,0.0783631744885505,0.09840699261576862,0.10011262987708663,0.1182125266749503,0.11822215705060134,0.1402738518008034,0.14685254726619065,0.17755681599157086
35,0.0698005941524807,0.0698005941524807,0.0698005941524807,0.0698005941524807,0.0698005941524807,0.0698005941524807,0.0698005941524807,0.07129675319187381,0.08635390779916066,0.07608897622823162,0.08997254032180543,0.09741456678608455,0.10361483257581694,0.11581468353616553,0.12978139457384902,0.13248308187127966,0.15042306694327587
77,0.0698005941524807,0.0698005941524807,0.0698005941524807,0.0698005941524807,0.0698005941524807,0.0698005941524807,0.0698005941524807,0.07179547287167151,0.09332446954886034,0.09380255358481702,0.10632786833264044,0.10668015223884109,0.11330605639056485,0.11340721002172971,0.11928893734689464,0.11811361647636864,0.12328931789498086
142,0.0698005941524807,0.0698005941524807,0.0698005941524807,0.0698005941524807,0.0698005941524807,0.0698005941524807,0.0702993138322784,0.0681431138284689,0.09153708418017793,0.10263379055468891,0.11024193228708891,0.11472812677001684,0.1157641067205831,0.12684053091126657,0.13307074230654264,0.14783521623396975,0.12328931789498086
