trading_days_to_expiration,-11,-10,-9,-8,-7,-6,-5,-4,-3,-2,-1,0,1,2,3,4
10,0.07246104816629662,0.07246104816629662,0.07246104816629662,0.07246104816629662,0.07246104816629662,0.07246104816629662,0.07246104816629662,0.07246104816629662,0.0675841412688212,0.04807651367891951,0.08101338886800856,0.10624309427964551,0.12762104181369294,0.14261353861406292,0.16180518101109848,0.17908164178920913
35,0.07246104816629662,0.07246104816629662,0.07246104816629662,0.07246104816629662,0.07246104816629662,0.07246104816629662,0.07246104816629662,0.07246104816629662,0.06270723437134577,0.04319960678144409,0.09612178804216787,0.1063896666160218,0.11376588642073882,0.11609462047717486,0.12033061997832462,0.12871419260705605
95,0.07246104816629662,0.07246104816629662,0.07246104816629662,0.07246104816629662,0.07246104816629662,0.07246104816629662,0.07246104816629662,0.07246104816629662,0.057830327473870353,0.03832269988396867,0.0744472104967393,0.09031981455527678,0.10117657651006366,0.10875398421382233,0.13991429391528612,0.12871419260705605
154,0.07246104816629662,0.07246104816629662,0.07246104816629662,0.07246104816629662,0.07246104816629662,0.07246104816629662,0.07246104816629662,0.07246104816629662,0.05295342057639493,0.051316812327530964,0.07774099509976029,0.0922336318738616,0.1028158471368609,0.11347417849345769,0.15949796785224762,0.12871419260705605
