trading_days_to_expiration,-14,-13,-12,-11,-10,-9,-8,-7,-6,-5,-4,-3,-2,-1,0,1,2
16,0.04888362625913455,0.04888362625913455,0.04888362625913455,0.04888362625913455,0.04888362625913455,0.04888362625913455,0.04888362625913455,0.04888362625913455,0.04888362625913455,0.04888362625913455,0.04888362625913455,0.04888362625913455,0.04888362625913455,0.07619669651323537,0.08311827352181371,0.09079600348580828,0.10037322775016838
41,0.04888362625913455,0.04888362625913455,0.04888362625913455,0.04888362625913455,0.04888362625913455,0.04888362625913455,0.04888362625913455,0.04888362625913455,0.04888362625913455,0.04888362625913455,0.04888362625913455,0.04888362625913455,0.04888362625913455,0.07306810429310001,0.03812495326356751,0.05729924691744057,0.10037322775016838
100,0.04888362625913455,0.04888362625913455,0.04888362625913455,0.04888362625913455,0.04888362625913455,0.04888362625913455,0.04888362625913455,0.04888362625913455,0.04888362625913455,0.04888362625913455,0.04888362625913455,0.04888362625913455,0.04888362625913455,0.06993951207296467,0.05632279498731048,0.0673089831125448,0.10037322775016838
160,0.04888362625913455,0.04888362625913455,0.04888362625913455,0.04888362625913455,0.04888362625913455,0.04888362625913455,0.04888362625913455,0.04888362625913455,0.04888362625913455,0.04888362625913455,0.04888362625913455,0.04888362625913455,0.04888362625913455,0.06681091985282932,0.07419160164568032,0.08384110543135659,0.10037322775016838
