trading_days_to_expiration,-11,-10,-9,-8,-7,-6,-5,-4,-3,-2,-1,0,1,2,3,4
17,0.053622172142971776,0.053622172142971776,0.053622172142971776,0.053622172142971776,0.053622172142971776,0.053622172142971776,0.053622172142971776,0.053622172142971776,0.053622172142971776,0.053622172142971776,0.08717838711555116,0.08540925481866288,0.09865593355239412,0.10228226462346149,0.1198143230074385,0.13381650186680233
37,0.053622172142971776,0.053622172142971776,0.053622172142971776,0.053622172142971776,0.053622172142971776,0.053622172142971776,0.053622172142971776,0.053622172142971776,0.053622172142971776,0.053622172142971776,0.03670806588472902,0.08154063523499937,0.09653567886697181,0.10528987804933751,0.11603178661338653,0.13381650186680233
82,0.053622172142971776,0.053622172142971776,0.053622172142971776,0.053622172142971776,0.053622172142971776,0.053622172142971776,0.053622172142971776,0.053622172142971776,0.053622172142971776,0.053622172142971776,0.07904167503116279,0.09154556074971175,0.09793942546022495,0.10316827115747526,0.1219600250311918,0.13381650186680233
142,0.053622172142971776,0.053622172142971776,0.053622172142971776,0.053622172142971776,0.053622172142971776,0.053622172142971776,0.053622172142971776,0.053622172142971776,0.053622172142971776,0.07040027962926147,0.03550186828071433,0.06173322713125967,0.07439929903975322,0.11149129708245688,0.12788826344899706,0.13381650186680233
