trading_days_to_expiration,-12,-11,-10,-9,-8,-7,-6,-5,-4,-3,-2,-1,0,1,2,3,4
7,0.23865331358783423,0.23865331358783423,0.23865331358783423,0.23865331358783423,0.23865331358783423,0.23865331358783423,0.23865331358783423,0.23865331358783423,0.23865331358783423,0.18317933935551906,0.1528280480846597,0.11205602985221937,0.10166218652318533,0.1114281036596205,0.1225637680195115,0.1481746423071857,0.18183546213678092
22,0.23865331358783423,0.23865331358783423,0.23865331358783423,0.23865331358783423,0.23865331358783423,0.23865331358783423,0.23865331358783423,0.23865331358783423,0.17722960556796347,0.1527266138315281,0.1410504224157552,0.13600691152224478,0.13976849065766506,0.14870997012342202,0.15524238563917744,0.16373234853285082,0.18183546213678092
67,0.23865331358783423,0.23865331358783423,0.23865331358783423,0.23865331358783423,0.23865331358783423,0.23865331358783423,0.23865331358783423,0.23865331358783423,0.11580589754809269,0.11901045120651702,0.08351675528713084,0.10043496061276805,0.1130067390104334,0.12106689094981785,0.1299910196698176,0.16976671973416085,0.18183546213678092
126,0.23865331358783423,0.23865331358783423,0.23865331358783423,0.23865331358783423,0.23865331358783423,0.23865331358783423,0.23865331358783423,0.23865331358783423,0.05438218952822191,0.08529428858150592,0.10590119113720331,0.11634253524013496,0.12638251889583824,0.13414110625610703,0.138008870443827,0.1758010909354709,0.18183546213678092
