trading_days_to_expiration,-13,-12,-11,-10,-9,-8,-7,-6,-5,-4,-3,-2,-1,0,1,2
2,0.05664170623540584,0.05664170623540584,0.05664170623540584,0.05664170623540584,0.05664170623540584,0.05664170623540584,0.05664170623540584,0.05664170623540584,0.05664170623540584,0.05664170623540584,0.05664170623540584,0.05664170623540584,0.05664170623540584,0.03586659023022097,0.09246818703317801,0.1513226122595876
22,0.05664170623540584,0.05664170623540584,0.05664170623540584,0.05664170623540584,0.05664170623540584,0.05664170623540584,0.05664170623540584,0.05664170623540584,0.05664170623540584,0.05664170623540584,0.05664170623540584,0.05664170623540584,0.05664170623540584,0.08362815827450076,0.09751582760701377,0.10479844720012783
47,0.05664170623540584,0.05664170623540584,0.05664170623540584,0.05664170623540584,0.05664170623540584,0.05664170623540584,0.05664170623540584,0.05664170623540584,0.05664170623540584,0.05664170623540584,0.05664170623540584,0.05664170623540584,0.0602054276671896,0.04719500558485036,0.07049107512479758,0.10479844720012783
106,0.05664170623540584,0.05664170623540584,0.05664170623540584,0.05664170623540584,0.05664170623540584,0.05664170623540584,0.05664170623540584,0.05664170623540584,0.05664170623540584,0.05664170623540584,0.05664170623540584,0.05664170623540584,0.06376914909897337,0.0764385966162553,0.11090684369219259,0.10479844720012783
