trading_days_to_expiration,-10,-9,-8,-7,-6,-5,-4,-3,-2,-1,0,1,2,3,4,5
9,0.16665461585772345,0.17015716712534912,0.17716226966060047,0.1841673721958518,0.19117247473110316,0.1981775772663545,0.20518267980160584,0.1596502406911335,0.11574573157675318,0.1125837893212216,0.1218520845437427,0.1288911673339225,0.1477643692143632,0.16790933605684452,0.19155896878846115,0.20369868530141905
34,0.16665461585772345,0.17190844275916195,0.1789135452944133,0.18591864782966466,0.192923750364916,0.19992885290016732,0.19379957002398776,0.14867411341253842,0.1047696042981581,0.11420863889213757,0.11800029458207738,0.12425688970660399,0.12736499953324468,0.1300528809417896,0.1373448784836552,0.14931255379438896
94,0.16665461585772345,0.1736597183929748,0.18066482092822614,0.1876699234634775,0.19467502599872882,0.20168012853398018,0.18241646024636968,0.13769798613394335,0.042572416960373484,0.07928356545912495,0.09403398115192661,0.1052363290666949,0.11552717825802732,0.12260740599837734,0.1594628140895765,0.14931255379438896
153,0.16840589149153629,0.17541099402678764,0.18241609656203897,0.18942119909729033,0.19642630163254166,0.203431404167793,0.1710333504687516,0.12672185885534826,0.048630278933714764,0.07805529146623563,0.09406471953997902,0.1043609844366828,0.11396960987680087,0.12035004301537472,0.18158074969549776,0.14931255379438896
