trading_days_to_expiration,-10,-9,-8,-7,-6,-5,-4,-3,-2,-1,0,1,2,3,4,5,6
15,0.09557725528788959,0.09557725528788959,0.09557725528788959,0.09557725528788959,0.09557725528788959,0.09557725528788959,0.09557725528788959,0.09524195198332586,0.10944890973008321,0.11493649867045695,0.107640763704525,0.11570321037571833,0.11974295121911206,0.12253563718072037,0.12218178769861729,0.12549740106709198,0.1318061780272629
35,0.09557725528788959,0.09557725528788959,0.09557725528788959,0.09557725528788959,0.09557725528788959,0.09557725528788959,0.09557725528788959,0.1025508781402643,0.11230139998445483,0.11002468391900012,0.12101292067937754,0.11927143605850071,0.12234524223756872,0.12526516824785586,0.1245484084122859,0.1275635155484201,0.13670670770892637
100,0.09557725528788959,0.09557725528788959,0.09557725528788959,0.09557725528788959,0.09557725528788959,0.09557725528788959,0.08062409966944899,0.08251560425430787,0.09877663603079628,0.10356799691497616,0.10955561805138277,0.11383082790506946,0.11707657504644942,0.11744854627128005,0.12136517210443573,0.122005118663936,0.1271371137476658
165,0.09557725528788959,0.09557725528788959,0.09557725528788959,0.09557725528788959,0.09557725528788959,0.09557725528788959,0.08793302582638743,0.09598225699219554,0.040341055743136796,0.08392138826401331,0.0962473462874325,0.10458488588370975,0.1198061061135849,0.11981516698494867,0.12343128658576386,0.12690564834559945,0.1271371137476658
