trading_days_to_expiration,-10,-9,-8,-7,-6,-5,-4,-3,-2,-1,0,1,2,3,4,5,6
7,0.04855127906315591,0.04855127906315591,0.04855127906315591,0.04855127906315591,0.04855127906315591,0.04855127906315591,0.04855127906315591,0.04680342140201629,0.06595900112181467,0.07871072839212305,0.07764772882279056,0.08811668696727244,0.10578263921768985,0.13555058377111373,0.10288438583110808,0.10574393041755557,0.11829531398859008
27,0.04855127906315591,0.04855127906315591,0.04855127906315591,0.04855127906315591,0.04855127906315591,0.04855127906315591,0.04855127906315591,0.04592949257144649,0.07641071981228366,0.07686032532665382,0.08977480269945463,0.09147273627568796,0.09707194269447253,0.09552264990191406,0.1026754429938355,0.1043171203948366,0.12330449956787118
92,0.04855127906315591,0.04855127906315591,0.04855127906315591,0.04855127906315591,0.04855127906315591,0.04855127906315591,0.04855127906315591,0.045055563740876686,0.0824115345230615,0.08278606400299808,0.0954850775824477,0.09702639086380624,0.10281024637284314,0.10330227150565324,0.10859755046299353,0.10827694283002788,0.11393397478476992
157,0.04855127906315591,0.04855127906315591,0.04855127906315591,0.04855127906315591,0.04855127906315591,0.04855127906315591,0.0476773502325861,0.05550728243134568,0.08056113145759228,0.06446230917331983,0.08278059479492197,0.09245680825924997,0.09635889387233547,0.10309332866838067,0.10717074044027455,0.11328612840930898,0.11393397478476992
