trading_days_to_expiration,-9,-8,-7,-6,-5,-4,-3,-2,-1,0,1,2,3,4,5,6,7
16,0.07932078831640321,0.07932078831640321,0.07932078831640321,0.07932078831640321,0.07932078831640321,0.07932078831640321,0.0769396463166031,0.08603921321581084,0.08984000121812545,0.0887513642314616,0.09892453818242297,0.09816916647221757,0.10630943044404835,0.11031810175800065,0.12122979406846138,0.1251077121018431,0.13945393719328522
39,0.07932078831640321,0.07932078831640321,0.07932078831640321,0.07932078831640321,0.07932078831640321,0.07932078831640321,0.07574907531670304,0.09177956766531477,0.0817990236226601,0.09317200835984056,0.10141597606509624,0.10671119620152744,0.1103089417184416,0.11441060679125059,0.11995413212869191,0.12357491426299883,0.13945393719328522
81,0.07932078831640321,0.07932078831640321,0.07932078831640321,0.07932078831640321,0.07932078831640321,0.07932078831640321,0.07455850431680298,0.09751992211481869,0.09958522533199511,0.10753348322931232,0.1079337619214489,0.11370014246317811,0.11430845299283486,0.11850311182450053,0.11867847018892246,0.12204211642415455,0.13945393719328522
146,0.07932078831640321,0.07932078831640321,0.07932078831640321,0.07932078831640321,0.07932078831640321,0.07813021731650316,0.08029885876630691,0.05500561064598319,0.08377942660396231,0.09899973547329946,0.10565626025295163,0.11017668923756534,0.11231327737541776,0.11986645294648096,0.12189309114538277,0.13074802680871989,0.13945393719328522
