trading_days_to_expiration,-9,-8,-7,-6,-5,-4,-3,-2,-1,0,1,2,3,4,5,6,7
1,0.4765131172972501,0.4765131172972501,0.4765131172972501,0.4765131172972501,0.4765131172972501,0.3149279505391691,0.09325759101904836,0.09103717465633979,0.1016661533572349,0.10229224689871322,0.12230274479745636,0.1301611491643967,0.24378528621016254,0.25322256847235597,0.35614929073295154,0.3672188163435881,0.47531222282183166
16,0.4765131172972501,0.4765131172972501,0.4765131172972501,0.4765131172972501,0.43611682560772985,0.23861139364721667,0.10053690217478489,0.09782190495816379,0.10125913974161647,0.10350532369532128,0.11486313317540403,0.12089499780998753,0.1857110710113578,0.19113456683224322,0.24400671037142588,0.24845253113343424,0.3080696752181584
36,0.4765131172972501,0.4765131172972501,0.4765131172972501,0.4765131172972501,0.3957205339182096,0.16229483675526424,0.10781621333052144,0.1046066352599878,0.11591960139339183,0.11640841125883676,0.12322072409904708,0.12323736302739005,0.1276368558125531,0.1290465651921305,0.13186413000990022,0.12968624592328037,0.14082712761448513
101,0.4765131172972501,0.4765131172972501,0.4765131172972501,0.4765131172972501,0.35532424222868936,0.08597827986331182,0.08425244435451577,0.10207316697285333,0.10107917010210515,0.11298857121627869,0.11263108101565529,0.12027841708214626,0.11935209601105075,0.12625794442825147,0.1258971068742749,0.13001022268887938,0.14082712761448513
