trading_days_to_expiration,-10,-9,-8,-7,-6,-5,-4,-3,-2,-1,0,1,2,3,4,5,6
5,0.050204146177542014,0.050204146177542014,0.050204146177542014,0.050204146177542014,0.050204146177542014,0.050204146177542014,0.050204146177542014,0.0503319026106267,0.06844986135961395,0.08011310690464116,0.08512228704866784,0.09062495458344916,0.11535197428439684,0.15917512358555327,0.10441510648181099,0.10475070826856789,0.12014282294044652
25,0.050204146177542014,0.050204146177542014,0.050204146177542014,0.050204146177542014,0.050204146177542014,0.050204146177542014,0.050204146177542014,0.050395780827169036,0.07744496251756525,0.07880766905027467,0.09173678416477073,0.09217336418040338,0.09750952200011605,0.09679228574511865,0.10507740394541346,0.10305676362290733,0.12610861936743012
90,0.050204146177542014,0.050204146177542014,0.050204146177542014,0.050204146177542014,0.050204146177542014,0.050204146177542014,0.050204146177542014,0.05045965904371138,0.08272398261337414,0.08312439631912165,0.09616421469776319,0.09791795643770697,0.10293655659669132,0.10309051155460604,0.108138597559889,0.10821123008647932,0.11203041031917528
155,0.050204146177542014,0.050204146177542014,0.050204146177542014,0.050204146177542014,0.050204146177542014,0.050204146177542014,0.05026802439408436,0.05945476020166267,0.08141854475900766,0.06927246859003444,0.08570084866436321,0.09403833530777007,0.098016929391549,0.1037528090182085,0.10644465291422844,0.11417702651346291,0.11203041031917528
