trading_days_to_expiration,-12,-11,-10,-9,-8,-7,-6,-5,-4,-3,-2,-1,0,1,2,3
19,0.08603908297917404,0.08603908297917404,0.08603908297917404,0.08603908297917404,0.08603908297917404,0.08603908297917404,0.08603908297917404,0.08603908297917404,0.08603908297917404,0.08603908297917404,0.08603908297917404,0.0787818609391564,0.09967882779193593,0.10100421613902678,0.11443341518356427,0.1321449449531568
39,0.08603908297917404,0.08603908297917404,0.08603908297917404,0.08603908297917404,0.08603908297917404,0.08603908297917404,0.08603908297917404,0.08603908297917404,0.08603908297917404,0.08603908297917404,0.06546167739390717,0.08103320505030809,0.09626261544944503,0.10670246356957616,0.11520984459623902,0.1321449449531568
84,0.08603908297917404,0.08603908297917404,0.08603908297917404,0.08603908297917404,0.08603908297917404,0.08603908297917404,0.08603908297917404,0.08603908297917404,0.08603908297917404,0.08603908297917404,0.04488427180864029,0.08018998744023675,0.09102526539629568,0.0976549457350512,0.10370403527682209,0.1321449449531568
144,0.08603908297917404,0.08603908297917404,0.08603908297917404,0.08603908297917404,0.08603908297917404,0.08603908297917404,0.08603908297917404,0.08603908297917404,0.08603908297917404,0.08603908297917404,0.06183306637389835,0.08993440761608634,0.05713338065126959,0.07136653355666264,0.11792449011498944,0.1321449449531568
