trading_days_to_expiration,-9,-8,-7,-6,-5,-4,-3,-2,-1,0,1,2,3,4,5,6,7
2,0.06396274099646848,0.06396274099646848,0.06396274099646848,0.06396274099646848,0.06396274099646848,0.06396274099646848,0.06396274099646848,0.0594365430122598,0.04133175107542506,0.04825523334890891,0.10323698113699098,0.10918472983381614,0.17852502816492433,0.18517978987584216,0.2578015803916686,0.2656138548881834,0.3420634060719092
25,0.06396274099646848,0.06396274099646848,0.06396274099646848,0.06396274099646848,0.06396274099646848,0.06396274099646848,0.06396274099646848,0.054910345028051116,0.05700867336109204,0.06633999733270993,0.08317465728302849,0.09458533820752792,0.10969114274288898,0.1408149994656448,0.17971636715596628,0.18271377916032547,0.22341323690151169
67,0.06396274099646848,0.06396274099646848,0.06396274099646848,0.06396274099646848,0.06396274099646848,0.06396274099646848,0.06396274099646848,0.05038414704384243,0.07268559564675903,0.07444071881943325,0.08870392283713924,0.08852056240069134,0.09609808086239748,0.09645020905544742,0.10163115392026398,0.09981370343246752,0.10476306773111414
132,0.06396274099646848,0.06396274099646848,0.06396274099646848,0.06396274099646848,0.06396274099646848,0.06396274099646848,0.06396274099646848,0.045857949059633744,0.07112866476056373,0.0885930307002315,0.09722308561836455,0.10452471396349415,0.1406389353691198,0.177125894723558,0.18362250440422367,0.22093855475218838,0.10476306773111414
