trading_days_to_expiration,-7,-6,-5,-4,-3,-2,-1,0,1,2,3,4,5,6,7
19,0.0566425854318734,0.0566425854318734,0.0566425854318734,0.0566425854318734,0.0566425854318734,0.0566425854318734,0.0566425854318734,0.06003334492518607,0.07704921133380223,0.09588927040233271,0.12148621804630585,0.07961202953277341,0.08791047191886123,0.09267333261211022,0.10846185622398058
42,0.0566425854318734,0.0566425854318734,0.0566425854318734,0.0566425854318734,0.0566425854318734,0.0566425854318734,0.0566425854318734,0.05366160987744399,0.07090145835474258,0.07030621109991812,0.07942508932510589,0.08102390042257103,0.09020599575095796,0.09349577823249432,0.11345054888780932
107,0.0566425854318734,0.0566425854318734,0.0566425854318734,0.0566425854318734,0.0566425854318734,0.0566425854318734,0.05777283859631096,0.03488221869448484,0.057824954757957486,0.06839818667958364,0.07678828775317817,0.08331942425466776,0.09102844137134206,0.09848447089632306,0.11345054888780932
167,0.0566425854318734,0.0566425854318734,0.0566425854318734,0.0566425854318734,0.0566425854318734,0.0566425854318734,0.05890309176074851,0.027632651729869607,0.0768571125801451,0.09494220236294475,0.07820015864297579,0.0856149480867645,0.09185088699172614,0.10347316356015182,0.11345054888780932
