trading_days_to_expiration,-11,-10,-9,-8,-7,-6,-5,-4,-3,-2,-1,0,1,2,3,4
11,0.195107812922782,0.195107812922782,0.1937025670782475,0.1908920753891785,0.18808158370010947,0.18527109201104047,0.18246060032197145,0.33712765823892954,0.49179471615588755,0.1724944280073123,0.11107909876501473,0.11319210036051273,0.12048049313168946,0.1303963642908987,0.1513750224752657,0.16045277358731733
36,0.195107812922782,0.195107812922782,0.19299994415598026,0.19018945246691124,0.18737896077784222,0.18456846908877322,0.22112736480121098,0.375794422718169,0.4119696441187437,0.09266935597016847,0.10836343963549566,0.11623509364999016,0.12033270629402182,0.12426985889990114,0.12934513805637787,0.13318991245955855
96,0.195107812922782,0.195107812922782,0.192297321233713,0.189486829544644,0.18667633785557497,0.18386584616650595,0.2597941292804505,0.41446118719740854,0.3321445720815999,0.044287378787960886,0.08087480391461535,0.09704228234343021,0.1072958467450621,0.11480143096591264,0.13971434990002435,0.13318991245955855
155,0.195107812922782,0.19440519000051476,0.19159469831144574,0.18878420662237672,0.18597371493330772,0.1831632232442387,0.29846089375969,0.4531279516766481,0.25231950004445614,0.059960491885418576,0.08568709862333883,0.09942147362060874,0.10843305409837045,0.11689939378655062,0.15008356174367085,0.13318991245955855
