trading_days_to_expiration,-11,-10,-9,-8,-7,-6,-5,-4,-3,-2,-1,0,1,2,3,4
4,0.07189367428219531,0.07189367428219531,0.07189367428219531,0.07189367428219531,0.07189367428219531,0.07189367428219531,0.07189367428219531,0.07189367428219531,0.07189367428219531,0.07189367428219531,0.06767636666038618,0.08343274448853726,0.10358864185089325,0.13788444855094742,0.1677226561768748,0.20287842647513293
29,0.07189367428219531,0.07189367428219531,0.07189367428219531,0.07189367428219531,0.07189367428219531,0.07189367428219531,0.07189367428219531,0.07189367428219531,0.07189367428219531,0.07189367428219531,0.10314289947259862,0.11258581524470546,0.11989090639617885,0.12390040478864993,0.13194162963574588,0.13512340958594618
89,0.07189367428219531,0.07189367428219531,0.07189367428219531,0.07189367428219531,0.07189367428219531,0.07189367428219531,0.07189367428219531,0.07189367428219531,0.07189367428219531,0.5133859728156871,0.07330176381121475,0.09019125213872832,0.10215235115681871,0.11177987458384764,0.15558722858220822,0.13512340958594618
148,0.07189367428219531,0.07189367428219531,0.07189367428219531,0.07189367428219531,0.07189367428219531,0.07189367428219531,0.07189367428219531,0.07189367428219531,0.07189367428219531,0.03220983384817375,0.07519511389246476,0.09185017557198857,0.10244357563925746,0.11260704881295862,0.1792328275286706,0.13512340958594618
