trading_days_to_expiration,-10,-9,-8,-7,-6,-5,-4,-3,-2,-1,0,1,2,3,4,5
18,0.07550530617956797,0.07550530617956797,0.07550530617956797,0.07550530617956797,0.07550530617956797,0.07550530617956797,0.07550530617956797,0.07550530617956797,0.07550530617956797,0.06820506214621895,0.09118553428762673,0.0894599724019192,0.10181190243081781,0.10178805463169571,0.12199212621097112,0.14005470311166363
38,0.07550530617956797,0.07550530617956797,0.07550530617956797,0.07550530617956797,0.07550530617956797,0.07550530617956797,0.07550530617956797,0.07550530617956797,0.07368024517123072,0.06969238381045553,0.0858049573324438,0.09752542302136,0.10850834567372143,0.1194264759511826,0.12650777043614425,0.14005470311166363
83,0.07550530617956797,0.07550530617956797,0.07550530617956797,0.07550530617956797,0.07550530617956797,0.07550530617956797,0.07550530617956797,0.07550530617956797,0.07185518416289347,0.06545488184628734,0.08078643796082624,0.09210322766171956,0.09784386131712339,0.10329533104640104,0.13102341466131737,0.14005470311166363
143,0.07550530617956797,0.07550530617956797,0.07550530617956797,0.07550530617956797,0.07550530617956797,0.07550530617956797,0.07550530617956797,0.07550530617956797,0.0700301231545562,0.07832020806695703,0.047822914603361785,0.0663632701040219,0.07713358354095405,0.11264372862868607,0.1355390588864905,0.14005470311166363
