trading_days_to_expiration,-10,-9,-8,-7,-6,-5,-4,-3,-2,-1,0,1,2,3,4,5,6
19,0.46680089467286234,0.46680089467286234,0.46680089467286234,0.46680089467286234,0.4947347059050702,0.19402028988492892,0.04495387200682842,0.06682389756796031,0.08280064783417249,0.08379911164364366,0.09531793724426545,0.09568638550874864,0.10193430347996704,0.10526421227917643,0.11097162331382525,0.11397432286739431,0.12892475269457518
42,0.46680089467286234,0.46680089467286234,0.46680089467286234,0.4737843474809143,0.4195561019000349,0.11884168587989363,0.04559926707281348,0.0771135152825412,0.08559502628299273,0.07550009754172601,0.0900223198936182,0.09734883050043971,0.1006442241578414,0.10908722200121575,0.11160152188804669,0.11491983373743966,0.12892475269457518
84,0.46680089467286234,0.46680089467286234,0.46680089467286234,0.48076780028896626,0.34437749789499955,0.043663081874858296,0.04624466213879855,0.08740313299712209,0.08838940473181296,0.10054450787168709,0.10216323023135478,0.1080546223684169,0.10841346803990734,0.11291023172325507,0.11223142046226812,0.11586534460748502,0.12892475269457518
149,0.46680089467286234,0.46680089467286234,0.46680089467286234,0.4877512530970182,0.2691988938899642,0.04430847694084336,0.05653427985337943,0.08510189041564728,0.08609425818772831,0.07643213741886279,0.09214035266675319,0.10214371780543959,0.10708216588007971,0.11194092751854015,0.11310287166483121,0.1223950486510301,0.12892475269457518
