trading_days_to_expiration,-11,-10,-9,-8,-7,-6,-5,-4,-3,-2,-1,0,1,2,3
15,0.21914443749586335,0.21914443749586335,0.22317963326804463,0.210213221087486,0.1577385835110862,0.17683146102520383,0.16884195039652025,0.15944748213555815,0.1417519921565913,0.13205518377633796,0.13263367639823304,0.1398336609507474,0.1485659434984959,0.15503496304975214,0.1605390216090244
40,0.21914443749586335,0.21914443749586335,0.22452469852543838,0.20544272860816853,0.18227846063490452,0.17501579448863694,0.1723026276892233,0.15699805540544154,0.14790499598677628,0.14506635156880066,0.14210719074866796,0.142843544990669,0.14877732686036874,0.15435829199023976,0.15760311841342928
100,0.21914443749586335,0.2204895027532571,0.21975420604612092,0.10865882926344955,0.18046279409833763,0.17295784645793139,0.10956189340430622,0.15191603432249146,0.11104025609187836,0.05524177241513818,0.08737117581372775,0.10480403355898962,0.117096380477904,0.1263529435502937,0.15760311841342928
159,0.21914443749586335,0.22183456801065088,0.21498371356680346,0.13319870638726788,0.17864712756177073,0.1708998984272258,0.13450468776993219,0.14683401323954137,0.07417551619698043,0.09593152897388166,0.10629321698447944,0.11912716479231099,0.12691017954678177,0.14344598257965904,0.15760311841342928
