trading_days_to_expiration,-10,-9,-8,-7,-6,-5,-4,-3,-2,-1,0,1,2,3,4
7,0.07371914014788705,0.07371914014788705,0.07371914014788705,0.07371914014788705,0.07371914014788705,0.07371914014788705,0.07371914014788705,0.07371914014788705,0.07371914014788705,0.10405714859912152,0.10591826996609424,0.1165632456928206,0.13058106084582397,0.15921486704730559,0.18437081303214878
32,0.07371914014788705,0.07371914014788705,0.07371914014788705,0.07371914014788705,0.07371914014788705,0.07371914014788705,0.07371914014788705,0.07371914014788705,0.07371914014788705,0.10098490974134376,0.10792870194021885,0.11614986613234117,0.12251081365408065,0.12787083660836468,0.13664080889651348
92,0.07371914014788705,0.07371914014788705,0.07371914014788705,0.07371914014788705,0.07371914014788705,0.07371914014788705,0.07371914014788705,0.07371914014788705,0.06146694841283429,0.03786502738086052,0.07609236499459585,0.09209071615400434,0.10339368925483138,0.11341343111561983,0.13664080889651348
151,0.07371914014788705,0.07371914014788705,0.07371914014788705,0.07371914014788705,0.07371914014788705,0.07371914014788705,0.07371914014788705,0.07371914014788705,0.049520416314867366,0.08311921087064157,0.09177031008309137,0.10521793600808417,0.11488179154174867,0.1488921220738843,0.13664080889651348
