trading_days_to_expiration,-9,-8,-7,-6,-5,-4,-3,-2,-1,0,1,2,3,4,5,6,7
13,0.07991401171831798,0.07991401171831798,0.07991401171831798,0.07991401171831798,0.07991401171831798,0.07991401171831798,0.07991401171831798,0.07906996486769347,0.08197688672949499,0.0800915521649928,0.10034981607030824,0.09719380517200465,0.115632466720656,0.12071828499123043,0.14099567025969167,0.14945828236746858,0.17418909392591408
36,0.07991401171831798,0.07991401171831798,0.07991401171831798,0.07991401171831798,0.07991401171831798,0.07991401171831798,0.07991401171831798,0.07864794144238121,0.043808709154902516,0.08165338748275817,0.09267704584175945,0.09786720811375825,0.10567867752730022,0.11814952573895321,0.13128287981019562,0.13490169035319555,0.14953065143789557
78,0.07991401171831798,0.07991401171831798,0.07991401171831798,0.07991401171831798,0.07991401171831798,0.07991401171831798,0.07991401171831798,0.07822591801706895,0.09938554931248766,0.0983696349972647,0.10988485983825748,0.1099764756605333,0.1163528189487181,0.11558076648667598,0.12157008936069956,0.12034509833892251,0.12487220894987704
143,0.07991401171831798,0.07991401171831798,0.07991401171831798,0.07991401171831798,0.07991401171831798,0.07991401171831798,0.07949198829300572,0.07799750777495947,0.09767137822426841,0.10884015486788562,0.1143559640251794,0.11846333767754119,0.11853555196997426,0.12828821837318383,0.13551418586408406,0.14726709613241828,0.12487220894987704
