trading_days_to_expiration,-11,-10,-9,-8,-7,-6,-5,-4,-3,-2,-1,0,1,2,3
13,0.14043896921055016,0.14043896921055016,0.14043896921055016,0.14341974752544515,0.1493813041552351,0.15534286078502504,0.161304417414815,0.16726597404460494,0.11326251233272337,0.12082061970093352,0.12802593457357195,0.13606751253427615,0.14113658018017256,0.1498850123352147,0.15585273052780607
38,0.14043896921055016,0.14043896921055016,0.14043896921055016,0.14491013668289263,0.15087169331268258,0.15683324994247252,0.16279480657226247,0.15376510861663456,0.09976164690475298,0.1194087118111755,0.12575475666055505,0.13456594270096914,0.13743898043751468,0.141104041110037,0.14557013265735283
98,0.14043896921055016,0.14043896921055016,0.14043896921055016,0.1464005258403401,0.15236208247013006,0.15832363909992,0.16428519572970995,0.14026424318866415,0.10678130450347982,0.05396649761086452,0.0860121742029211,0.10318030631003579,0.1148303959849879,0.12368265854119316,0.14557013265735283
157,0.14043896921055016,0.14043896921055016,0.14192935836799764,0.1478909149977876,0.15385247162757754,0.1598140282573675,0.16577558488715746,0.12676337776069377,0.11380096210220668,0.06745276078313983,0.09287883686280225,0.10623445974415663,0.11631561644542032,0.12616127104234168,0.14557013265735283
