trading_days_to_expiration,-12,-11,-10,-9,-8,-7,-6,-5,-4,-3,-2,-1,0,1,2,3
13,0.4236679459711962,0.4236679459711962,0.3869232316182471,0.3503563740061648,0.29388349888654,0.2773645201746986,0.22554933823254786,0.1945131982618032,0.177401153070862,0.16310131126715105,0.14175535260118624,0.13437521620134785,0.14214728863929,0.15585915089189536,0.16517949059393994,0.1711977601033747
28,0.4236679459711962,0.41448176738295894,0.3777815172152265,0.3362381552262586,0.28975375420857963,0.26441072468916094,0.2177903032398617,0.19023518696406788,0.17382619261993426,0.17269513370922795,0.16279407623092368,0.16789652796366808,0.16128084768914538,0.16786126820949426,0.17299400959269107,0.18197207384540784
73,0.4236679459711962,0.40529558879472166,0.368639802812206,0.3221199364463524,0.2856240095306193,0.2514569292036232,0.21003126824717552,0.18595717566633257,0.1702512321690065,0.12584358423283049,0.07460124726998235,0.10097153838150938,0.1160680311189064,0.12632958145160977,0.13445444055700845,0.18197207384540784
132,0.4236679459711962,0.3961094102064844,0.3594980884091854,0.3080017176664462,0.28149426485265894,0.23850313371808554,0.20227223325448934,0.1816791643685973,0.16667627171807878,0.07899203475643299,0.10336548305053646,0.11800874900792362,0.12933840040654745,0.1386458146634408,0.1452584150173694,0.18197207384540784
