trading_days_to_expiration,-7,-6,-5,-4,-3,-2,-1,0,1,2,3,4,5,6,7
19,0.07684037507585087,0.07684037507585087,0.07684037507585087,0.07684037507585087,0.07684037507585087,0.07684037507585087,0.07684037507585087,0.07766377838079735,0.08711355001063358,0.10001075895272661,0.11767854631838895,0.09533332002793074,0.09773872809249223,0.10086603371354255,0.10424871798266903
38,0.07684037507585087,0.07684037507585087,0.07684037507585087,0.07684037507585087,0.07684037507585087,0.07684037507585087,0.07684037507585087,0.07413073710177434,0.08319537752825065,0.0889480949406156,0.10703438691571869,0.09480486628537188,0.09946988586733184,0.10069852874922809,0.10610756508154673
61,0.07684037507585087,0.07684037507585087,0.07684037507585087,0.07684037507585087,0.07684037507585087,0.07684037507585087,0.07684037507585087,0.07466552776984772,0.08823913098051067,0.08859211825013857,0.09639022751304843,0.09427641254281303,0.10120104364217145,0.10053102378491365,0.10796641218042442
126,0.07684037507585087,0.07684037507585087,0.07684037507585087,0.07684037507585087,0.07684037507585087,0.07684037507585087,0.07051592644560978,0.08853298295017895,0.09544838316709045,0.09965634306363515,0.09586177377048959,0.09600757031765264,0.101033538677857,0.10238987088379134,0.10796641218042442
