trading_days_to_expiration,-14,-13,-12,-11,-10,-9,-8,-7,-6,-5,-4,-3,-2,-1,0,1,2
1,0.6794594733092866,0.6794594733092866,0.6794594733092866,0.6794594733092866,0.6794594733092866,0.6794594733092866,0.6794594733092866,0.6217083120329974,0.563957150756708,0.47854712592018506,0.39313710108366207,0.3077270762471391,0.22231705141061606,0.31170037120476357,0.013194354892872285,0.1418984097766388,0.2540433073414704
21,0.6794594733092866,0.6794594733092866,0.6794594733092866,0.6794594733092866,0.6794594733092866,0.6794594733092866,0.6650216829902142,0.607270521713925,0.5426046445475773,0.4571946197110543,0.3717845948745313,0.2863745700380083,0.14727060579269421,0.10410060633373314,0.12272803814272405,0.13493416912453923,0.14205550231830733
66,0.6794594733092866,0.6794594733092866,0.6794594733092866,0.6794594733092866,0.6794594733092866,0.6794594733092866,0.6505838926711419,0.5928327313948527,0.5212521383384465,0.4358421135019236,0.35043208866540054,0.2650220638288776,0.07222416017477236,0.10028717359646246,0.1139497106971919,0.12474343466036387,0.13012844718698557
126,0.6794594733092866,0.6794594733092866,0.6794594733092866,0.6794594733092866,0.6794594733092866,0.6794594733092866,0.6361461023520696,0.5783949410757804,0.4998996321293158,0.4144896072927928,0.32907958245626984,0.24366955761974685,0.06095244348563479,0.08339708769693437,0.09734470131797426,0.18939337100091713,0.13012844718698557
