trading_days_to_expiration,-13,-12,-11,-10,-9,-8,-7,-6,-5,-4,-3,-2,-1,0,1,2,3
18,0.14069649855934974,0.14069649855934974,0.14069649855934974,0.14069649855934974,0.14069649855934974,0.14021138887095166,0.1392411694941555,0.13827095011735935,0.13730073074056318,0.13633051136376703,0.13536029198697086,0.13071079882674067,0.13307278599031425,0.13870892566517473,0.14456474987178997,0.1543372076030509,0.15628238750606377
33,0.14069649855934974,0.14069649855934974,0.14069649855934974,0.14069649855934974,0.14069649855934974,0.13996883402675261,0.13899861464995647,0.1380283952731603,0.13705817589636413,0.13608795651956798,0.14383650747203025,0.15353502619760548,0.14912692491545332,0.15235022719162628,0.15812207358148486,0.16551409278039672,0.17160072258790265
78,0.14069649855934974,0.14069649855934974,0.14069649855934974,0.14069649855934974,0.14069649855934974,0.13972627918255356,0.13875605980575742,0.13778584042896125,0.1368156210521651,0.13584540167536893,0.11134172723015856,0.07784151632806516,0.10143922036941104,0.11389506020041253,0.12398764539413366,0.1624368576889524,0.17160072258790265
137,0.14069649855934974,0.14069649855934974,0.14069649855934974,0.14069649855934974,0.1404539437151507,0.13948372433835454,0.13851350496155837,0.13754328558476223,0.13657306620796605,0.1356028468311699,0.07884694698828686,0.09982992952289826,0.11525712108526699,0.12443294420516002,0.1334105913012505,0.15935962259750808,0.17160072258790265
