trading_days_to_expiration,-12,-11,-10,-9,-8,-7,-6,-5,-4,-3,-2,-1,0,1,2,3
12,0.2104909079001107,0.2104909079001107,0.2104909079001107,0.2104909079001107,0.2104909079001107,0.2104909079001107,0.2104909079001107,0.16037439716744142,0.11025788643477212,0.13029890706311525,0.12752819889452713,0.13626381030238174,0.15263993158741843,0.15455186601474752,0.1640562308166008,0.1723573582361493
27,0.2104909079001107,0.2104909079001107,0.2104909079001107,0.2104909079001107,0.2104909079001107,0.2104909079001107,0.19796178021694338,0.1478452694842741,0.09772875875160479,0.1771604477837463,0.1642619435415462,0.16080377837392523,0.1615965949836743,0.17129359034827107,0.17902727407589075,0.1865701903353585
72,0.2104909079001107,0.2104909079001107,0.2104909079001107,0.2104909079001107,0.2104909079001107,0.2104909079001107,0.18543265253377605,0.13531614180110677,0.08519963106843748,0.1388759834048524,0.062461505608980145,0.09688032499951318,0.11283523721381891,0.1256157309406595,0.13287681684587271,0.1865701903353585
131,0.2104909079001107,0.2104909079001107,0.2104909079001107,0.2104909079001107,0.2104909079001107,0.2104909079001107,0.17290352485060873,0.12278701411793945,0.07267050338527013,0.1005915190259585,0.11495403361639966,0.12630253684765394,0.1359902683278351,0.14155919938811726,0.152617087541011,0.1865701903353585
