trading_days_to_expiration,-12,-11,-10,-9,-8,-7,-6,-5,-4,-3,-2,-1,0,1,2,3
20,0.07001129240649516,0.07001129240649516,0.07001129240649516,0.07001129240649516,0.07001129240649516,0.07001129240649516,0.07001129240649516,0.07001129240649516,0.07001129240649516,0.07001129240649516,0.07001129240649516,0.07245264310344868,0.08881137083125415,0.0914740250211355,0.10104805487449958,0.11192817439610016
40,0.07001129240649516,0.07001129240649516,0.07001129240649516,0.07001129240649516,0.07001129240649516,0.07001129240649516,0.07001129240649516,0.07001129240649516,0.07001129240649516,0.07001129240649516,0.07062163008073354,0.05724393222566288,0.08516916488583152,0.09569640830377255,0.10522127614348296,0.11192817439610016
85,0.07001129240649516,0.07001129240649516,0.07001129240649516,0.07001129240649516,0.07001129240649516,0.07001129240649516,0.07001129240649516,0.07001129240649516,0.07001129240649516,0.07001129240649516,0.07123196775497193,0.055872817653127724,0.07830597899543629,0.0892197576769003,0.09493426941776141,0.11192817439610016
145,0.07001129240649516,0.07001129240649516,0.07001129240649516,0.07001129240649516,0.07001129240649516,0.07001129240649516,0.07001129240649516,0.07001129240649516,0.07001129240649516,0.07001129240649516,0.0718423054292103,0.07234209424219093,0.03920133666363492,0.059864308658764846,0.10343122190693078,0.11192817439610016
