trading_days_to_expiration,-8,-7,-6,-5,-4,-3,-2,-1,0,1,2,3,4,5,6,7
25,0.15920608018641377,0.15920608018641377,0.1473564356797226,0.2620071771541945,0.2780882112616148,0.26705541723401466,0.27344878861592464,0.2770672938433599,0.2772045460485856,0.2791389508997202,0.2810623865299135,0.277148811594746,0.27679676343051896,0.2758986892740927,0.2785360546730011,0.2483200150251935
45,0.15920608018641377,0.1333626289890291,0.15374280857150135,0.21671998044023424,0.11975800129938159,0.17070241184810317,0.19388310474816942,0.20587166924953731,0.21806407603094152,0.22319364618478532,0.23085618636574665,0.23529291850266076,0.24092938795219038,0.24450441923074215,0.2481868791922236,0.24836439363618346
103,0.15920608018641377,0.10751917779164441,0.16012918146328015,0.17143278372627396,0.20029910843437163,0.2055089078617648,0.21443386837321637,0.2227997356024457,0.22590326930747573,0.2286090088316851,0.23240101984740355,0.23621155184720086,0.23636214178327053,0.23899400010374133,0.24823125780321356,0.24836439363618346
163,0.15920608018641377,0.1274378067356835,0.21106817930873734,0.1932281525993592,0.2085998856084129,0.2114341354477023,0.20873320776592313,0.21786959584042845,0.2219148452424213,0.22506870790713693,0.22668738890941925,0.2304526681711219,0.25613041552868165,0.2587650273883712,0.24827563641420353,0.24836439363618346
