trading_days_to_expiration,-8,-7,-6,-5,-4,-3,-2,-1,0,1,2,3,4,5,6,7
1,0.2495718471993684,0.2495718471993684,0.24973488716596748,0.2070374154585613,0.2181236036194953,0.22672837076146804,0.23341242420090225,0.23787578066279363,0.07619955106482108,0.1964754295020687,0.3056333342304858,0.40906528644343965,0.5076563428464372,0.6021528397117962,0.2547711902874791,0.24859814469597372
26,0.2495718471993684,0.2495718471993684,0.2497892338215005,0.2566067351264018,0.2615095862654099,0.26317233704781995,0.26491806173698773,0.2649520069914064,0.2683368645515479,0.2698769496177235,0.27063385382611527,0.2714601336558491,0.2735453068151875,0.27042820667322537,0.270798568779029,0.24846364150034878
46,0.2495718471993684,0.24962619385490142,0.20362866480611064,0.21567217804999125,0.1294821880053115,0.1643992957493243,0.18857477922675847,0.20331513773185847,0.21195480652497084,0.21945883641276964,0.2277274685470975,0.23271081499471807,0.23798612251369336,0.2448670362972421,0.24886715108722363,0.2483291383047238
104,0.2495718471993684,0.24968054051043445,0.1574680957907208,0.1747376209735807,0.19028440447511613,0.20190678666481673,0.21079955433418088,0.21843878172155307,0.2208558240326114,0.2254432718692887,0.23001208825954628,0.23227593565326948,0.2353216930531096,0.23874381179592918,0.24873264789159866,0.2483291383047238
