trading_days_to_expiration,-9,-8,-7,-6,-5,-4,-3,-2,-1,0,1,2,3,4,5,6,7
12,0.25473220317717504,0.25473220317717504,0.25473220317717504,0.25473220317717504,0.25473220317717504,0.24097752928386024,0.24475179897444752,0.24211168978887626,0.237149412745208,0.2393027527944598,0.238565046182055,0.2349465588369193,0.23656811546502057,0.24104952958129006,0.2376755473297971,0.25493808098571397,0.1948731791908972
37,0.25473220317717504,0.25473220317717504,0.25473220317717504,0.25473220317717504,0.21478835178215738,0.21495139814849745,0.21731354755614973,0.2220712535061057,0.2210215348810485,0.2231581040077025,0.22638659093030325,0.22246402629578582,0.22360889152019262,0.21923118375236855,0.22350816078562996,0.22136212191987886,0.19546383138027087
57,0.25473220317717504,0.25473220317717504,0.25473220317717504,0.25473220317717504,0.17484450038713972,0.1835821762702592,0.11779938396822524,0.14663977220955415,0.16365113578097976,0.17119022662122477,0.1788641902781474,0.1813012678280279,0.18591495357031104,0.1894437295879608,0.19018234669006615,0.1936918748121498,0.19605448356964456
115,0.25473220317717504,0.25473220317717504,0.25473220317717504,0.25473220317717504,0.13490064899212204,0.15221295439202093,0.16021628550396894,0.16912004506970524,0.17462970795040064,0.174625563233797,0.17970945370124547,0.18226660671621356,0.1840910988265599,0.184866911891195,0.22256021383789004,0.1942825270015235,0.19605448356964456
