trading_days_to_expiration,-9,-8,-7,-6,-5,-4,-3,-2,-1,0,1,2,3,4,5,6,7
18,0.12825050641368543,0.12825050641368543,0.12825050641368543,0.2681008738601768,0.26441816560861764,0.27721623403305595,0.28239227561360003,0.2867729408487378,0.28322007952116024,0.2862859484878248,0.28742647630956475,0.285658010911382,0.28297517161818553,0.27986486445402,0.27598515032689586,0.2775945150975479,0.2502707528118745
38,0.12825050641368543,0.12825050641368543,0.12825050641368543,0.22151872613174087,0.2280701529174769,0.24190779853801705,0.15045775948938964,0.18190418972376254,0.2004765898869208,0.21755670139147176,0.2226795699367903,0.23181475305040206,0.23754395689489327,0.2421108119624912,0.2445299806332027,0.25133473799862804,0.24991609108295662
96,0.12825050641368543,0.12825050641368543,0.12825050641368543,0.17493657840330495,0.19172214022633613,0.20659936304297816,0.21661525315070684,0.2247516377693597,0.22993455687224423,0.23478498833833444,0.23775956772103143,0.24059269844638556,0.24310139392141492,0.24575292403173468,0.2555514921213178,0.2509800762697102,0.24991609108295662
156,0.12825050641368543,0.12825050641368543,0.16523737670638147,0.18186923951296005,0.1933047750223071,0.20212475141216077,0.20934253048659782,0.21324501832326484,0.22021513049380695,0.22497768901248708,0.22864207056886307,0.23045151241303669,0.2321640666673481,0.26086903717931526,0.2665730036094328,0.25062541454079235,0.24991609108295662
