trading_days_to_expiration,-8,-7,-6,-5,-4,-3,-2,-1,0,1,2,3,4,5,6,7
15,0.1745034017400375,0.2704546824643023,0.28935583269308673,0.30901581328051536,0.3100316313627495,0.30409877476160385,0.3101754733944561,0.3071317046117199,0.30376517893774707,0.3040562222590891,0.3022135987632035,0.2977528118086773,0.28653072794354567,0.27929306891719696,0.2829224574150631,0.26492851341637896
35,0.1745034017400375,0.20671109913263178,0.23988876947891719,0.26127588511125927,0.2656221702878645,0.18073550282976533,0.20451689628070585,0.2240077496993716,0.23452317949167686,0.24051164099265335,0.2508312597815601,0.2555415918444537,0.2599702346945699,0.2643747487352658,0.26403270854665467,0.2652271150396204
93,0.1745034017400375,0.14296751580096123,0.1904217062647476,0.21353595694200314,0.22121270921297945,0.22937202747504823,0.23748099500146994,0.24678681444023218,0.2501271497930234,0.2524458181612519,0.2567363408817617,0.2600585393065392,0.26285580210045156,0.2641813422619045,0.2643313101698961,0.2652271150396204
153,0.1745034017400375,0.1927067957968134,0.2026857949864673,0.21389524932509824,0.22060166922364452,0.22667487233077255,0.23181223218028532,0.23752290277369345,0.24095168114037868,0.24625467152786254,0.2476030361805042,0.252559733441013,0.27107443550882426,0.2735518998384838,0.26462991179313755,0.2652271150396204
