trading_days_to_expiration,-10,-9,-8,-7,-6,-5,-4,-3,-2,-1,0,1,2,3,4,5
15,0.3601944146934345,0.3601944146934345,0.3601944146934345,0.32973024971579157,0.32375781146879096,0.2844705526456065,0.2685003234920443,0.25356336464348905,0.24679157667273416,0.23957992513167808,0.2360019110124866,0.23428139975520207,0.238605823193816,0.23644700327613363,0.2392682951105593,0.17648763807733342
40,0.3601944146934345,0.3601944146934345,0.35257837344902376,0.32823714015404143,0.31393599676299483,0.22147124203347407,0.22126048259207617,0.2192353190915961,0.2189865809807255,0.21824973084372373,0.21589167139366475,0.2149401153928619,0.21382444798947778,0.21231177603506532,0.2137485557496156,0.17604769657703245
60,0.3601944146934345,0.3601944146934345,0.34496233220461303,0.3267440305922913,0.30411418205719876,0.1584719314213416,0.16897719382550988,0.11734571186307877,0.1384984989255232,0.15186670819021408,0.1606344707356223,0.16511336748800037,0.16598449339038715,0.17313248875747375,0.1773675210779354,0.17560775507673146
118,0.3601944146934345,0.3601944146934345,0.3373462909602023,0.3252509210305411,0.29429236735140263,0.09547262080920915,0.1166939050589436,0.14025143283307692,0.14744469276032468,0.15493922537317237,0.15988460575931404,0.16621976246154874,0.16668394594061456,0.1691135698572094,0.17692757957763441,0.17560775507673146
