trading_days_to_expiration,-11,-10,-9,-8,-7,-6,-5,-4,-3,-2,-1,0,1,2,3,4
14,0.3755742618624003,0.3755742618624003,0.3755742618624003,0.3755742618624003,0.3019751228088921,0.274048822100274,0.28079933503614335,0.2645557393116477,0.25282845230895223,0.2532690174650839,0.24497660326511989,0.24225644156960868,0.24342517165673105,0.24434123519433462,0.2465133797934613,0.24644236927419175
39,0.3755742618624003,0.3755742618624003,0.3755742618624003,0.3571744770990232,0.2949935476317376,0.2757364503342413,0.27673843610501947,0.2127846353891956,0.22039809902436094,0.21756612510458545,0.21768283879893807,0.2208424383259738,0.21879297230879102,0.2188698666775619,0.2164378553916188,0.21901008099711763
59,0.3755742618624003,0.3755742618624003,0.3755742618624003,0.33877469233564617,0.28801197245458304,0.27742407856820867,0.27267753717389553,0.16588338067449693,0.11825129844063251,0.13855875223091246,0.15151495131253498,0.1581095110133893,0.166261404331615,0.1675097823921746,0.17467476487861727,0.17651544426575777
117,0.3755742618624003,0.3755742618624003,0.3755742618624003,0.32037490757226916,0.2810303972774285,0.279111706802176,0.2686166382427716,0.11898212595979826,0.13319924342647285,0.14576336856328556,0.15188896397926305,0.1550230272588777,0.15962577203960404,0.1636532868148561,0.21055856707640452,0.17651544426575777
