trading_days_to_expiration,-8,-7,-6,-5,-4,-3,-2,-1,0,1,2,3,4,5,6,7
16,0.17420294324106278,0.17420294324106278,0.293355738873439,0.2787824199409239,0.30096104952405023,0.2983202674871602,0.30584399737267415,0.3054719512595739,0.30753837694328356,0.30643162696285287,0.3095458383154554,0.30613289642872926,0.29826338069216324,0.29314388232440725,0.2888509281338096,0.26807162806604656
36,0.17420294324106278,0.17420294324106278,0.24987992903866932,0.2469655518818795,0.2637339933115436,0.19177465929584875,0.21399137023966672,0.23064836005024203,0.24286198011430743,0.2467662175585444,0.25430036944554407,0.26023607647201696,0.26389591259101053,0.2661825322098298,0.26873840542093447,0.26784936894775063
94,0.17420294324106278,0.17420294324106278,0.20640411920389962,0.21514868382283509,0.226506937099037,0.23137914501814327,0.23961546052346666,0.24675478366312878,0.2501493927724156,0.2552976606211594,0.2574763133390903,0.2613364484416549,0.263075914024845,0.26332182204836585,0.26851614630263854,0.26784936894775063
154,0.17420294324106278,0.18804397406870188,0.16187073880209446,0.19730315329703543,0.2154261315264893,0.22151303471424935,0.2274962421688126,0.2332344746486496,0.2369978742169113,0.2389689719797542,0.24947070714464914,0.24878924395330146,0.2512228062783286,0.2760863750910877,0.26829388718434255,0.26784936894775063
