trading_days_to_expiration,-9,-8,-7,-6,-5,-4,-3,-2,-1,0,1,2,3,4,5,6,7
11,0.34512420969241747,0.34512420969241747,0.34512420969241747,0.34512420969241747,0.34628863417081535,0.2853084119576335,0.2837506889982921,0.24891101681349384,0.24885295885816058,0.24360216166264756,0.24507925296583016,0.24611140185002914,0.2468384604438592,0.25227378742025663,0.2486941485320829,0.25984531151833495,0.19805156215458022
36,0.34512420969241747,0.34512420969241747,0.34512420969241747,0.25325256420542724,0.27725138324461257,0.24257622175713528,0.21170925245860167,0.22894641218449666,0.2331487527726787,0.23032208899382287,0.23009028642462398,0.22630355960413281,0.2234632788105488,0.22334244688908728,0.22266055363451429,0.22145832632687443,0.19783151173332406
56,0.34512420969241747,0.34512420969241747,0.34512420969241747,0.161380918718437,0.20821413231840982,0.20354807483126364,0.11619887563332344,0.15676922112232333,0.16854453202428424,0.17876239418875925,0.18281292933515755,0.1885099264822181,0.19072425881337868,0.19430117857305623,0.19664082691855994,0.19849166299709256,0.1976114613120679
114,0.34512420969241747,0.34512420969241747,0.34512420969241747,0.06950927323144675,0.13917688139220707,0.16451992790539202,0.16048604128118862,0.17806292675804397,0.17656844380429104,0.18331693922673964,0.18344269244668193,0.18677479759811377,0.18964490023166883,0.19083392456757872,0.22824306921844745,0.1982716125758364,0.1976114613120679
