trading_days_to_expiration,-8,-7,-6,-5,-4,-3,-2,-1,0,1,2,3,4,5,6,7
17,0.13236428753615162,0.1426748365884609,0.2964604658613321,0.2796829904114818,0.3063301654791271,0.30088120189918127,0.3037697201996465,0.3037446378138424,0.30415623099033995,0.3048740739283268,0.30336645766930576,0.3020559073865446,0.301068840429818,0.2924674589867163,0.28985880735368175,0.25910972776455155
37,0.13236428753615162,0.1529853856407702,0.24157242220874597,0.2393212957721849,0.26122678445818176,0.1745905951223967,0.1992137058485634,0.22119507315525677,0.23255320198489396,0.24131585176675224,0.24748099110083438,0.25225818238253495,0.2550291393627598,0.2574545619237628,0.26077672298746274,0.2585540626902478
95,0.13236428753615162,0.16329593469307946,0.18668437855615982,0.19895960113288796,0.21612340343723643,0.22555035144880742,0.23145035572887096,0.23841894921627188,0.24175927559716281,0.2457273049344272,0.2469090067103528,0.25002337536498753,0.2533113007966679,0.2519757843635677,0.26022105791315897,0.2585540626902478
155,0.13236428753615162,0.17360648374538873,0.1895204988664234,0.20056447758218243,0.20901202274921907,0.22053833923411229,0.2242025234564995,0.22933853619041453,0.23113580560249433,0.2369618966648191,0.2398858999014585,0.2428250431510764,0.2728893798916921,0.27091729585862473,0.25966539283885526,0.2585540626902478
