trading_days_to_expiration,-11,-10,-9,-8,-7,-6,-5,-4,-3,-2,-1,0,1,2,3,4,5
9,0.17689450139209006,0.17689450139209006,0.17689450139209006,0.19432147120136328,0.22917541081990975,0.2640293504384562,0.29888329005700265,0.24967247970487425,0.1998385402764666,0.15866628634775476,0.14050417382172756,0.12605838143101594,0.13684418138021615,0.17162762189704558,0.21500354117785087,0.25780356539358074,0.31083997486870824
29,0.17689450139209006,0.17689450139209006,0.17689450139209006,0.2030349561059999,0.23788889572454636,0.2727428353430928,0.23068762346909627,0.23721399484777234,0.18954547679428865,0.12391029027724895,0.10625567948515183,0.09271859592881093,0.11693397973191645,0.13911924851620175,0.1652185393496601,0.1919011263071987,0.31083997486870824
87,0.17689450139209006,0.17689450139209006,0.17689450139209006,0.2117484410106365,0.24660238062918297,0.28145632024772943,0.1624919568811899,0.22475550999067043,0.17925241331211067,0.08915429420674316,0.07200718514857608,0.10157646427712297,0.11610119551010961,0.1273081654390486,0.13792057284254364,0.14740328068109917,0.31083997486870824
148,0.17689450139209006,0.17689450139209006,0.18560798629672667,0.22046192591527314,0.2553158655338196,0.290169805152366,0.09429629029328351,0.21229702513356852,0.16895934982993271,0.05439829813623736,0.08198515947960831,0.10456467987059516,0.11737186722929997,0.12498723460526692,0.13175801365903284,0.1384166742364493,0.31083997486870824
