trading_days_to_expiration,-11,-10,-9,-8,-7,-6,-5,-4,-3,-2,-1,0,1,2,3,4
5,0.0668714095649202,0.0668714095649202,0.0668714095649202,0.0668714095649202,0.0668714095649202,0.0668714095649202,0.0668714095649202,0.0668714095649202,0.0668714095649202,0.0668714095649202,0.0808113525242141,0.1268449829176699,0.16099004719642107,0.21370900961967274,0.2676708706665427,0.33344930017014607
30,0.0668714095649202,0.0668714095649202,0.0668714095649202,0.0668714095649202,0.0668714095649202,0.0668714095649202,0.0668714095649202,0.0668714095649202,0.0668714095649202,0.0668714095649202,0.10572795514960769,0.12400403117385898,0.13057189416739387,0.14210475122733046,0.15642735519114573,0.17773124079776287
50,0.0668714095649202,0.0668714095649202,0.0668714095649202,0.0668714095649202,0.0668714095649202,0.0668714095649202,0.0668714095649202,0.0668714095649202,0.0668714095649202,0.07151805721801817,0.11276696440562843,0.07570959981699045,0.10272031492286032,0.1191768233900185,0.13301710034381808,0.1477414010099259
108,0.0668714095649202,0.0668714095649202,0.0668714095649202,0.0668714095649202,0.0668714095649202,0.0668714095649202,0.0668714095649202,0.0668714095649202,0.0668714095649202,0.07616470487111614,0.11980597366164916,0.09112644505079529,0.10814763779664262,0.12246461074784172,0.13197229511558065,0.1390005707438655
