trading_days_to_expiration,-11,-10,-9,-8,-7,-6,-5,-4,-3,-2,-1,0,1,2,3,4
19,0.09854179890669473,0.09854179890669473,0.09854179890669473,0.09854179890669473,0.09854179890669473,0.09854179890669473,0.09854179890669473,0.09854179890669473,0.09854179890669473,0.09854179890669473,0.09854179890669473,0.11615933773626001,0.12942358332201498,0.15227714414700452,0.17985910456858148,0.21118720857967674
39,0.09854179890669473,0.09854179890669473,0.09854179890669473,0.09854179890669473,0.09854179890669473,0.09854179890669473,0.09854179890669473,0.09854179890669473,0.09854179890669473,0.09854179890669473,0.09265280268851407,0.06810164723910173,0.09922451453359293,0.119356020798955,0.14075325375949765,0.16063344993401238
97,0.09854179890669473,0.09854179890669473,0.09854179890669473,0.09854179890669473,0.09854179890669473,0.09854179890669473,0.09854179890669473,0.09854179890669473,0.09854179890669473,0.09854179890669473,0.08676380647033341,0.07804269269809823,0.09974120766830712,0.11488365167460395,0.12584314001382732,0.13775411700853615
158,0.09854179890669473,0.09854179890669473,0.09854179890669473,0.09854179890669473,0.09854179890669473,0.09854179890669473,0.09854179890669473,0.09854179890669473,0.09854179890669473,0.09854179890669473,0.08087481025215275,0.10010217714626415,0.11043737928516224,0.11824749807622435,0.16851517429675203,0.13775411700853615
