trading_days_to_expiration,-10,-9,-8,-7,-6,-5,-4,-3,-2,-1,0,1,2,3,4,5
20,0.03820421962046348,0.03820421962046348,0.03820421962046348,0.03820421962046348,0.03820421962046348,0.03820421962046348,0.03820421962046348,0.03820421962046348,0.03820421962046348,0.047774095844957766,0.052908052875379905,0.07989244568874157,0.11602609930951088,0.14452298691109905,0.17463814326877813,0.2084956954904405
39,0.03820421962046348,0.03820421962046348,0.03820421962046348,0.03820421962046348,0.03820421962046348,0.03820421962046348,0.03820421962046348,0.03820421962046348,0.03820421962046348,0.05734397206945206,0.03297709500947083,0.08150122292213967,0.09933299646224773,0.11472929076442541,0.13386458740257703,0.2084956954904405
78,0.03820421962046348,0.03820421962046348,0.03820421962046348,0.03820421962046348,0.03820421962046348,0.03820421962046348,0.03820421962046348,0.03820421962046348,0.03820421962046348,0.06691384829394635,0.09172019097591838,0.10527652522726501,0.11450015966148815,0.12572068579312,0.13983627958475298,0.2084956954904405
139,0.03820421962046348,0.03820421962046348,0.03820421962046348,0.03820421962046348,0.03820421962046348,0.03820421962046348,0.03820421962046348,0.03820421962046348,0.03820421962046348,0.07283901074128897,0.09344137511865597,0.10538411124467688,0.11306509522443717,0.1188259149544998,0.12465858887295621,0.2084956954904405
