trading_days_to_expiration,-11,-10,-9,-8,-7,-6,-5,-4,-3,-2,-1,0,1,2,3,4,5
13,0.21750577792425677,0.21750577792425677,0.21750577792425677,0.21750577792425677,0.21750577792425677,0.21750577792425677,0.21750577792425677,0.18073188235853704,0.1439579867928173,0.12847849920784404,0.12209659501515875,0.12261408577068662,0.13338826597606135,0.15464375599173985,0.19241862979246535,0.23089268597074308,0.2735312204927172
33,0.21750577792425677,0.21750577792425677,0.21750577792425677,0.21750577792425677,0.21750577792425677,0.21750577792425677,0.20831230403282683,0.1715384084671071,0.14008811489657397,0.12688302315967273,0.09318027509327557,0.08627821283259725,0.11299308117244966,0.13594274154200417,0.15293510026159485,0.18249159825207278,0.2735312204927172
91,0.21750577792425677,0.21750577792425677,0.21750577792425677,0.21750577792425677,0.21750577792425677,0.21750577792425677,0.1991188301413969,0.16234493457567717,0.13621824300033067,0.1252875471115014,0.0642639551713924,0.0967150327573537,0.11178876229181788,0.12192500719664268,0.13150062018892875,0.14033195350452668,0.2735312204927172
152,0.21750577792425677,0.21750577792425677,0.21750577792425677,0.21750577792425677,0.21750577792425677,0.21750577792425677,0.18992535624996695,0.15315146068424723,0.13234837110408737,0.12369207106333008,0.07560241175913186,0.10020301088848797,0.11392233332991851,0.12226352444970792,0.12920915707469013,0.1351809085805497,0.2735312204927172
