trading_days_to_expiration,-11,-10,-9,-8,-7,-6,-5,-4,-3,-2,-1,0,1,2,3,4,5
2,0.08628324461245816,0.08628324461245816,0.08628324461245816,0.08628324461245816,0.08628324461245816,0.08628324461245816,0.08628324461245816,0.08628324461245816,0.08628324461245816,0.08628324461245816,0.08628324461245816,0.07668213077787996,0.1436573661603952,0.2495508016801056,0.3650195917401921,0.47363369500437735,0.5768138935880233
27,0.08628324461245816,0.08628324461245816,0.08628324461245816,0.08628324461245816,0.08628324461245816,0.08628324461245816,0.08628324461245816,0.08628324461245816,0.08628324461245816,0.08628324461245816,0.08628324461245816,0.10127155608573793,0.1185539166654925,0.13107972476028934,0.14990157752530778,0.1743588813345543,0.19709691821760209
47,0.08628324461245816,0.08628324461245816,0.08628324461245816,0.08628324461245816,0.08628324461245816,0.08628324461245816,0.08628324461245816,0.08628324461245816,0.08628324461245816,0.08628324461245816,0.06918797504124008,0.08175081881308413,0.10506887824145032,0.12291122934384363,0.14168774468734815,0.15984659341238083,0.19709691821760209
105,0.08628324461245816,0.08628324461245816,0.08628324461245816,0.08628324461245816,0.08628324461245816,0.08628324461245816,0.08628324461245816,0.08628324461245816,0.08628324461245816,0.08628324461245816,0.05209270547002198,0.09351486393664614,0.11097963337844283,0.12344189192305652,0.13245470717900293,0.14062336564746633,0.19709691821760209
