trading_days_to_expiration,-10,-9,-8,-7,-6,-5,-4,-3,-2,-1,0,1,2,3,4,5
3,0.08001956038536917,0.08001956038536917,0.08001956038536917,0.08001956038536917,0.08001956038536917,0.08001956038536917,0.08001956038536917,0.21856562586212544,0.15556437616494748,0.09256312646776953,0.0748429714536061,0.1478286651033447,0.2290461687719447,0.3225461708435649,0.41064005842512513,0.49464860828502527
23,0.08001956038536917,0.08001956038536917,0.08001956038536917,0.08001956038536917,0.08001956038536917,0.08001956038536917,0.08001956038536917,0.20281531343783094,0.13981406374065297,0.07368613216975997,0.08135065251607651,0.07519033809649153,0.11141691932209496,0.13665128577992952,0.17337727809990194,0.19867961884212235
81,0.08001956038536917,0.08001956038536917,0.08001956038536917,0.08001956038536917,0.08001956038536917,0.08001956038536917,0.08001956038536917,0.18706500101353646,0.1240637513163585,0.05480913787175042,0.08785833357854692,0.10201433696690117,0.11310558105699553,0.12459169906913871,0.13869321336683105,0.19867961884212235
142,0.08001956038536917,0.08001956038536917,0.08001956038536917,0.08001956038536917,0.08001956038536917,0.08001956038536917,0.08001956038536917,0.17131468858924198,0.108313438892064,0.06688146181762156,0.09141810495365776,0.10394640844335554,0.11187723625556627,0.11969960928034512,0.12569510145831922,0.19867961884212235
