trading_days_to_expiration,-11,-10,-9,-8,-7,-6,-5,-4,-3,-2,-1,0,1,2,3,4
18,0.08285906702473685,0.08285906702473685,0.08285906702473685,0.08285906702473685,0.08285906702473685,0.08285906702473685,0.08285906702473685,0.08285906702473685,0.08285906702473685,0.08285906702473685,0.08285906702473685,0.1079505988977433,0.12101843514772383,0.14127319949072562,0.1738927090957396,0.20517900342844728
38,0.08285906702473685,0.08285906702473685,0.08285906702473685,0.08285906702473685,0.08285906702473685,0.08285906702473685,0.08285906702473685,0.08285906702473685,0.08285906702473685,0.08285906702473685,0.079243536745015,0.04742175723570937,0.08831475968455371,0.10966491962444165,0.13289209601354293,0.15437198157273443
96,0.08285906702473685,0.08285906702473685,0.08285906702473685,0.08285906702473685,0.08285906702473685,0.08285906702473685,0.08285906702473685,0.08285906702473685,0.08285906702473685,0.08285906702473685,0.07562800646529315,0.06899823088563396,0.09382942355784797,0.10793349738579781,0.12003169913958675,0.13039417905440048
157,0.08285906702473685,0.08285906702473685,0.08285906702473685,0.08285906702473685,0.08285906702473685,0.08285906702473685,0.08285906702473685,0.08285906702473685,0.08285906702473685,0.08285906702473685,0.0720124761855713,0.09352577990504042,0.10550212247312837,0.11381859379274023,0.11915970518053677,0.13039417905440048
