trading_days_to_expiration,-11,-10,-9,-8,-7,-6,-5,-4,-3,-2,-1,0,1,2,3,4,5
23,0.08937722015739687,0.08937722015739687,0.08937722015739687,0.08937722015739687,0.08937722015739687,0.08937722015739687,0.08937722015739687,0.08937722015739687,0.08937722015739687,0.08937722015739687,0.08937722015739687,0.10439823362550735,0.11996248957252771,0.13430926294138815,0.15310064857103114,0.17546899900799948,0.20093365305036884
43,0.08937722015739687,0.08937722015739687,0.08937722015739687,0.08937722015739687,0.08937722015739687,0.08937722015739687,0.08937722015739687,0.08937722015739687,0.08937722015739687,0.08937722015739687,0.09313247352442448,0.07608779577358274,0.10113288160558173,0.11923250578081868,0.13904125594948027,0.15793664450301761,0.20093365305036884
101,0.08937722015739687,0.08937722015739687,0.08937722015739687,0.08937722015739687,0.08937722015739687,0.08937722015739687,0.08937722015739687,0.08937722015739687,0.08937722015739687,0.08937722015739687,0.09688772689145211,0.08148287784476307,0.10018767465738368,0.11306953375649217,0.1244272036054047,0.13210947497138018,0.20093365305036884
162,0.08937722015739687,0.08937722015739687,0.08937722015739687,0.08937722015739687,0.08937722015739687,0.08937722015739687,0.08937722015739687,0.08937722015739687,0.08937722015739687,0.08937722015739687,0.10064298025847973,0.08267426289669175,0.10034983395342954,0.11029029568579507,0.11852875914375245,0.1665215640108745,0.20093365305036884
