trading_days_to_expiration,-10,-9,-8,-7,-6,-5,-4,-3,-2,-1,0,1,2,3,4,5
2,0.05355635149831013,0.05355635149831013,0.05355635149831013,0.05355635149831013,0.05355635149831013,0.05355635149831013,0.05355635149831013,0.05355635149831013,0.05355635149831013,0.05355635149831013,0.0649912435709801,0.17345270227255,0.2826152866318029,0.39699527409799923,0.5050409577238747,0.6074149028073401
22,0.05355635149831013,0.05355635149831013,0.05355635149831013,0.05355635149831013,0.05355635149831013,0.05355635149831013,0.05355635149831013,0.05355635149831013,0.05355635149831013,0.05355635149831013,0.07638767482158093,0.07315477963703702,0.10899159570296701,0.1373563898551564,0.17117819272043738,0.19640295974269306
80,0.05355635149831013,0.05355635149831013,0.05355635149831013,0.05355635149831013,0.05355635149831013,0.05355635149831013,0.05355635149831013,0.05355635149831013,0.05355635149831013,0.05355635149831013,0.08778410607218176,0.10117341909374493,0.11200935981469284,0.12378295393928326,0.13706684698787566,0.19640295974269306
141,0.05355635149831013,0.05355635149831013,0.05355635149831013,0.05355635149831013,0.05355635149831013,0.05355635149831013,0.05355635149831013,0.05355635149831013,0.05355635149831013,0.05960714845546517,0.08951131802318894,0.10150856224737362,0.10968311453206721,0.11683535802191067,0.1235610304424923,0.19640295974269306
