trading_days_to_expiration,-10,-9,-8,-7,-6,-5,-4,-3,-2,-1,0,1,2,3,4,5
1,0.05897668439704465,0.05897668439704465,0.05897668439704465,0.05897668439704465,0.05897668439704465,0.05897668439704465,0.05897668439704465,0.05897668439704465,0.05897668439704465,0.05897668439704465,0.03422179845666377,0.23556255954612326,0.41006313836254427,0.5712196771522119,0.14425776030066795,0.16278971236827572
21,0.05897668439704465,0.05897668439704465,0.05897668439704465,0.05897668439704465,0.05897668439704465,0.05897668439704465,0.05897668439704465,0.05897668439704465,0.05897668439704465,0.05897668439704465,0.061943661222132004,0.07772067464241442,0.1116178329366727,0.14168518862392707,0.17227195100816936,0.20346168999009823
79,0.05897668439704465,0.05897668439704465,0.05897668439704465,0.05897668439704465,0.05897668439704465,0.05897668439704465,0.05897668439704465,0.05897668439704465,0.05897668439704465,0.05897668439704465,0.08966552398760023,0.10367872779916903,0.11438927299134954,0.12419914812216207,0.13855450499434413,0.20346168999009823
140,0.05897668439704465,0.05897668439704465,0.05897668439704465,0.05897668439704465,0.05897668439704465,0.05897668439704465,0.05897668439704465,0.05897668439704465,0.05897668439704465,0.06517031698369911,0.08958172308950618,0.10211903310697518,0.11144065824647242,0.11624356959316651,0.1221177347464532,0.20346168999009823
