trading_days_to_expiration,-11,-10,-9,-8,-7,-6,-5,-4,-3,-2,-1,0,1,2,3,4,5
11,0.08358893244453369,0.08358893244453369,0.08358893244453369,0.08358893244453369,0.08358893244453369,0.08358893244453369,0.08358893244453369,0.08358893244453369,0.08336384989070357,0.08246351967538307,0.11564268143254021,0.11632340808560243,0.13062312558198885,0.15957421759861612,0.2056082684930512,0.2504958234633724,0.2903549660860813
31,0.08358893244453369,0.08358893244453369,0.08358893244453369,0.08358893244453369,0.08358893244453369,0.08358893244453369,0.08358893244453369,0.08358893244453369,0.08313876733687345,0.21454179737401055,0.08472139371313933,0.0828924384356033,0.11026717431477447,0.13293821279871648,0.1574313707035487,0.18351007129861605,0.2903549660860813
89,0.08358893244453369,0.08358893244453369,0.08358893244453369,0.08358893244453369,0.08358893244453369,0.08358893244453369,0.08358893244453369,0.08358893244453369,0.08291368478304331,0.34662007507263803,0.05380010599373844,0.0933674631190262,0.10963328161482556,0.1200058384546389,0.1297363854448333,0.13925935222542452,0.2903549660860813
150,0.08358893244453369,0.08358893244453369,0.08358893244453369,0.08358893244453369,0.08358893244453369,0.08358893244453369,0.08358893244453369,0.08358893244453369,0.08268860222921319,0.47869835277126555,0.06710634969561642,0.09499655587816175,0.10956075658645337,0.11773114177344203,0.12447233507814617,0.13183908361426563,0.2903549660860813
