trading_days_to_expiration,-11,-10,-9,-8,-7,-6,-5,-4,-3,-2,-1,0,1,2,3,4
10,0.0937418062274625,0.0937418062274625,0.0937418062274625,0.0937418062274625,0.0937418062274625,0.0937418062274625,0.0937418062274625,0.0937418062274625,0.0937418062274625,0.0937418062274625,0.10283476094152055,0.11680811850909165,0.14872162784126589,0.18573695627181144,0.22794413246346928,0.2622852425384143
35,0.0937418062274625,0.0937418062274625,0.0937418062274625,0.0937418062274625,0.0937418062274625,0.0937418062274625,0.0937418062274625,0.0937418062274625,0.0937418062274625,0.0937418062274625,0.11254347262703791,0.12047809653278943,0.1341577263715621,0.14308012575033255,0.156797541241,0.17593691916470164
55,0.0937418062274625,0.0937418062274625,0.0937418062274625,0.0937418062274625,0.0937418062274625,0.0937418062274625,0.0937418062274625,0.0937418062274625,0.0937418062274625,0.08226510610001962,0.0704173821444796,0.10491883346322811,0.12379340977031499,0.14025835481333204,0.15609803908052816,0.17593691916470164
113,0.0937418062274625,0.0937418062274625,0.0937418062274625,0.0937418062274625,0.0937418062274625,0.0937418062274625,0.0937418062274625,0.0937418062274625,0.0937418062274625,0.07078840597257674,0.09224050816193784,0.11442686186828441,0.12740075786251795,0.1370843436079478,0.14485217059883546,0.17593691916470164
