trading_days_to_expiration,-11,-10,-9,-8,-7,-6,-5,-4,-3,-2,-1,0,1,2,3,4
9,0.08448087734678623,0.08448087734678623,0.08448087734678623,0.08448087734678623,0.08448087734678623,0.08448087734678623,0.08448087734678623,0.08448087734678623,0.08448087734678623,0.08448087734678623,0.10872076770720035,0.11301048753317375,0.14138564773139978,0.1802849196455327,0.21574285686609476,0.26080500819335095
34,0.08448087734678623,0.08448087734678623,0.08448087734678623,0.08448087734678623,0.08448087734678623,0.08448087734678623,0.08448087734678623,0.08448087734678623,0.08448087734678623,0.08448087734678623,0.11680073116067172,0.12545221791711403,0.1399015105666331,0.1501451209328104,0.15949490344792966,0.17244629610804135
54,0.08448087734678623,0.08448087734678623,0.08448087734678623,0.08448087734678623,0.08448087734678623,0.08448087734678623,0.08448087734678623,0.08448087734678623,0.08448087734678623,0.0925608408002576,0.09954257198078946,0.10242376030160054,0.12424010919760106,0.14096263998556896,0.15571602315617983,0.17244629610804135
112,0.08448087734678623,0.08448087734678623,0.08448087734678623,0.08448087734678623,0.08448087734678623,0.08448087734678623,0.08448087734678623,0.08448087734678623,0.08448087734678623,0.10064080425372898,0.0822844128009072,0.1126286083081801,0.12458183055040135,0.13896712967328384,0.1464890116512154,0.17244629610804135
