trading_days_to_expiration,-10,-9,-8,-7,-6,-5,-4,-3,-2,-1,0,1,2,3,4,5
12,0.1357815789656288,0.1357815789656288,0.1357815789656288,0.13119256004250113,0.12201452219624578,0.11283648434999044,0.10365844650373508,0.09448040865747974,0.0912342452063932,0.11363153959409394,0.12435370907459568,0.12971374181136533,0.14258911756597525,0.1839995538775143,0.21908691154619403,0.25617066252858167
37,0.1357815789656288,0.1357815789656288,0.1357815789656288,0.1288980505809373,0.11972001273468194,0.1105419748884266,0.10136393704217125,0.0921858991959159,0.11965705455127255,0.12912617964362577,0.13179669077904466,0.14196158005819098,0.1495158949219809,0.16108924298759772,0.17810996715605,0.25617066252858167
57,0.1357815789656288,0.1357815789656288,0.1357815789656288,0.12660354111937347,0.11742550327311811,0.10824746542686275,0.09906942758060741,0.07749866752871487,0.10662547083211021,0.06451609807506127,0.09290272222472354,0.11787535208490832,0.1321960659648789,0.14534946553212694,0.15692586291033817,0.25617066252858167
115,0.1357815789656288,0.1357815789656288,0.13348706950406497,0.12430903165780963,0.11513099381155428,0.10595295596529893,0.09677491811904357,0.06281143586151386,0.09359388711294789,0.1092469565241229,0.12710994736353995,0.13917292445030327,0.14607745075731224,0.15378632865750153,0.20654826271945992,0.25617066252858167
