trading_days_to_expiration,-10,-9,-8,-7,-6,-5,-4,-3,-2,-1,0,1,2,3,4,5
11,0.09234142804056528,0.09234142804056528,0.09234142804056528,0.09234142804056528,0.09234142804056528,0.09234142804056528,0.09234142804056528,0.09234142804056528,0.09234142804056528,0.06969114644312778,0.10887852065069518,0.12019140139207565,0.14673375294778673,0.1883603600526889,0.22726905094461824,0.2590946654420569
36,0.09234142804056528,0.09234142804056528,0.09234142804056528,0.09234142804056528,0.09234142804056528,0.09234142804056528,0.09234142804056528,0.09234142804056528,0.09234142804056528,0.11326094797979101,0.12052404196327637,0.12942806194893977,0.13833955157687866,0.1514648548128293,0.17162881386816534,0.2590946654420569
56,0.09234142804056528,0.09234142804056528,0.09234142804056528,0.09234142804056528,0.09234142804056528,0.09234142804056528,0.09234142804056528,0.09234142804056528,0.08997671648334318,0.10763800321603523,0.08073143956991367,0.1095877282789142,0.12595031081456232,0.142597274410815,0.15691012593847087,0.2590946654420569
114,0.09234142804056528,0.09234142804056528,0.09234142804056528,0.09234142804056528,0.09234142804056528,0.09234142804056528,0.09234142804056528,0.09234142804056528,0.0876120049261211,0.10201505845227946,0.12130980762513731,0.13320065131640643,0.1410193155674143,0.14899279878629076,0.20800239569026388,0.2590946654420569
