trading_days_to_expiration,-10,-9,-8,-7,-6,-5,-4,-3,-2,-1,0,1,2,3,4,5,6
4,0.06854658346981388,0.06854658346981388,0.06854658346981388,0.06854658346981388,0.06854658346981388,0.06854658346981388,0.06854658346981388,0.06854658346981388,0.06854658346981388,0.061066329752330034,0.10303947615294112,0.11079356154861697,0.1730391564717532,0.25165878278894044,0.3025001583736426,0.3783641564137515,0.4504769643919126
24,0.06854658346981388,0.06854658346981388,0.06854658346981388,0.06854658346981388,0.06854658346981388,0.06854658346981388,0.06854658346981388,0.06854658346981388,0.06854658346981388,0.0535860760348462,0.04032950152841411,0.09165428940536677,0.12325090595911425,0.15374134286136912,0.18581206015819748,0.21188253932748577,0.4504769643919126
82,0.06854658346981388,0.06854658346981388,0.06854658346981388,0.06854658346981388,0.06854658346981388,0.06854658346981388,0.06854658346981388,0.06854658346981388,0.06854658346981388,0.046105822317362356,0.07761075274389762,0.09826198690699814,0.10984036394263384,0.12008325926973798,0.1314452582937353,0.14368980758250455,0.4504769643919126
143,0.06854658346981388,0.06854658346981388,0.06854658346981388,0.06854658346981388,0.06854658346981388,0.06854658346981388,0.06854658346981388,0.06854658346981388,0.06854658346981388,0.08466351174041939,0.10081393103607632,0.11133362494525903,0.11784833551493296,0.12271658537496473,0.12886563355205627,0.29708338598720857,0.4504769643919126
