trading_days_to_expiration,-11,-10,-9,-8,-7,-6,-5,-4,-3,-2,-1,0,1,2,3,4
7,0.04940144581301561,0.04940144581301561,0.04940144581301561,0.04940144581301561,0.04940144581301561,0.04940144581301561,0.04940144581301561,0.04940144581301561,0.04940144581301561,0.04940144581301561,0.07869484649869991,0.1199235606110369,0.1432770575549499,0.17766949884235206,0.2235590221917724,0.2791586619008663
32,0.04940144581301561,0.04940144581301561,0.04940144581301561,0.04940144581301561,0.04940144581301561,0.04940144581301561,0.04940144581301561,0.04940144581301561,0.04940144581301561,0.04940144581301561,0.10227872330466263,0.12034553102996783,0.1322235837804417,0.14075824437926607,0.15532623539146434,0.17239017138943596
52,0.04940144581301561,0.04940144581301561,0.04940144581301561,0.04940144581301561,0.04940144581301561,0.04940144581301561,0.04940144581301561,0.04940144581301561,0.04940144581301561,0.05916591270824371,0.10816033574012072,0.07445142166160001,0.10381041504197482,0.12135226744148578,0.1355689254079662,0.14902659669537147
110,0.04940144581301561,0.04940144581301561,0.04940144581301561,0.04940144581301561,0.04940144581301561,0.04940144581301561,0.04940144581301561,0.04940144581301561,0.04940144581301561,0.06893037960347181,0.1140419481755788,0.09267899661122765,0.10911124800955575,0.12426454110334083,0.13318456359938224,0.13983503510990938
