trading_days_to_expiration,-11,-10,-9,-8,-7,-6,-5,-4,-3,-2,-1,0,1,2,3,4,5
20,0.07922165490736068,0.07922165490736068,0.07922165490736068,0.07922165490736068,0.07922165490736068,0.07922165490736068,0.07922165490736068,0.07922165490736068,0.07922165490736068,0.07922165490736068,0.11141241065976727,0.11889060276319312,0.12799959140405184,0.14265769540297144,0.1660512139855299,0.18882246815276635,0.21822055172478536
40,0.07922165490736068,0.07922165490736068,0.07922165490736068,0.07922165490736068,0.07922165490736068,0.07922165490736068,0.07922165490736068,0.07922165490736068,0.07922165490736068,0.08726934384546232,0.08392844427201131,0.08623917722091835,0.10820576883201556,0.12669045057281988,0.14994814148012064,0.17268954969906355,0.21822055172478536
98,0.07922165490736068,0.07922165490736068,0.07922165490736068,0.07922165490736068,0.07922165490736068,0.07922165490736068,0.07922165490736068,0.07922165490736068,0.07922165490736068,0.09531703278356397,0.05644447788425534,0.0920743548826621,0.10804337441651433,0.12004587679358462,0.12964698580821715,0.13982605361063832,0.21822055172478536
159,0.07922165490736068,0.07922165490736068,0.07922165490736068,0.07922165490736068,0.07922165490736068,0.07922165490736068,0.07922165490736068,0.07922165490736068,0.07922165490736068,0.10336472172166562,0.06759132515385467,0.09374898954994675,0.1072322988025095,0.11634626994988316,0.12386783482065392,0.17902330266771183,0.21822055172478536
