trading_days_to_expiration,-10,-9,-8,-7,-6,-5,-4,-3,-2,-1,0,1,2,3,4,5
13,0.12778055642010067,0.12778055642010067,0.12778055642010067,0.12778055642010067,0.12804140680546341,0.12908480834691444,0.1301282098883655,0.1311716114298165,0.10291845437417108,0.14741696554027778,0.16358193087543668,0.17380528192038955,0.19241392925459394,0.22028179238674161,0.25292663810954275,0.2933982454093936
38,0.12778055642010067,0.12778055642010067,0.12778055642010067,0.12778055642010067,0.1283022571908262,0.1293456587322772,0.13038906027372824,0.13143246181517926,0.1379532089357876,0.15638205623270351,0.16422034595744034,0.16944981783773494,0.17257531476542803,0.17808675006207414,0.18390772595455904,0.2005153668897863
58,0.12778055642010067,0.12778055642010067,0.12778055642010067,0.12778055642010067,0.12856310757618894,0.12960650911763996,0.13064991065909098,0.10400823416287447,0.07390813206427495,0.1125501993114534,0.12533737844230303,0.14348907315201745,0.15748296702123893,0.16952785502343648,0.18048509463135493,0.2005153668897863
116,0.12778055642010067,0.12778055642010067,0.12778055642010067,0.12778055642010067,0.1288239579615517,0.1298673595030027,0.13091076104445373,0.0765840065105697,0.10882130480161158,0.12078473438153944,0.13234788398608638,0.14680640848889048,0.15383222648509864,0.16516806965303937,0.1752414652819008,0.2005153668897863
