trading_days_to_expiration,-11,-10,-9,-8,-7,-6,-5,-4,-3,-2,-1,0,1,2,3,4
14,0.09644163315110071,0.09644163315110071,0.09644163315110071,0.09644163315110071,0.09644163315110071,0.09644163315110071,0.09644163315110071,0.09644163315110071,0.09644163315110071,0.09644163315110071,0.11287258283725567,0.12268699993460153,0.13695144959657643,0.1614908596143333,0.1965445964388069,0.22713449597775592
34,0.09644163315110071,0.09644163315110071,0.09644163315110071,0.09644163315110071,0.09644163315110071,0.09644163315110071,0.09644163315110071,0.09644163315110071,0.09644163315110071,0.08661450592162975,0.10363237592447297,0.06857443389279647,0.10280152974624658,0.11950772397300839,0.13829789116663904,0.1621567235459978
92,0.09644163315110071,0.09644163315110071,0.09644163315110071,0.09644163315110071,0.09644163315110071,0.09644163315110071,0.09644163315110071,0.09644163315110071,0.09644163315110071,0.07678737869215879,0.09439216901169027,0.08426948663272789,0.10412735633601128,0.1170673132552975,0.1277135917774119,0.1350351017486728
153,0.09644163315110071,0.09644163315110071,0.09644163315110071,0.09644163315110071,0.09644163315110071,0.09644163315110071,0.09644163315110071,0.09644163315110071,0.09644163315110071,0.09482998076470722,0.08515196209890757,0.10393023335116686,0.11570910617479338,0.12366531431683912,0.12997170105548483,0.1350351017486728
