trading_days_to_expiration,-11,-10,-9,-8,-7,-6,-5,-4,-3,-2,-1,0,1,2,3
8,0.07445270733323542,0.07445270733323542,0.07445270733323542,0.07445270733323542,0.07445270733323542,0.07445270733323542,0.07445270733323542,0.07445270733323542,0.07445270733323542,0.07445270733323542,0.09859871204846643,0.11650246941932853,0.1477888175141019,0.19158138393591248,0.20939290277879846
33,0.07445270733323542,0.07445270733323542,0.07445270733323542,0.07445270733323542,0.07445270733323542,0.07445270733323542,0.07445270733323542,0.07445270733323542,0.07445270733323542,0.07445270733323542,0.10664738028687677,0.12460016578989286,0.13440442267724084,0.14364338017668923,0.15807990357966087
53,0.07445270733323542,0.07445270733323542,0.07445270733323542,0.07445270733323542,0.07445270733323542,0.07445270733323542,0.07445270733323542,0.07445270733323542,0.07445270733323542,0.08250137557164576,0.10993240999769402,0.07989286210231906,0.10837885607009808,0.12837297634496497,0.14317681458755366
111,0.07445270733323542,0.07445270733323542,0.07445270733323542,0.07445270733323542,0.07445270733323542,0.07445270733323542,0.07445270733323542,0.07445270733323542,0.07445270733323542,0.0905500438100561,0.11321743970851128,0.10000916551613735,0.11838981975303409,0.13140852063341926,0.13987112826178794
