trading_days_to_expiration,-11,-10,-9,-8,-7,-6,-5,-4,-3,-2,-1,0,1,2,3,4,5
3,0.0770949282997504,0.0770949282997504,0.0770949282997504,0.0770949282997504,0.0770949282997504,0.0770949282997504,0.0770949282997504,0.0770949282997504,0.0770949282997504,0.07912267748869997,0.0872336742444983,0.05065070786151168,0.13063028444562308,0.20610734237601938,0.3004072715678881,0.3889860002640559,0.4732681360064927
28,0.0770949282997504,0.0770949282997504,0.0770949282997504,0.0770949282997504,0.0770949282997504,0.0770949282997504,0.0770949282997504,0.0770949282997504,0.0770949282997504,0.08115042667764956,0.08926142343344787,0.10561761795158921,0.12047975324870092,0.13116168314787158,0.14730815108676595,0.17391145810858366,0.19173438353865052
48,0.0770949282997504,0.0770949282997504,0.0770949282997504,0.0770949282997504,0.0770949282997504,0.0770949282997504,0.0770949282997504,0.0770949282997504,0.0770949282997504,0.08317817586659913,0.0745572742251068,0.08524092616611802,0.10683833842447807,0.12234541409266736,0.13878516354256928,0.15727300848749123,0.19173438353865052
106,0.0770949282997504,0.0770949282997504,0.0770949282997504,0.0770949282997504,0.0770949282997504,0.0770949282997504,0.0770949282997504,0.0770949282997504,0.0770949282997504,0.0852059250555487,0.059853125016765735,0.09735146186681011,0.11316750915024905,0.1252419909270483,0.1340191408168024,0.14145613664697806,0.19173438353865052
