trading_days_to_expiration,-11,-10,-9,-8,-7,-6,-5,-4,-3,-2,-1,0,1,2,3,4,5
24,0.06955372086872019,0.06955372086872019,0.06955372086872019,0.06955372086872019,0.06955372086872019,0.06955372086872019,0.06955372086872019,0.06955372086872019,0.06955372086872019,0.07499157480763938,0.09674299056331614,0.10764658370120037,0.12115320443380599,0.13558266652969367,0.15399701764080967,0.1752395153690889,0.20217575081924008
44,0.06955372086872019,0.06955372086872019,0.06955372086872019,0.06955372086872019,0.06955372086872019,0.06955372086872019,0.06955372086872019,0.06955372086872019,0.06955372086872019,0.08042942874655858,0.07195368475751712,0.08169799950649817,0.10350829910374877,0.12056097836922801,0.14140541959210232,0.15881423010037615,0.20217575081924008
102,0.06955372086872019,0.06955372086872019,0.06955372086872019,0.06955372086872019,0.06955372086872019,0.06955372086872019,0.06955372086872019,0.06955372086872019,0.06955372086872019,0.08586728268547776,0.0471643789517181,0.09030589675407112,0.10591107961025116,0.11620464628416584,0.12802203322854033,0.13604777614232327,0.20217575081924008
163,0.06955372086872019,0.06955372086872019,0.06955372086872019,0.06955372086872019,0.06955372086872019,0.06955372086872019,0.06955372086872019,0.06955372086872019,0.06955372086872019,0.09130513662439696,0.04922627541532996,0.0882408539907704,0.10312042009429069,0.113472972265,0.12071604896279631,0.16911176348078166,0.20217575081924008
