trading_days_to_expiration,-11,-10,-9,-8,-7,-6,-5,-4,-3,-2,-1,0,1,2,3,4,5
8,0.22969918642858747,0.22969918642858747,0.22969918642858747,0.22969918642858747,0.22969918642858747,0.22969918642858747,0.22969918642858747,0.22969918642858747,0.20969060255038285,0.16951101163219756,0.12124587227201278,0.10899889674304578,0.11638583752595551,0.15430957283313654,0.19793319159190118,0.24650575142691006,0.3011908284454644
28,0.22969918642858747,0.22969918642858747,0.22969918642858747,0.22969918642858747,0.22969918642858747,0.22969918642858747,0.22969918642858747,0.22469704045903632,0.19964570482083654,0.15744472679215138,0.10057380762999414,0.07613678465496802,0.10092792196245597,0.12493513992905621,0.1524574132958517,0.17794467262399336,0.3011908284454644
86,0.22969918642858747,0.22969918642858747,0.22969918642858747,0.22969918642858747,0.22969918642858747,0.22969918642858747,0.22969918642858747,0.21969489448948515,0.1896008070912902,0.14537844195210517,0.0799017429879755,0.08887328310443633,0.10650012914299517,0.11770792582911539,0.12831920580626557,0.13915482488528993,0.3011908284454644
147,0.22969918642858747,0.22969918642858747,0.22969918642858747,0.22969918642858747,0.22969918642858747,0.22969918642858747,0.22969918642858747,0.214692748519934,0.17955590936174387,0.13331215711205896,0.059229678345956854,0.09238087307414346,0.10800479952358985,0.11684312469566106,0.12478927019700485,0.13121001690634213,0.3011908284454644
