trading_days_to_expiration,-10,-9,-8,-7,-6,-5,-4,-3,-2,-1,0,1,2,3,4
15,0.15079937966569879,0.15079937966569879,0.14868825018143603,0.19170911924387363,0.2861953753057999,0.1559282449529901,0.16540671259539683,0.16614980199148055,0.1667487408365536,0.17168966729575602,0.1728437035831175,0.18113864683248135,0.19751478185795807,0.22900844119896852,0.25656162173401614
40,0.15079937966569879,0.15079937966569879,0.14657712069717324,0.2153306832593552,0.25362859271759747,0.1582978618635918,0.12536205459827288,0.14209139129732176,0.15209778268319019,0.1548983544728334,0.1619725730168302,0.16333045066834417,0.16731287370873976,0.17103896943028876,0.18342056200905385
60,0.15079937966569879,0.15079937966569879,0.14446599121291048,0.23895224727483677,0.22106181012939502,0.16066747877419346,0.13895797039600877,0.11900228103566414,0.13324056678961482,0.09110878429012433,0.11338163744273504,0.13598002491037803,0.14963481804669618,0.16155498726100057,0.17167227344653702
118,0.15079937966569879,0.15079937966569879,0.16808755522839205,0.2625738112903183,0.18849502754119254,0.16303709568479513,0.15255388619374466,0.09591317077400652,0.11438335089603949,0.12547574621112279,0.14082449131557878,0.15136897852392173,0.16006967216629384,0.16651671623054298,0.17167227344653702
