trading_days_to_expiration,-11,-10,-9,-8,-7,-6,-5,-4,-3,-2,-1,0,1,2,3,4,5
10,0.2656651908179456,0.2656651908179456,0.2656651908179456,0.2656651908179456,0.2656651908179456,0.2656651908179456,0.2656651908179456,0.19790715192914185,0.16160785011738735,0.14212327227270768,0.12439981229593637,0.12413028535489982,0.13196546678125684,0.16373405237088545,0.20640683929248285,0.2531983061658276,0.2887339256698506
30,0.2656651908179456,0.2656651908179456,0.2656651908179456,0.2656651908179456,0.2656651908179456,0.2656651908179456,0.24872568109574467,0.18883232647620324,0.15673670565621745,0.13769240727851487,0.09171045457411305,0.08918249755240826,0.11414637191672529,0.1357710804635063,0.16119384060136785,0.18600935561338006,0.2887339256698506
88,0.2656651908179456,0.2656651908179456,0.2656651908179456,0.2656651908179456,0.2656651908179456,0.2656651908179456,0.23178617137354374,0.1797575010232646,0.15186556119504752,0.13326154228432202,0.05902109685228972,0.09634085619144915,0.1122402714951464,0.12362812121173977,0.1341079981843272,0.14392775155777218,0.2887339256698506
149,0.2656651908179456,0.2656651908179456,0.2656651908179456,0.2656651908179456,0.2656651908179456,0.2656651908179456,0.21484666165134278,0.17068267557032596,0.1469944167338776,0.1288306772901292,0.07190470959159538,0.09907004301331787,0.11345141766741904,0.1212535385035196,0.12849897152903114,0.1345470259839161,0.2887339256698506
