trading_days_to_expiration,-11,-10,-9,-8,-7,-6,-5,-4,-3,-2,-1,0,1,2,3,4,5
21,0.08163210665542431,0.08163210665542431,0.08163210665542431,0.08163210665542431,0.08163210665542431,0.08163210665542431,0.08163210665542431,0.08163210665542431,0.08163210665542431,0.08163210665542431,0.10391124270752553,0.1143094571957836,0.12708489096223685,0.1395531429436627,0.161933485913756,0.1891532738524411,0.2144041481763431
41,0.08163210665542431,0.08163210665542431,0.08163210665542431,0.08163210665542431,0.08163210665542431,0.08163210665542431,0.08163210665542431,0.08163210665542431,0.08163210665542431,0.0872018906684496,0.07882154208548761,0.08605973227810333,0.10882746389670382,0.12614919571551564,0.1486692344867821,0.16708186639743536,0.2144041481763431
99,0.08163210665542431,0.08163210665542431,0.08163210665542431,0.08163210665542431,0.08163210665542431,0.08163210665542431,0.08163210665542431,0.08163210665542431,0.08163210665542431,0.09277167468147492,0.05373184146344971,0.08994666342912518,0.1070685806157755,0.11780418757588405,0.12851974769332924,0.13825547133523386,0.2144041481763431
160,0.08163210665542431,0.08163210665542431,0.08163210665542431,0.08163210665542431,0.08163210665542431,0.08163210665542431,0.08163210665542431,0.08163210665542431,0.08163210665542431,0.09834145869450023,0.06412072361350303,0.09194214058959778,0.10650970620313474,0.11565587980256031,0.12185592701708801,0.1763298097557885,0.2144041481763431
