trading_days_to_expiration,-11,-10,-9,-8,-7,-6,-5,-4,-3,-2,-1,0,1,2,3,4,5
22,0.08288709950499036,0.08288709950499036,0.08288709950499036,0.08288709950499036,0.08288709950499036,0.08288709950499036,0.08288709950499036,0.08288709950499036,0.08288709950499036,0.08288709950499036,0.10773723282409185,0.11358073766737768,0.12477624446916623,0.13572133459035401,0.15457993500445352,0.1826554500352974,0.2067647575204587
42,0.08288709950499036,0.08288709950499036,0.08288709950499036,0.08288709950499036,0.08288709950499036,0.08288709950499036,0.08288709950499036,0.08288709950499036,0.08288709950499036,0.08909963283476574,0.07304510690176921,0.08080002474718152,0.10545480067012093,0.12393129740059328,0.14295894367215306,0.16225396452487306,0.2067647575204587
100,0.08288709950499036,0.08288709950499036,0.08288709950499036,0.08288709950499036,0.08288709950499036,0.08288709950499036,0.08288709950499036,0.08288709950499036,0.08288709950499036,0.0953121661645411,0.03835298097944657,0.08565313446395768,0.10254299466957376,0.11568726557451062,0.12598725110538694,0.13509444166436763,0.2067647575204587
161,0.08288709950499036,0.08288709950499036,0.08288709950499036,0.08288709950499036,0.08288709950499036,0.08288709950499036,0.08288709950499036,0.08288709950499036,0.08288709950499036,0.10152469949431647,0.05718830479018384,0.08809974193066587,0.10468982669103538,0.1141879059408945,0.12080317497106989,0.17092959959241316,0.2067647575204587
