trading_days_to_expiration,-11,-10,-9,-8,-7,-6,-5,-4,-3,-2,-1,0,1,2,3,4,5
1,0.09368156898096495,0.09368156898096495,0.09368156898096495,0.09368156898096495,0.09368156898096495,0.09368156898096495,0.09368156898096495,0.09368156898096495,0.09368156898096495,0.09368156898096495,0.09368156898096495,0.08470083829000499,0.21267529949129804,0.38803480126911244,0.5503477329556008,0.16185514774346166,0.17731270975360824
26,0.09368156898096495,0.09368156898096495,0.09368156898096495,0.09368156898096495,0.09368156898096495,0.09368156898096495,0.09368156898096495,0.09368156898096495,0.09368156898096495,0.09368156898096495,0.09368156898096495,0.10507181764025303,0.12125758357642304,0.13773103165159042,0.15897324970247853,0.18632308809794118,0.2088656885522713
46,0.09368156898096495,0.09368156898096495,0.09368156898096495,0.09368156898096495,0.09368156898096495,0.09368156898096495,0.09368156898096495,0.09368156898096495,0.09368156898096495,0.09368156898096495,0.07900571396036096,0.08671456172577773,0.10629091359722777,0.12447576994497868,0.14462359240983105,0.1608504880747374,0.2088656885522713
104,0.09368156898096495,0.09368156898096495,0.09368156898096495,0.09368156898096495,0.09368156898096495,0.09368156898096495,0.09368156898096495,0.09368156898096495,0.09368156898096495,0.09368156898096495,0.06432985893975696,0.09705314356707961,0.11329930346559011,0.12661225434862555,0.13738720738898214,0.14575973095494515,0.2088656885522713
