trading_days_to_expiration,-11,-10,-9,-8,-7,-6,-5,-4,-3,-2,-1,0,1,2,3,4,5
5,0.29114396108668,0.29114396108668,0.29114396108668,0.29114396108668,0.29114396108668,0.29114396108668,0.29114396108668,0.2347925087727615,0.178441056458843,0.11613593476325416,0.11408769956058432,0.09732261548860927,0.14224474450255767,0.19952226414476637,0.2668694824393425,0.31645843561743264,0.3814289518510147
25,0.29114396108668,0.29114396108668,0.29114396108668,0.29114396108668,0.29114396108668,0.29114396108668,0.27705609800820036,0.2207046456942819,0.1265484187706143,0.1156238759625867,0.08605636150468332,0.07703285632290448,0.10937718380359678,0.1353280167951006,0.169074204335792,0.18967077647545136,0.3814289518510147
83,0.29114396108668,0.29114396108668,0.29114396108668,0.29114396108668,0.29114396108668,0.29114396108668,0.26296823492972077,0.20661678261580224,0.07465578108238557,0.11511181716191923,0.058025023448782326,0.08899664105208901,0.1027450949787101,0.11252114082697338,0.12470010429375208,0.13776378984252155,0.3814289518510147
144,0.29114396108668,0.29114396108668,0.29114396108668,0.29114396108668,0.29114396108668,0.29114396108668,0.24888037185124112,0.19252891953732262,0.09539585792281988,0.11459975836125177,0.06869427006401695,0.09217007437412665,0.10492267509317538,0.11288415294129373,0.11915086185549137,0.12568082402762001,0.3814289518510147
