trading_days_to_expiration,-12,-11,-10,-9,-8,-7,-6,-5,-4,-3,-2,-1,0,1,2,3,4,5
18,0.04940479951306735,0.04940479951306735,0.04940479951306735,0.04940479951306735,0.04940479951306735,0.04940479951306735,0.04940479951306735,0.04940479951306735,0.04940479951306735,0.04940479951306735,0.04940479951306735,0.11690591188497215,0.12660333914703703,0.1369935446517523,0.14276228613741415,0.16769494363254533,0.19598125606137462,0.16462671029040254
43,0.04940479951306735,0.04940479951306735,0.04940479951306735,0.04940479951306735,0.04940479951306735,0.04940479951306735,0.04940479951306735,0.04940479951306735,0.04940479951306735,0.04940479951306735,0.08702167612405581,0.11136190692509698,0.12091069026939459,0.12744260151213532,0.13563803264852864,0.14153140180211676,0.1502401422776576,0.1675493269582465
63,0.04940479951306735,0.04940479951306735,0.04940479951306735,0.04940479951306735,0.04940479951306735,0.04940479951306735,0.04940479951306735,0.04940479951306735,0.04940479951306735,0.04940479951306735,0.09739410862344061,0.11689084802605633,0.12432826964756068,0.13186825420632875,0.1411495745013576,0.15024280669441228,0.15878147695471467,0.17047194362609044
122,0.04940479951306735,0.04940479951306735,0.04940479951306735,0.04940479951306735,0.04940479951306735,0.04940479951306735,0.04940479951306735,0.04940479951306735,0.04940479951306735,0.04940479951306735,0.10715001025420638,0.07670185511403883,0.09252772522492847,0.10878213764996374,0.1228783218291255,0.13274805292357703,0.1617040936225586,0.17047194362609044
