trading_days_to_expiration,-12,-11,-10,-9,-8,-7,-6,-5,-4,-3,-2,-1,0,1,2,3,4,5,6
15,0.1726635361226189,0.1726635361226189,0.1726635361226189,0.1726635361226189,0.1726635361226189,0.1726635361226189,0.1726635361226189,0.1726635361226189,0.1726635361226189,0.1726635361226189,0.25489556014992343,0.26154485820948276,0.2702134879333661,0.2858957586249062,0.29890657661735875,0.3144683311106091,0.33764248771868705,0.3568414630494386,0.2683312881137139
35,0.1726635361226189,0.1726635361226189,0.1726635361226189,0.1726635361226189,0.1726635361226189,0.1726635361226189,0.1726635361226189,0.1726635361226189,0.1726635361226189,0.12789164635803385,0.21546805933430757,0.23148361012597798,0.2444835732047154,0.2543491758825994,0.26240345671229154,0.271433840247182,0.2801234747829518,0.30798154331554284,0.27293612037974735
55,0.1726635361226189,0.1726635361226189,0.1726635361226189,0.1726635361226189,0.1726635361226189,0.1726635361226189,0.1726635361226189,0.1726635361226189,0.1726635361226189,0.1702262842886637,0.17512620004596363,0.13002936401847887,0.16828657866951707,0.19204250384970295,0.21149280426169326,0.2266942342486236,0.24325649099281876,0.25912162358164703,0.27754095264578077
114,0.1726635361226189,0.1726635361226189,0.1726635361226189,0.1726635361226189,0.1726635361226189,0.1726635361226189,0.1726635361226189,0.1726635361226189,0.1726635361226189,0.21256092221929357,0.1347843407576197,0.15988241147136445,0.17722424592748687,0.19072532514793586,0.20342467961555297,0.21608860685105996,0.22143267506664388,0.26372645584768045,0.27754095264578077
