trading_days_to_expiration,-12,-11,-10,-9,-8,-7,-6,-5,-4,-3,-2,-1,0,1,2,3,4,5,6
19,0.20521241026191536,0.20521241026191536,0.20521241026191536,0.20521241026191536,0.20521241026191536,0.20521241026191536,0.20521241026191536,0.20521241026191536,0.20521241026191536,0.20521241026191536,0.20521241026191536,0.22487636120712148,0.23244892395987285,0.24447723089461681,0.25687173032113664,0.27519497742261584,0.29625287118609056,0.3211325799176972,0.24305989173027648
39,0.20521241026191536,0.20521241026191536,0.20521241026191536,0.20521241026191536,0.20521241026191536,0.20521241026191536,0.20521241026191536,0.20521241026191536,0.20521241026191536,0.20521241026191536,0.1806796987646242,0.20445378937932776,0.21645871139646666,0.22549197436943275,0.23356902658181986,0.2411765431413449,0.25286476186919427,0.27852852867711037,0.24662759887715294
59,0.20521241026191536,0.20521241026191536,0.20521241026191536,0.20521241026191536,0.20521241026191536,0.20521241026191536,0.20521241026191536,0.20521241026191536,0.20521241026191536,0.20521241026191536,0.15197143434829663,0.1190835938614318,0.15706353993590277,0.17595610476043042,0.1940385452698476,0.2104231806711724,0.22389743666012127,0.23592447743652353,0.2501953060240294
118,0.20521241026191536,0.20521241026191536,0.20521241026191536,0.20521241026191536,0.20521241026191536,0.20521241026191536,0.20521241026191536,0.20521241026191536,0.20521241026191536,0.20521241026191536,0.12326316993196904,0.15119093394804278,0.16908826347499445,0.1804053075611572,0.19054641146596119,0.203771713319792,0.21005482163139602,0.2394921845834,0.2501953060240294
