trading_days_to_expiration,-12,-11,-10,-9,-8,-7,-6,-5,-4,-3,-2,-1,0,1,2,3,4,5,6
18,0.17770045931234588,0.17770045931234588,0.17770045931234588,0.17770045931234588,0.17770045931234588,0.17770045931234588,0.17770045931234588,0.17770045931234588,0.17770045931234588,0.17770045931234588,0.22584362892947638,0.2346401783520679,0.24367107171512956,0.2545008170371962,0.26687771459912274,0.2839443348294837,0.3049292850655417,0.33018514873025534,0.2513442827663566
38,0.17770045931234588,0.17770045931234588,0.17770045931234588,0.17770045931234588,0.17770045931234588,0.17770045931234588,0.17770045931234588,0.17770045931234588,0.17770045931234588,0.1503147218500824,0.19885332707395054,0.21547326327870664,0.22693505866395397,0.2352768054875263,0.24489384705703704,0.24984982590936108,0.26401370153343406,0.2875130205336759,0.25459597798098665
58,0.17770045931234588,0.17770045931234588,0.17770045931234588,0.17770045931234588,0.17770045931234588,0.17770045931234588,0.17770045931234588,0.17770045931234588,0.17770045931234588,0.1754910242098804,0.16424500874138512,0.13336294207668417,0.16687722963474183,0.18514094647458773,0.20316051950305933,0.21772412161478055,0.23294535647093353,0.2448408923370965,0.25784767319561674
117,0.17770045931234588,0.17770045931234588,0.17770045931234588,0.17770045931234588,0.17770045931234588,0.17770045931234588,0.17770045931234588,0.17770045931234588,0.17770045931234588,0.2006673265696784,0.1296366904088197,0.15623755085299154,0.17345213707553397,0.1861595111795082,0.19743594641224776,0.20613029498579805,0.21479043509652956,0.24809258755172656,0.25784767319561674
