trading_days_to_expiration,-7,-6,-5,-4,-3,-2,-1,0,1,2,3,4,5,6,7
11,0.11387459353467519,0.11387459353467519,0.11387459353467519,0.11387459353467519,0.11387459353467519,0.11387459353467519,0.12833458145628576,0.14972449147824674,0.15719538955788573,0.16457096246807826,0.18535820493434157,0.2124746300562315,0.1842907459109286,0.19803631955768008,0.2123065981655566
31,0.11387459353467519,0.11387459353467519,0.11387459353467519,0.11387459353467519,0.11387459353467519,0.11387459353467519,0.16343403545217786,0.16365747991127716,0.1659443671645793,0.16716571201116545,0.16860828061162017,0.173055292293837,0.18775028483584855,0.20144956745613585,0.2160284895710391
51,0.11387459353467519,0.11387459353467519,0.11387459353467519,0.11387459353467519,0.11387459353467519,0.09538469413496221,0.11497930094941838,0.1393678349191825,0.15006750259962923,0.1600035498280352,0.16956019798057484,0.17737166806108864,0.1912098237607685,0.20486281535459164,0.21975038097652158
110,0.11387459353467519,0.11387459353467519,0.11387459353467519,0.11387459353467519,0.11387459353467519,0.07689479473524924,0.11952525807680951,0.1359416609519433,0.1467982663424002,0.15445268356406644,0.1602492723191429,0.1808312069860086,0.1946230716592243,0.20858470676007412,0.21975038097652158
