trading_days_to_expiration,-7,-6,-5,-4,-3,-2,-1,0,1,2,3,4,5,6,7
5,0.15539200750127236,0.15539200750127236,0.1564856097573108,0.16086001878146455,0.1498703885018524,0.1337594117876516,0.14814413874683563,0.1574063102457222,0.16411800295885245,0.18732330849779188,0.24008626327476587,0.27582059171793827,0.19102696112719436,0.20637995686450278,0.22301154600621562
25,0.15539200750127236,0.15539200750127236,0.15757921201334923,0.161953621037503,0.14584264432330218,0.1297316676091014,0.16059262501046223,0.16713001112798836,0.16617327113895244,0.1710190027166077,0.17624133203084816,0.1792493049650326,0.19497723193886526,0.21010618392148606,0.22760111352008877
45,0.15539200750127236,0.15539200750127236,0.15867281426938767,0.1579258768589528,0.141814900144752,0.10874353053233915,0.11488110147722955,0.13736505747782607,0.1495321955828328,0.15945718560631958,0.16950163599962564,0.1831264195038525,0.1989275027505362,0.21383241097846933,0.2321906810339619
104,0.15539200750127236,0.15539200750127236,0.1597664165254261,0.1538981326804026,0.1377871559662018,0.08775539345557691,0.12349649362588314,0.13848084836870406,0.14699816550445002,0.1566888899635146,0.16127957182295924,0.18707669031552343,0.20265372980751947,0.21842197849234246,0.2321906810339619
