trading_days_to_expiration,-11,-10,-9,-8,-7,-6,-5,-4,-3,-2,-1,0,1,2,3,4,5
21,0.1394683110064075,0.15834000486407457,0.23382678029474285,0.3093135557254111,0.38480033115607937,0.46028710658674765,0.2653346065218928,0.1330042030823684,0.13768942711607282,0.16114737116565903,0.17864249014764538,0.18346096465449235,0.18777656360642406,0.20144580975881465,0.2168765154861001,0.2381752932224891,0.2124249871430593
41,0.1394683110064075,0.17721169872174164,0.25269847415240987,0.32818524958307815,0.40367202501374644,0.4791588004444147,0.1940598752143855,0.13811373267011354,0.15593591526978834,0.1600918630208071,0.16858224474089406,0.17448147585585394,0.18538599070991948,0.19615547252807555,0.2040775184275417,0.21730269677871583,0.214434885968727
65,0.1394683110064075,0.1960833925794087,0.27157016801007694,0.3470569434407452,0.4225437188714135,0.40788406913690745,0.12278514390687817,0.14605467741908804,0.15974230076504145,0.16810608549450806,0.1733302742584039,0.17842605231802403,0.18779271788144447,0.19372881402734254,0.2001322570379804,0.20840518949172387,0.21644478479439472
125,0.1394683110064075,0.21495508643707578,0.290441861867744,0.3659286372984123,0.4414154127290806,0.3366093378294001,0.1278946734946233,0.14187205226758043,0.10715382993087938,0.129283461316185,0.1414195311749669,0.15585167451240162,0.16701690611891343,0.1738255956616956,0.18022391173281727,0.21041508831739159,0.21644478479439472
