trading_days_to_expiration,-10,-9,-8,-7,-6,-5,-4,-3,-2,-1,0,1,2,3,4,5,6
11,0.2514103056395222,0.2514103056395222,0.2514103056395222,0.2514103056395222,0.17157255657327186,0.14720787185794687,0.18061086135995308,0.17218689560900804,0.18641181736996443,0.17855460767360284,0.17677955788453525,0.1770184911976251,0.18520566961932125,0.22107227429687087,0.2655055418373841,0.28767524015735607,0.3185657151888368
31,0.2514103056395222,0.2514103056395222,0.2514103056395222,0.23145086837295964,0.1516131193067093,0.15498496676684695,0.16591335636484741,0.17865875336266654,0.17860926088899615,0.17755711172215224,0.17961702003697483,0.1808320863248146,0.18328052110117315,0.1968663152042299,0.20713262761433832,0.2251448825680345,0.24980808869134208
55,0.2514103056395222,0.2514103056395222,0.2514103056395222,0.21149143110639704,0.13165368204014669,0.16035843504057304,0.17415459181360574,0.1763625694418801,0.17890445135188393,0.18271674726633594,0.1871777112504622,0.186826561149656,0.1908191290813741,0.19610272838872303,0.1993494161027513,0.20927466956963928,0.22164978081304834
115,0.2514103056395222,0.2514103056395222,0.2514103056395222,0.19153199383983444,0.13943077694904676,0.17048464820026304,0.11625047417785667,0.13357440238372145,0.14539305052589016,0.15312905544496153,0.15690372870292796,0.17012155824294176,0.17996025813501307,0.18271405358571535,0.1857845276933894,0.193356926181833,0.22164978081304834
