trading_days_to_expiration,-9,-8,-7,-6,-5,-4,-3,-2,-1,0,1,2,3,4,5,6,7
4,0.17455438880499335,0.17455438880499335,0.17455438880499335,0.1702691613673452,0.34764208700085963,0.26226086039237984,0.1501808870749965,0.18173519938746815,0.16319997387876717,0.15154608925155078,0.15390916067007226,0.1630815965919842,0.2395137059302767,0.3314065896402828,0.39958763211035625,0.44751825723336974,0.5188387927862365
24,0.17455438880499335,0.17455438880499335,0.17455438880499335,0.16812654764852114,0.18505094090553859,0.18717318610778536,0.19390769887683693,0.18754602226940353,0.17380295760877126,0.1760565182752816,0.17749766386137641,0.17222541094484922,0.17660892908422346,0.1914166813902907,0.21967335754914247,0.25310249411689745,0.27870304973703974
48,0.17455438880499335,0.17455438880499335,0.17455438880499335,0.16598393392969707,0.1948687249507269,0.18031042456439092,0.17767017040507768,0.17998016458060848,0.18172298457939226,0.18154434410983317,0.18256613647431927,0.18315203152573742,0.18544856090578596,0.19317687127635333,0.20005288631084847,0.2122288239310289,0.23103349494757922
108,0.17455438880499335,0.17455438880499335,0.17241177508616928,0.2568130104652784,0.0775628953755412,0.10645407527315606,0.1361103401077108,0.14204952010046265,0.14758590579388828,0.1545945123886111,0.16037445103699896,0.167359089681765,0.1726801587524757,0.177589199647874,0.1812060966496882,0.18636348972418645,0.23103349494757922
