trading_days_to_expiration,-12,-11,-10,-9,-8,-7,-6,-5,-4,-3,-2,-1,0,1,2,3,4
19,0.12490062016957648,0.12490062016957648,0.12490062016957648,0.12490062016957648,0.12490062016957648,0.1222663116981345,0.11172907781236655,0.13629429486436379,0.14388907185925326,0.16768562290941905,0.1734183278876744,0.18021413404705264,0.1929494430893134,0.2102672550790827,0.22692623652227556,0.2470244559590503,0.26825356463441263
39,0.12490062016957648,0.12490062016957648,0.12490062016957648,0.12490062016957648,0.12490062016957648,0.1196320032266925,0.10909476934092455,0.1512112118618044,0.15993651721704277,0.17378068651966022,0.1801947485379804,0.184820778131395,0.1933469854036217,0.20111368001176377,0.21115245638708224,0.21988035923056662,0.23314679136706407
63,0.12490062016957648,0.12490062016957648,0.12490062016957648,0.12490062016957648,0.12490062016957648,0.11699769475525051,0.10646046086948256,0.1510592836856359,0.1592506753453077,0.16993763373751805,0.1777544437578518,0.18068976653350055,0.18951431838289345,0.19627294212992175,0.20456894676136406,0.21558498807877105,0.22558884996970796
123,0.12490062016957648,0.12490062016957648,0.12490062016957648,0.12490062016957648,0.12490062016957648,0.11436338628380853,0.12137737786692317,0.1474741777724446,0.16346814912736338,0.10177625085926899,0.12572891553405646,0.1399111560388584,0.156004197697972,0.165555886736958,0.1737473999538559,0.18298567062219162,0.18960591851931
