trading_days_to_expiration,-12,-11,-10,-9,-8,-7,-6,-5,-4,-3,-2,-1,0,1,2,3,4
20,0.08130086601483752,0.08130086601483752,0.08130086601483752,0.08130086601483752,0.08130086601483752,0.08130086601483752,0.08130086601483752,0.10904423828270506,0.15854623727742242,0.16068792336813204,0.17839237083938317,0.18261042051965834,0.19347762037326002,0.21137057787444882,0.22283193230445972,0.24417954764725075,0.2159160235555042
40,0.08130086601483752,0.08130086601483752,0.08130086601483752,0.08130086601483752,0.08130086601483752,0.08130086601483752,0.08130086601483752,0.12291592441663883,0.1527633179637937,0.16912838059457388,0.180699624715011,0.18326371414250112,0.19387596913284513,0.2035109016806612,0.21458908007314326,0.22558084982773083,0.21811396508422032
64,0.08130086601483752,0.08130086601483752,0.08130086601483752,0.08130086601483752,0.08130086601483752,0.08130086601483752,0.08130086601483752,0.14626509214705066,0.17002510256973577,0.1819982939814196,0.17851878483167602,0.1840303223878595,0.19014896006286236,0.19738263144968057,0.20243497811193487,0.211520140498072,0.22031190661293643
124,0.08130086601483752,0.08130086601483752,0.08130086601483752,0.08130086601483752,0.08130086601483752,0.08130086601483752,0.0951725521487713,0.15240566471223654,0.08697838053619529,0.11905062954366685,0.13610625692990658,0.15436037594681973,0.16381286631818,0.17248398388280428,0.17916467742096395,0.2137180820267881,0.22031190661293643
