trading_days_to_expiration,-9,-8,-7,-6,-5,-4,-3,-2,-1,0,1,2,3,4,5,6,7
2,0.16526212264727386,0.16526212264727386,0.16526212264727386,0.16526212264727386,0.16526212264727386,0.15770275954996832,0.12782617126468074,0.14284596944957137,0.0707818797410597,0.1067184041571763,0.1254713440400521,0.1671966010663838,0.2947107416397717,0.41264463448751604,0.5239618866874535,0.6293132757133718,0.23345132412942102
22,0.16526212264727386,0.16526212264727386,0.16526212264727386,0.16526212264727386,0.16526212264727386,0.16051563152526455,0.17388365916612308,0.16793416083826745,0.1646056662082584,0.1630996222838336,0.16365380319118833,0.1646856461591822,0.17824250539636208,0.19604635451970837,0.23120806153388296,0.25619012956971526,0.2836802447454808
46,0.16526212264727386,0.16526212264727386,0.16526212264727386,0.16526212264727386,0.15207701559937584,0.1604977319168915,0.16753178331008445,0.16786061975920027,0.16969606359761802,0.17145875900036167,0.17363692903182484,0.1732729332471173,0.17702313102768985,0.18403338876189587,0.19264029653176482,0.207813467137889,0.23099330853756275
106,0.16526212264727386,0.16526212264727386,0.16526212264727386,0.16526212264727386,0.15488988757467206,0.0817686833632384,0.11775777806087528,0.1321414050671037,0.1386917582451734,0.14620773883248747,0.15182112985345658,0.16213184815621684,0.1755694278292472,0.17486045551211876,0.17717591533416333,0.18322240351336122,0.23099330853756275
