trading_days_to_expiration,-10,-9,-8,-7,-6,-5,-4,-3,-2,-1,0,1,2,3,4,5,6
12,0.11602918286430645,0.11602918286430645,0.11602918286430645,0.11602918286430645,0.11602918286430645,0.131815137816334,0.1654198920012627,0.15423506037395399,0.16975228772018483,0.1756346438428388,0.17459241162943334,0.1739176618824763,0.18527809163314093,0.2121561895341527,0.2566838887337566,0.28150710648328436,0.2998554208145043
32,0.11602918286430645,0.11602918286430645,0.11602918286430645,0.11602918286430645,0.11602918286430645,0.13970811529234775,0.17432929161771327,0.1674148080988188,0.17301746404281335,0.18187990529419085,0.17730818916696287,0.17901421017437064,0.1853448482733138,0.19207646081631233,0.20194904073858375,0.22050757700725301,0.2432696721971493
56,0.11602918286430645,0.11602918286430645,0.11602918286430645,0.11602918286430645,0.11602918286430645,0.14760109276836153,0.16053224038467787,0.17115508294698167,0.1787881811067818,0.1813637844169057,0.18331845477340578,0.1855738896991272,0.19122445433406876,0.19470011209720872,0.2005153150865739,0.20913147173011787,0.2196065226633208
116,0.11602918286430645,0.11602918286430645,0.11602918286430645,0.11602918286430645,0.12392216034032022,0.1565104923848121,0.10660515616077575,0.12736282300202634,0.14107632738809686,0.1483891380711978,0.15719542268615583,0.16813014211136112,0.17817055908893997,0.1807164168819992,0.18625287683403075,0.1901824244522455,0.2196065226633208
