trading_days_to_expiration,-12,-11,-10,-9,-8,-7,-6,-5,-4,-3,-2,-1,0,1,2,3,4
22,0.13492768371507693,0.13492768371507693,0.13492768371507693,0.13492768371507693,0.13492768371507693,0.13492768371507693,0.13492768371507693,0.11991436595007025,0.14741546728695903,0.11274061456161344,0.15118056695061496,0.16412654717430608,0.1713893244582578,0.1858059975916855,0.20236296201475373,0.21712220545333746,0.234647218271767
42,0.13492768371507693,0.13492768371507693,0.13492768371507693,0.13492768371507693,0.13492768371507693,0.13492768371507693,0.13492768371507693,0.1124077070675669,0.1489401160477628,0.15344502406721602,0.16531718706395876,0.17296755777901637,0.18284978396330567,0.19054880947810823,0.20199487966060864,0.2124609875946994,0.22251204459178317
66,0.13492768371507693,0.13492768371507693,0.13492768371507693,0.13492768371507693,0.13492768371507693,0.13492768371507693,0.13492768371507693,0.14436616976535147,0.1580359055633616,0.1679059331459782,0.17242866575299845,0.17824166298010674,0.18537130713891387,0.19066491843668756,0.19810224802995988,0.20431872583753563,0.21037687091179935
126,0.13492768371507693,0.13492768371507693,0.13492768371507693,0.13492768371507693,0.13492768371507693,0.13492768371507693,0.1274210248325736,0.14589081852615524,0.13538826006248753,0.11175684922222927,0.13232540277863555,0.1375839038416905,0.1548488851251173,0.16715019202125542,0.17429391701678754,0.17718321069012455,0.21037687091179935
