trading_days_to_expiration,-9,-8,-7,-6,-5,-4,-3,-2,-1,0,1,2,3,4,5,6,7
3,0.42849300634527354,0.42849300634527354,0.42849300634527354,0.2353239130602587,0.16334022590142644,0.17140771844125183,0.14033305997642254,0.15354712570773354,0.13407475166143454,0.14271651620920928,0.14800673524850422,0.18065579677017782,0.27418211058623626,0.3760188212551645,0.44042967426445745,0.526732580151874,0.6085677420650413
23,0.42849300634527354,0.42849300634527354,0.38020073302401985,0.187031639739005,0.175640655643264,0.1782264871131818,0.18209609622916037,0.18087072015490907,0.17667458851553988,0.1749428411287452,0.17098501050016088,0.17199061489735382,0.17954257947484564,0.19975935003022566,0.22582825971608764,0.2564609853836061,0.28305894280068733
47,0.42849300634527354,0.42849300634527354,0.3319084597027661,0.13873936641775134,0.15777018109739194,0.16596597974781413,0.1786693906677672,0.17852495913464797,0.17954119513081646,0.18007454962376301,0.18062706254654723,0.18147461747346438,0.18417281312463346,0.19122548710286097,0.19698730363620723,0.2111828107063378,0.2350731615632406
107,0.42849300634527354,0.42849300634527354,0.2836161863815124,0.1510397961595889,0.1645889497693219,0.09857002372368469,0.12622353126055802,0.13772190815480784,0.14499418785719068,0.15274575619731562,0.1571042829664143,0.16638833887736995,0.17083225331705762,0.17608558889747059,0.18057163747360508,0.1850022387989598,0.2350731615632406
