trading_days_to_expiration,-10,-9,-8,-7,-6,-5,-4,-3,-2,-1,0,1,2,3,4,5,6
19,0.1257995649568968,0.1257995649568968,0.1257995649568968,0.1257995649568968,0.1257995649568968,0.1257995649568968,0.1257995649568968,0.1257995649568968,0.13688060703229665,0.1451905322066753,0.1495304785992631,0.1613784165122349,0.16931846245346777,0.15283367586461716,0.16501960317155867,0.16874207944206837,0.1826938973254522
44,0.1257995649568968,0.1257995649568968,0.1257995649568968,0.1257995649568968,0.1257995649568968,0.1257995649568968,0.1257995649568968,0.11799790414361652,0.13068015157225982,0.14031486534052745,0.14382154505640538,0.14732988638965966,0.15327258288522969,0.1679918287176386,0.16402886132286537,0.17031315214846937,0.18682081238444645
103,0.1257995649568968,0.1257995649568968,0.1257995649568968,0.1257995649568968,0.1257995649568968,0.1257995649568968,0.1257995649568968,0.09820853738985708,0.08837655520472602,0.0997569516126027,0.10831543030374029,0.11797052408103247,0.12251737015857429,0.1670010868689453,0.16559993402926637,0.17444006720746363,0.18682081238444645
161,0.1257995649568968,0.1257995649568968,0.1257995649568968,0.1257995649568968,0.1257995649568968,0.1257995649568968,0.1257995649568968,0.07841917063609764,0.09152691951328887,0.10434628652236488,0.1132454965728598,0.12062796211341717,0.13767552301159572,0.16601034502025197,0.16717100673566737,0.1785669822664579,0.18682081238444645
