trading_days_to_expiration,-9,-8,-7,-6,-5,-4,-3,-2,-1,0,1,2,3,4,5,6,7
16,0.24491251847719459,0.24491251847719459,0.24491251847719459,0.2722958378722653,0.241450190002381,0.19348078655335973,0.16453518940058237,0.16144507137534203,0.15733822204880396,0.1615860378482899,0.16981995504908995,0.17855723330981754,0.18476692766242764,0.19702599200880913,0.206626402266091,0.18573731334518345,0.19878224123478935
41,0.24491251847719459,0.24491251847719459,0.2517583483259623,0.26458442590479425,0.11944679790819629,0.15076829951110532,0.14930621258005614,0.15212994026774232,0.154787682714332,0.1553331853275018,0.16021589721603013,0.1578648085852956,0.16898210250908927,0.17450327962605164,0.18179565681748291,0.18705119885441696,0.2026925886949135
100,0.24491251847719459,0.24491251847719459,0.2586041781747299,0.25687301393732315,0.14412479412325077,0.12282398144995449,0.045699923545666196,0.09738636069758191,0.11068287023752381,0.12121495480018753,0.1283521152620797,0.13316927087405853,0.13744902769438194,0.1380393729932716,0.18310954232671642,0.1909615463145411,0.2026925886949135
158,0.24491251847719459,0.24491251847719459,0.2654500080234976,0.24916160196985207,0.16880279033830525,0.09487966338880366,0.10680674666015669,0.11994575785669369,0.12711744865801866,0.13244023058470933,0.13664394928809181,0.13960238482805204,0.14141575081318977,0.1723328876296813,0.18442342783594995,0.19487189377466524,0.2026925886949135
