trading_days_to_expiration,-10,-9,-8,-7,-6,-5,-4,-3,-2,-1,0,1,2,3,4,5,6
18,0.20878905075662385,0.20878905075662385,0.406421279257774,0.3591099548586467,0.13785902729635816,0.15319701903779961,0.1433921156022025,0.14977426919066472,0.14660083748070088,0.15600032238343814,0.16279545850215152,0.16959199042713405,0.18008333712815566,0.18641890142142392,0.19240634518220973,0.18175883511305457,0.19139757716553166
43,0.20878905075662385,0.20878905075662385,0.3945934481579922,0.12056278295100757,0.14362444207814168,0.12632556760357694,0.14167031058109575,0.12343623631666518,0.15327410895648905,0.15388720404227765,0.1600942955768068,0.1628600844229135,0.16656310895033655,0.16983589190230017,0.18026131389846728,0.18225800885125032,0.19444409993695877
102,0.20878905075662385,0.27466646025700725,0.38276561705821033,0.1263281977327911,0.14681530106469431,0.13201441693645213,0.14437163011761875,0.08341600347692207,0.1019222700163941,0.1147170907448011,0.12277954581419344,0.12901816847214895,0.13346799274586413,0.13880577582186146,0.18076048763666303,0.18530453162267743,0.19444409993695877
160,0.20878905075662385,0.3405438697573906,0.3709377859584285,0.13209361251457463,0.15000616005124698,0.1377032662693273,0.14707294965414172,0.09910034416461262,0.11685599507877123,0.12001401406754657,0.12627033915667907,0.13046263135619157,0.1347099849712855,0.13772566516032256,0.1812596613748588,0.18835105439410454,0.19444409993695877
