trading_days_to_expiration,-10,-9,-8,-7,-6,-5,-4,-3,-2,-1,0,1,2,3,4,5,6
15,0.12561959717318366,0.12561959717318366,0.12561959717318366,0.12561959717318366,0.12561959717318366,0.12561959717318366,0.12561959717318366,0.15233289363067082,0.14880362956347973,0.16132680945306188,0.17010958540364854,0.17884821115185845,0.18934059266571152,0.2020472906099702,0.21102038922695657,0.18679155746959822,0.20325572703082595
40,0.12561959717318366,0.12561959717318366,0.12561959717318366,0.12561959717318366,0.12561959717318366,0.12561959717318366,0.12930225633939513,0.14119231838710647,0.14959101438183384,0.1545244610411308,0.1596094959663179,0.16363955531994712,0.170103976777276,0.17535156210366376,0.18205514143131574,0.1883703628156924,0.20821751510253714
99,0.12561959717318366,0.12561959717318366,0.12561959717318366,0.12561959717318366,0.12561959717318366,0.12561959717318366,0.09047409429269573,0.08068551970277356,0.10485006008584846,0.11768254960371606,0.12586457542117177,0.13257093197188663,0.13766477757025075,0.14202015912866087,0.1836339467774099,0.19333215088740358,0.20821751510253714
157,0.12561959717318366,0.12561959717318366,0.12561959717318366,0.12561959717318366,0.12561959717318366,0.12561959717318366,0.05164593224599635,0.0958115754798471,0.11231909297149163,0.12249814703374703,0.12964486493877042,0.13570380715737082,0.13963024793051432,0.1433823802458059,0.18521275212350408,0.19829393895911476,0.20821751510253714
