trading_days_to_expiration,-1,0,1,2,3,4,5,6,7,8,9
6,0.22005244726471118,0.22895942774768938,0.22031973079678288,0.22260469465302476,0.21481050332534887,0.22551134422311955,0.2743860959812826,0.30100357562974356,0.39013953553678543,0.4231815502742556,0.27984284884408156
25,0.2828263922227596,0.28038342774561087,0.2754679894240142,0.2762031768542621,0.26984038236759245,0.2801310407130213,0.28255693556856887,0.28475410174553656,0.282804701151691,0.2933719343685977,0.28440277181190554
68,0.2648707373977362,0.3028872277698621,0.30992136853351543,0.2888050595495586,0.29502312367669703,0.2824521893958715,0.28279286335039444,0.2913800788236581,0.2850091005607217,0.2844127456182688,0.2889626947797295
131,0.2469150825727128,0.28714301868420405,0.28992313076358167,0.2864110733244474,0.2921366232638096,0.2787445437346716,0.27934566976488445,0.2862071341341978,0.27479803393974556,0.2752829258762576,0.2847533882054057
