trading_days_to_expiration,-11,-10,-9,-8,-7,-6,-5,-4,-3,-2,-1,0,1,2,3,4,5,6
5,0.6558101028756931,0.602294854363061,0.5654429630726674,0.5455317540011702,0.5225633500972412,0.4894071362413796,0.527791415190893,0.45203640365949566,0.3594201846303989,0.26847491833278897,0.18431036613401072,0.1606246112919838,0.17612600399901418,0.20142704861197208,0.2654890291288024,0.26088370547611706,0.264010203342093,0.26098175434756227
23,0.6558101028756931,0.5844564381921836,0.5591051380328287,0.541007292657284,0.5164153692438936,0.48040439190720824,0.44259722382257977,0.388808434800603,0.34301322932145717,0.2995674123801993,0.2559031566964049,0.22549701908294936,0.2089637709180587,0.21170925775428462,0.21444933291682952,0.22177207292070533,0.23838117520669436,0.26882331922228936
91,0.6379716867048157,0.5781186131523449,0.5545806766889425,0.5348593118039364,0.5074126249097223,0.49620006633510316,0.44574361710155175,0.3333961622279576,0.3111284798877498,0.2959527211609936,0.28009850454116225,0.27422346580107326,0.26599160166574665,0.25859757261342414,0.24945366287237544,0.24476986567447964,0.24529862459810814,0.24914987019825818
151,0.6201332705339384,0.5717807881125061,0.5500562153450563,0.5287113309505889,0.4984098805755509,0.511995740762998,0.4488900103805237,0.34640817342917823,0.2898016991102694,0.3742235743648021,0.3579585111627812,0.3430395329938316,0.32924918377591156,0.3165287253407753,0.2999953380315287,0.28963923147749165,0.25314018947283523,0.24914987019825818
