trading_days_to_expiration,-3,-2,-1,0,1,2,3,4,5,6,7
19,0.27466012479020724,0.2124440655109155,0.18354911342539013,0.16440492859293868,0.15851012821033175,0.1583788425819321,0.1651006435889882,0.1908737126065922,0.2553343522645289,0.24798078748174407,0.21305391106133914
39,0.27466012479020724,0.2222135156103998,0.20454588240232846,0.1969442104236923,0.1868740373837339,0.17775399270833148,0.17324465540774656,0.2009203157851675,0.23180627333300177,0.2284504540524703,0.21512080628041047
62,0.27466012479020724,0.26105016255776475,0.246723297747654,0.23592775009476633,0.2276838290333966,0.22263062255827631,0.219203664648,0.21096691896374284,0.20827819440147466,0.2089201206231965,0.2171877014994818
122,0.24355209515056137,0.22229963799157743,0.3411251475146736,0.32563763732582085,0.3097972503153029,0.3006921305245794,0.2884167548843227,0.278862431196056,0.26751112091101786,0.21098701584226784,0.2171877014994818
