trading_days_to_expiration,-10,-9,-8,-7,-6,-5,-4,-3,-2,-1,0,1,2,3,4,5,6,7
18,0.5180548021877719,0.49547194821623985,0.4643629737630994,0.436801185545064,0.4094356979130927,0.35980216788212827,0.34367799375659147,0.3059179125931371,0.27145001928880264,0.2507083322222918,0.23707128949072914,0.22818181032105914,0.2242420858308967,0.22161520116610595,0.26843827502615725,0.24960515625858495,0.2541280681133772,0.2634068100473256
36,0.5180548021877719,0.48794433022572914,0.45650252160888943,0.43023407352378884,0.40250290604286065,0.3455685884952175,0.34304779551038284,0.3206634679438302,0.29904722788014076,0.2851878805028429,0.2708185796159173,0.26027063323897964,0.25309143643159265,0.25018598198372194,0.24768321479723784,0.2532234933820149,0.26075144470763273,0.2760860123175217
104,0.5105271841972612,0.4800838780715192,0.4499354095876143,0.4233012816535568,0.3882693266559499,0.34493839024900885,0.3306711678713009,0.29435430681221453,0.28305693938845516,0.2722839210323181,0.2651895827398711,0.25910495306982473,0.25246485298317756,0.24626001057954072,0.24236848201172512,0.24088131492486609,0.23804840550693337,0.2375993379530609
164,0.5029995662067506,0.47222342591730926,0.4433682975663391,0.41636848978332475,0.3740357472690391,0.34430819200280016,0.31829454023221904,0.2829021630505086,0.26688263580537347,0.3314077378466594,0.3195883804903778,0.3134654075763851,0.2995453997048427,0.2891933352550766,0.24598681913515505,0.24750469151912163,0.2507276077771295,0.2375993379530609
