trading_days_to_expiration,-10,-9,-8,-7,-6,-5,-4,-3,-2,-1,0,1,2,3,4,5,6,7
12,0.4916416679817795,0.4717090403502415,0.44368274941852903,0.4244661545713587,0.40418716979274116,0.38773064981079197,0.37593843936449034,0.2488753743758149,0.24961898718150866,0.23065162187258972,0.22718579169902162,0.22748638254501335,0.22798668051905743,0.22707171044658145,0.2462827471590345,0.26886668767396227,0.2989909847544851,0.29654463840979417
31,0.4916416679817795,0.46174272653447257,0.43963591776844174,0.4189046887978608,0.3996091431769303,0.38408041643562824,0.37369256751650326,0.3277705355581222,0.313168138630076,0.29716652097549934,0.2894421077440558,0.2788620662550395,0.2715271753299564,0.2652822037422242,0.27442835565222895,0.28540323668186185,0.3002833422809362,0.29994907355053324
49,0.4916416679817795,0.45177641271870356,0.43558908611835445,0.41334322302436294,0.39503111656111944,0.3804301830604645,0.3714466956685162,0.34873407211445556,0.3331503710134083,0.32598824049990316,0.3181855001386844,0.3098498915093897,0.30529740856235893,0.29891029186085766,0.30257396414542337,0.3019397856897615,0.3015756998073874,0.30335350869127226
117,0.4816753541660105,0.44772958106861627,0.4300276203448566,0.4087651964085521,0.3913808831859557,0.3781843112124774,0.3101610350221655,0.36091827244419283,0.34637653061871393,0.34612482738163,0.33498785649786617,0.32230481253250526,0.32405818624691296,0.31065708330108177,0.3050808614709437,0.2984928537362556,0.29314020326905516,0.293504825326383
