trading_days_to_expiration,-11,-10,-9,-8,-7,-6,-5,-4,-3,-2,-1,0,1,2,3,4,5,6
11,0.6186727297890315,0.5959554291665614,0.5641495310198199,0.5286126225806901,0.5025574410353173,0.4231854338999326,0.41173193537950675,0.41648350243443033,0.36144210566887314,0.30488889762312205,0.24505256378892656,0.21462128578739792,0.19741878870802276,0.20728131866134125,0.21072020944078393,0.26627801402379925,0.2683268202433187,0.2702257661451529
29,0.6186727297890315,0.588382995625738,0.5560717094845139,0.5194595936127488,0.4969233901761735,0.3986061151411856,0.41610720879228047,0.37350493085994413,0.33425726486646246,0.29482527184666385,0.27479070076517464,0.25650442050975086,0.24752518996710868,0.24472602863434056,0.24494938419249068,0.255177255049411,0.2679892634229073,0.2875595634516613
97,0.6111002962482082,0.580305174090432,0.5469186805165727,0.513825542753605,0.4723440714174265,0.4029813885539593,0.4162326400063304,0.30766166885518287,0.29368318372590485,0.27965276424977803,0.2738360754189104,0.25566284168465303,0.25467730746464345,0.24611263579008844,0.24341744265595108,0.2379502772590369,0.23555817153213618,0.23812491162361935
157,0.6035278627073848,0.572227352555126,0.5377656515486313,0.5081914918944612,0.44776475265867954,0.40735666196673304,0.4163580712203804,0.334551887262028,0.2992860406745135,0.34037044703223707,0.32799826932826953,0.3140447621257318,0.29845240281376706,0.2844131987662198,0.27737877299818753,0.26866437706373014,0.25289196883864457,0.23812491162361935
