trading_days_to_expiration,-10,-9,-8,-7,-6,-5,-4,-3,-2,-1,0,1,2,3,4,5,6,7
24,0.46910938153394904,0.4709897699088489,0.44429201665326906,0.43102390522155354,0.427781662790824,0.39882113417594856,0.3999611884894333,0.37940267424403706,0.3716997714673028,0.3600370914565955,0.3436395887727802,0.33687501026973593,0.3288622415954805,0.32482339559185214,0.32880920684746756,0.33196741026009163,0.34884613570994094,0.3452119030421992
43,0.46910938153394904,0.47192996409629884,0.4300029458380292,0.4386789203209357,0.41850552647607714,0.3936170061832577,0.4057353436388665,0.39097947296310687,0.3819556229600724,0.37465613675559567,0.36871215033366156,0.3546237598439545,0.35133159383105206,0.3413136062053677,0.3419055654643009,0.34084019367106644,0.34599115992210383,0.3452662256736184
61,0.46910938153394904,0.4728701582837488,0.41571387502278934,0.4463339354203178,0.40922939016133025,0.3884128781905668,0.41150949878829973,0.40255627168217667,0.384682883313803,0.37945231487804415,0.3745071278026217,0.3605837221663355,0.3601215539349846,0.3578038168188833,0.35500192408113423,0.3497129770820412,0.3431361841342667,0.34532054830503767
129,0.470049575721399,0.4585810874685089,0.42336889012217144,0.4370577991055709,0.4040252621686394,0.39418703334000005,0.39545608651616837,0.39627334768368194,0.3852361187485236,0.37436105883718074,0.3815114269660786,0.380182745170149,0.3700237612074969,0.3625493639272193,0.35634181647567514,0.3485497190866628,0.34515758041077993,0.34374986589006495
