trading_days_to_expiration,-11,-10,-9,-8,-7,-6,-5,-4,-3,-2,-1,0,1,2,3,4,5,6
8,0.9093082243265356,0.8540608708058923,0.800106435725393,0.7249173426729446,0.6931361220915677,0.6181902671808115,0.5577156025806166,0.45580060230587044,0.43281815443042254,0.32556322930427933,0.2587252958126391,0.23037445469659493,0.202669692727396,0.22150485064087636,0.2466599946902597,0.27847853926132016,0.3178488587077735,0.33100373323280774
33,0.8954963859463747,0.8405722620357675,0.7813091624622809,0.7169720375276004,0.6743996583638787,0.6030716010307627,0.5322368525119301,0.3829367148340144,0.2843069664558135,0.27116012062836914,0.25369026426225416,0.23742500483230566,0.22347072672848495,0.21664034213163977,0.21214214303131998,0.26042171050417817,0.2792290901584132,0.28834185396627415
76,0.881684547566214,0.8270836532656427,0.7625118891991688,0.7090267323822561,0.6556631946361896,0.587952934880714,0.5067581024432435,0.3100728273621584,0.2925089268406382,0.28633280958102236,0.27278492471783045,0.2682211207036722,0.2575505516957711,0.24646871507567672,0.2541512605564613,0.24236488174703621,0.24060932160905285,0.2456799746997406
136,0.8678727091860532,0.8135950444955178,0.7437146159360567,0.7010814272369119,0.6369267309085005,0.5728342687306653,0.481279352374557,0.3714454908962905,0.30903607807245875,0.350393170988179,0.3373384265526575,0.3237682726581502,0.3135551543939669,0.3021599432761653,0.29505543596314476,0.2827225327919533,0.28580652742093027,0.2456799746997406
