trading_days_to_expiration,-11,-10,-9,-8,-7,-6,-5,-4,-3,-2,-1,0,1,2,3,4,5,6
1,0.6511032161660429,0.6247568842631915,0.5823471575233292,0.5452751841540249,0.5121644297898398,0.46921248035876056,0.4245875836413131,0.8425150374171775,0.5898212395294756,0.44875370917688606,0.24247611189692123,0.09347097292487863,0.24677799208937926,0.3928597961345072,0.2537871182560195,0.25636176023743423,0.2595336011370512,0.2565950651652564
19,0.6511032161660429,0.6159747736289077,0.571137952154803,0.5366542614870988,0.5040011525574202,0.4576162562925407,0.4135780260909039,0.3685880701184888,0.32022453721175975,0.27950454465855534,0.23494110816673178,0.20241779672130064,0.19100201258705912,0.19245688526831262,0.20358796277088104,0.2198448988370781,0.2380820634220735,0.2717627879648531
87,0.6423211055317591,0.6047655682603815,0.562517029487877,0.5284909842546792,0.4924049284912003,0.4466066987421315,0.5565570298663284,0.3180287147441611,0.2962719188216735,0.27793689308639485,0.266302214820967,0.2538098249903546,0.2435125755320173,0.235937018641804,0.229006212113968,0.2250724868137922,0.2262596195660629,0.23239246727821894
147,0.6335389948974753,0.5935563628918554,0.5538961068209509,0.5203277070222595,0.48080870442498047,0.4355971411917223,0.6995360336417529,0.45392497713681834,0.37251281399927977,0.3617473912981609,0.3500435482214725,0.33302986779795113,0.3176034179059392,0.30398627374115794,0.2928786216377903,0.2809851388520289,0.24142734236565963,0.23239246727821894
