trading_days_to_expiration,-10,-9,-8,-7,-6,-5,-4,-3,-2,-1,0,1,2,3,4,5,6,7
15,0.4654246275500726,0.467737809643318,0.4548922340164091,0.43643133380525084,0.42823470531312974,0.4123593410099737,0.3948124213395059,0.28333371696048465,0.28367689991759387,0.2767471066310607,0.2695914128636698,0.26466786093716616,0.26040197240002494,0.2672948731960324,0.26829895216924093,0.2755191187127146,0.2976287922263107,0.3309437381454748
34,0.4654246275500726,0.4688944006899407,0.447312855156332,0.43478026255974883,0.4257874623125712,0.4068689018589542,0.39152940065529146,0.34358132838656147,0.3339952495436692,0.322479198390249,0.3130570278240489,0.30828553511682094,0.3007159853128068,0.29598517311261596,0.30252261739192154,0.3046756214004729,0.316657156874959,0.33509750444965897
52,0.4654246275500726,0.4700509917365634,0.43973347629625487,0.4331291913142468,0.42334021931201266,0.4013784627079347,0.388246379971077,0.37954468296252,0.37097656634634485,0.3625272348985568,0.35235783645603563,0.3464211185743323,0.3414414836213977,0.3384566067794494,0.33674628261460215,0.3338321240882311,0.33568552152360726,0.3392512707538431
120,0.46658121859669527,0.46247161287648625,0.43808240505075285,0.4306819483136883,0.41784978016099317,0.39809544202372027,0.33579004846578087,0.3808585362272258,0.3729029719781754,0.35975375963491035,0.3677663244283169,0.35417635395871755,0.3509931033097903,0.3436242480166846,0.33559401986344795,0.3361759507070757,0.32678997184129066,0.32762844744839176
