trading_days_to_expiration,-10,-9,-8,-7,-6,-5,-4,-3,-2,-1,0,1,2,3,4,5,6,7
19,0.4936854573924117,0.5092625944252174,0.4673611697301213,0.440652244493664,0.4155770789126604,0.38588459553463217,0.35634648991572115,0.3005789586097793,0.27448353263375375,0.2595985284308694,0.24653779451397914,0.2400825313888374,0.23398122985626083,0.23182743586516597,0.27974726120154914,0.26268869721748356,0.26738003398053967,0.27434216965111397
37,0.4936854573924117,0.5144549734361525,0.45166323516144424,0.4369819142710706,0.40844213379319033,0.37836541611511276,0.3490068478492573,0.3295230174739322,0.3115437003198637,0.2894559014958155,0.2818789062053944,0.2734747610218997,0.2662186428031355,0.26268664305550626,0.2630439013202182,0.2636429442696679,0.27193896138497314,0.28347790358722774
105,0.49887783640334693,0.49875703886747547,0.4479929049388508,0.42984696915160053,0.4009229543736709,0.3710257740486489,0.3328642181027646,0.3154989630215758,0.30613031689367,0.29081656858664906,0.2824335294744379,0.2805883703315064,0.271289755349655,0.26576497625741263,0.26078020311311495,0.25826217917167266,0.25607070177888647,0.2533258863421571
165,0.5040702154142821,0.4830591042987984,0.4443225747162574,0.4227120240321305,0.3934037749541516,0.363686131982185,0.31672158835627195,0.2949912478276648,0.2828644226622697,0.3342266854522627,0.32199511444159484,0.3122784039095057,0.3024642177969508,0.2964506210828801,0.2617344501652993,0.26282110657610613,0.26520643571500024,0.2533258863421571
