trading_days_to_expiration,-10,-9,-8,-7,-6,-5,-4,-3,-2,-1,0,1,2,3,4,5,6,7
11,0.5674892016128522,0.5038515471498874,0.44021389268692274,0.41556354709152044,0.4129039121101954,0.3265897233226404,0.2888479630403565,0.27187292774691335,0.2404898243955206,0.20396140539102417,0.1755651663415825,0.1741854339061968,0.1787576920692684,0.2012196097498623,0.24649674848411257,0.28453455435115493,0.30231486354117276,0.36125198853309015
36,0.551579787997111,0.4879421335341463,0.43405130628807215,0.4148986383461892,0.39132536491330666,0.3171542832520694,0.2846042042169957,0.26866158926126016,0.23140284331655464,0.2165172208126137,0.20658297070232237,0.1985253465649845,0.19630955212476062,0.19393960736319898,0.2001335265216981,0.2505526972052786,0.2607918358513514,0.29481858158453644
79,0.5356703743813699,0.4720327199184051,0.4278887198892216,0.4142337296008579,0.36974681771641793,0.30771884318149845,0.2803604453936349,0.26545025077560697,0.2523959942020357,0.2417085327596756,0.23446684879001264,0.22857285794634544,0.2216424896995549,0.2161358330149053,0.21670142348016222,0.21657084005940225,0.21926880816153008,0.22838517463598268
139,0.5197609607656286,0.45612330630266396,0.421726133490371,0.41356882085552665,0.34816827051952914,0.2982834031109275,0.2761166865702741,0.2529700375855638,0.22817869979652994,0.31226736116641385,0.2986117188669827,0.28847077573181557,0.276245263744641,0.269062530343474,0.25314721016792696,0.2497710918822004,0.2902603983473101,0.22838517463598268
