trading_days_to_expiration,-11,-10,-9,-8,-7,-6,-5,-4,-3,-2,-1,0,1,2,3,4,5,6
4,0.7001655449431173,0.7001655449431173,0.7001655449431173,0.7001655449431173,0.6494160825943263,0.5663851553945414,0.4896285998293024,0.4294243796239067,0.3385439984590541,0.26313731027663545,0.17109876594394857,0.13525660274931406,0.15479198180600065,0.20851899068732554,0.2649125960741925,0.315282471396171,0.3866841070711199,0.45892735663470025
29,0.7001655449431173,0.7001655449431173,0.7001655449431173,0.6874781793559196,0.62865835079438,0.5471960165032317,0.4745775447779535,0.3662776539721477,0.2850196643113434,0.2537309674353863,0.22319743808679138,0.19993475079740494,0.18506205587202493,0.1822983450176387,0.18491872568421694,0.2625200153090308,0.3002353911168389,0.3391100536403125
72,0.7001655449431173,0.7001655449431173,0.7001655449431173,0.6747908137687217,0.6079006189944338,0.5280068776119219,0.4595264897266046,0.3031309283203886,0.28430586816480324,0.2674431237883537,0.25043244604806286,0.24106835820560232,0.22987497436572377,0.21856271041498554,0.21443986197476414,0.20975755922189063,0.21378667516255792,0.21929275064592477
132,0.7001655449431173,0.7001655449431173,0.7001655449431173,0.662103448181524,0.5871428871944876,0.5088177387206121,0.44447543467525563,0.32083746338972136,0.2737215892207193,0.21927094486615115,0.34762236730672985,0.33228642015258886,0.3171691542048852,0.3011883083001356,0.28842408164787436,0.2758639155924842,0.2674493945556225,0.21929275064592477
