trading_days_to_expiration,-10,-9,-8,-7,-6,-5,-4,-3,-2,-1,0,1,2,3,4,5,6,7
13,0.466890086974057,0.447736070005362,0.41625780852580346,0.39929607865289185,0.38472845597472416,0.37350818986624,0.3622890401735982,0.2677054414018018,0.24507533409876617,0.24366639740613924,0.23734822971848943,0.23965324321352893,0.2312357653812627,0.237496448731137,0.24658720472808476,0.2693077691272878,0.2962254913541372,0.30990402537123435
32,0.466890086974057,0.4381590615210145,0.4100956862703717,0.3969773359718678,0.3797633873166644,0.3728631254700577,0.35732452972345957,0.3192842214536476,0.3056384989141274,0.30324829402424114,0.29390082719600147,0.2862357880069246,0.28146050763012925,0.2740773002457131,0.2793393474840179,0.29176135865665453,0.306324226018122,0.31421613782694924
50,0.466890086974057,0.428582053036667,0.4039335640149399,0.39465859329084374,0.37479831865860463,0.37221806107387534,0.352360019273321,0.3516562978134242,0.3428664493144373,0.3349265778025013,0.3326589014769778,0.3245701236243826,0.31877051852785115,0.3140767086429525,0.3120914902399511,0.31421494818602125,0.31642296068210674,0.3185282502826642
118,0.4573130784897095,0.42241993078123524,0.40161482133391585,0.38969352463278395,0.3741532542624223,0.36725355062373677,0.3100327303375614,0.35400711227676196,0.35696445424057205,0.3421826961668349,0.33330284256680653,0.33429848108346016,0.32810393823829903,0.323642067277159,0.31562571636324266,0.30635360420088914,0.3055919129155194,0.30144174131437107
