trading_days_to_expiration,-10,-9,-8,-7,-6,-5,-4,-3,-2,-1,0,1,2,3,4,5,6,7
9,0.5824414896916329,0.5746125690394249,0.44984898794418593,0.42826837223310965,0.42182334787296116,0.3815293064632592,0.332109235797066,0.2848347388788046,0.24282545869875566,0.20384134508505244,0.17361685975992674,0.17783145170757236,0.19218225742071549,0.22876535409776355,0.257699164254126,0.30619775614035283,0.33168144037051245,0.385863994825268
34,0.5804842595285808,0.5434216737656152,0.44445383401641686,0.42665711614307256,0.4117498375205357,0.36917428879671094,0.32029061156750066,0.2831053711661098,0.25195354534204595,0.23259069524813117,0.22351547223355447,0.21138425043668535,0.20042213056393993,0.2016409461106817,0.2055363781732084,0.2637062170166282,0.27862199365237544,0.30866732431835575
77,0.5785270293655289,0.5122307784918054,0.4390586800886478,0.4250458600530354,0.4016763271681102,0.35681927113016265,0.30847198733793535,0.281376003453415,0.2700248235062458,0.2570602242313204,0.24921010083542655,0.23889051287936816,0.23206046196265825,0.22372133776717756,0.22345373153810405,0.22121467789290358,0.22556254693423844,0.23147065381144347
137,0.576569799202477,0.4810398832179957,0.4336635261608787,0.42343460396299826,0.3916028168156847,0.3444642534636143,0.29665336310837,0.26210073107608534,0.23693308429564913,0.3232821313106775,0.31208555008087946,0.2979456857606904,0.28858807476567594,0.2784200684961499,0.26740646843003396,0.2581552141292259,0.3057132708797532,0.23147065381144347
