trading_days_to_expiration,-9,-8,-7,-6,-5,-4,-3,-2,-1,0,1,2,3,4,5,6,7,8
18,0.5120599838078251,0.4994961610310476,0.48243490729146793,0.46743476601303857,0.44241206950749146,0.4294606331578623,0.32831051557880647,0.31610319065305126,0.3168148615820209,0.303363463728687,0.30508757709987816,0.30572716266069505,0.30506753265496966,0.3238882931807203,0.33008817451764594,0.3486602609649737,0.35534043349887906,0.35441919508605574
37,0.5120599838078251,0.4932142496426588,0.48018619181006683,0.462183410855225,0.4351520764125315,0.4302449080780077,0.3704711719121463,0.36653191555843795,0.3562796094900275,0.3491358633502193,0.34171665120972033,0.33424237564298465,0.3323167803768991,0.34422581780410794,0.3462208325188231,0.35503441236430755,0.35813183279450744,0.3581453313710427
55,0.5120599838078251,0.48693233825427007,0.4779374763286658,0.4569320556974114,0.42789208331757156,0.43102918299815307,0.41263182824548605,0.4080442967273974,0.3981352603652788,0.39081628450264666,0.3804935895972426,0.3748539540555481,0.36796168224648707,0.36456334242749555,0.3623534905200002,0.36140856376364144,0.36092323209013577,0.3618714676560297
123,0.5057780724194364,0.484683622772869,0.4726861211708522,0.44967206260245146,0.42867635823771694,0.3796698492884798,0.36436750944926866,0.39619097138072484,0.42508822453951867,0.3780857307072967,0.38707366505173463,0.37080957572528306,0.3703946349840621,0.35969633206810175,0.3566420212792655,0.35254903420325073,0.35069305880106877,0.3436681662750778
