trading_days_to_expiration,-10,-9,-8,-7,-6,-5,-4,-3,-2,-1,0,1,2,3,4,5,6,7,8
19,0.4601298470476323,0.46340779966135076,0.44670197383712484,0.4383638053990797,0.4480453911881559,0.42561584048914436,0.4128641202341149,0.32582232895014684,0.32373540045146376,0.30869485496002647,0.30170268745700146,0.2999435728662926,0.30027299655750017,0.3025396121201316,0.3098914682331078,0.31117491868857133,0.32863775308178217,0.347756213394289,0.34114519974722307
38,0.4601298470476323,0.46504677596821,0.4367100846181527,0.44418661039902935,0.44706337908274435,0.41538307724505014,0.41672102335069433,0.3669925555433484,0.3678825297093213,0.3559676044195933,0.3476807649301141,0.33859917563505837,0.33270063101079766,0.3313585696665015,0.3337944312663775,0.33345925539565247,0.34246501934882645,0.3510086666171958,0.34054777316119883
56,0.4601298470476323,0.4666857522750692,0.42671819539918054,0.45000941539897893,0.4460813669773328,0.4051503140009559,0.4205779264672738,0.40816278213654994,0.39673753775232756,0.38678865719357947,0.36741568918248235,0.3729271996531716,0.36523687405082944,0.3582280743228224,0.35769739429964714,0.35574359210273354,0.3562922856158707,0.3542611198401026,0.3399503465751746
124,0.46176882335449154,0.45669386305609705,0.4325410003991301,0.4490274032935674,0.4358486037332386,0.4090072171175354,0.37320012770871036,0.3659490912940069,0.3845921133037093,0.366760230811381,0.3678232108883169,0.3730818247094525,0.3703685863446986,0.35477532928141176,0.35754200555187154,0.34946974898187977,0.34450376017138223,0.3417426263332473,0.33935291998915035
