trading_days_to_expiration,-11,-10,-9,-8,-7,-6,-5,-4,-3,-2,-1,0,1,2,3,4,5,6
14,0.5038895001321404,0.47098362615316963,0.43343425921831835,0.36268726295445064,0.3628152222958991,0.3535333159828855,0.3314838318302913,0.28243103121605684,0.23360184702184175,0.2133496907450882,0.20137593253878805,0.19107292397780967,0.1876050623215968,0.2017323005410959,0.24877238989541817,0.25075255176540806,0.23771382040653544,0.25352086227206083
32,0.5038895001321404,0.4600150014935127,0.4245740117932536,0.34205834667484963,0.36973418083624887,0.3481330276984311,0.32593409987424465,0.2874252980444741,0.2750274172788888,0.2528186235524044,0.24503219463586143,0.23157437019983187,0.22577371881517092,0.2269109376816731,0.22452214467353387,0.23966486417455654,0.24855082961206926,0.27344853443059064
100,0.4929208754724835,0.45115475406844796,0.4039450955136526,0.34897730521519943,0.36433389255179444,0.34258329574238444,0.31143307698818207,0.2737067345800471,0.2596227117080543,0.25226270772581927,0.2427259220487967,0.23206376298859702,0.2284678154259136,0.21852515362564323,0.21712019244405142,0.21603980199546777,0.21366551795500122,0.21965635895669805
160,0.48195225081282655,0.44229450664338316,0.3833161792340516,0.3558962637555493,0.35893360426734,0.33703356378633786,0.2969320541021194,0.2536542908009444,0.23648620122657124,0.22681932013230366,0.3049594970387513,0.29182622323981794,0.28304318395178,0.27302263511730246,0.2618402393562596,0.2268768112010016,0.23359319011353102,0.21965635895669805
