trading_days_to_expiration,-11,-10,-9,-8,-7,-6,-5,-4,-3,-2,-1,0,1,2,3,4,5,6,7
1,0.7432188633121172,0.7432188633121172,0.7432188633121172,0.7432188633121172,0.7432188633121172,0.7432188633121172,0.7432188633121172,0.7432188633121172,0.7432188633121172,0.5405984626844755,0.30167782407032356,0.09129129075025909,0.24089884820350957,0.3833583402018115,0.5242505208790423,0.23929375413088894,0.25518572759071734,0.24763299386848872,0.21831798868791025
26,0.7432188633121172,0.7432188633121172,0.7432188633121172,0.7432188633121172,0.7432188633121172,0.7432188633121172,0.7432188633121172,0.7432188633121172,0.5240943984980044,0.2677600502018379,0.2288046590694201,0.20671856291144963,0.19253500826692835,0.18730743580039383,0.18831388886608758,0.19267802738373596,0.23593368563857484,0.23124662526017423,0.22004685470593546
69,0.7432188633121172,0.7432188633121172,0.7432188633121172,0.7432188633121172,0.7432188633121172,0.7432188633121172,0.7432188633121172,0.7432188633121172,0.3049699336838918,0.28019570573747143,0.2667492024263498,0.2512925532183161,0.23887018799566836,0.22775449700786304,0.221838538560666,0.21891888275271343,0.2166816436864323,0.21486025665185976,0.2217757207239607
129,0.7432188633121172,0.7432188633121172,0.7432188633121172,0.7432188633121172,0.7432188633121172,0.7432188633121172,0.7432188633121172,0.7432188633121172,0.42278419818418367,0.2909367649038975,0.3467311720656368,0.32990694572026136,0.3132731300087049,0.30038123162166835,0.2859094808780419,0.27443776954285987,0.2640193624768032,0.216589122669885,0.2217757207239607
