trading_days_to_expiration,-10,-9,-8,-7,-6,-5,-4,-3,-2,-1,0,1,2,3,4,5,6,7
5,0.4318416829862789,0.43070935473021293,0.37942417013471813,0.36682490255684463,0.3837104535091081,0.3625842640744119,0.3499577430902596,0.3059811484401005,0.1725383142907874,0.18785269349540892,0.1769009702269396,0.20077017563102936,0.21822152863601205,0.23700760580613667,0.3083490149013504,0.34890868076777226,0.38678747397817614,0.27877938869998214
24,0.4318416829862789,0.43014319060218,0.35434774196500374,0.38560169693762236,0.3733764346044621,0.3623551882617098,0.3438735584108855,0.2979977710387148,0.2740964294169106,0.2629676429509357,0.2578409201861837,0.2529682188419333,0.2503459161010999,0.25152912833997687,0.29025623888800517,0.3115979575207707,0.33266526252712125,0.283359090764969
42,0.4318416829862789,0.429577026474147,0.3292713137952893,0.40437849131840004,0.36304241569981616,0.3621261124490077,0.33778937373151147,0.3238300857205337,0.3063384758353505,0.29454016645341013,0.28685715751930624,0.28020586374384604,0.27114405337645714,0.2665798731197886,0.2721634628746599,0.27428723427376905,0.2785430510760664,0.2879387928299559
110,0.4312755188582459,0.4045005983044325,0.34804810817606696,0.39404447241375407,0.36281333988711406,0.35604192776963367,0.32188526108580595,0.31733370208808187,0.30887097260134255,0.30361671566711146,0.2987601478191784,0.3035621400679053,0.28806441194943594,0.2883515874493414,0.2748206316257949,0.26992641250950883,0.2741996866349953,0.2710005073525052
