trading_days_to_expiration,-11,-10,-9,-8,-7,-6,-5,-4,-3,-2,-1,0,1,2,3,4,5,6
10,0.6628522020157906,0.6342403306061232,0.5980367510680213,0.5621071062230081,0.5333540160109123,0.4881622974369815,0.44319094432912576,0.44943742407167425,0.36699674085148204,0.29962253556953516,0.24361877934123746,0.20572222207227261,0.20153375604634113,0.20735470458465072,0.20887610650270577,0.2736376666295951,0.27447588068833684,0.27454144497126187
28,0.6628522020157906,0.624703040136234,0.5891479880452838,0.5530934789489163,0.5267741950315775,0.47529166490544944,0.4324907041370179,0.401055948430413,0.34745177385198484,0.3082236159261979,0.282386528609999,0.26139490399827536,0.25180794330910145,0.24503188636547174,0.2538532715602478,0.2603696333146069,0.27130905177836523,0.29152031575147336
96,0.6533149115459015,0.6158142771134965,0.580134360771192,0.5465136579695815,0.5139035625000455,0.4645914247133416,0.43813961078190333,0.32431522615294733,0.29842107472605733,0.29429050901134257,0.2800840356225935,0.2702590871968183,0.25774294799991637,0.2504391565050396,0.24441293440105083,0.2412569138794108,0.2405837034108389,0.24118689287224718
156,0.6437776210760123,0.6069255140907589,0.5711207334971,0.5399338369902469,0.5010329299685135,0.45389118452123367,0.4437885174267888,0.3456559835022147,0.29902180514779625,0.35371115890182314,0.33777773187884924,0.3222262142327056,0.3095867306575138,0.2961840062725152,0.28690569994458337,0.2776427095983085,0.2575625741910504,0.24118689287224718
