trading_days_to_expiration,-11,-10,-9,-8,-7,-6,-5,-4,-3,-2,-1,0,1,2,3,4,5,6,7
3,0.6411524572743362,0.6411524572743362,0.6411524572743362,0.6743588402738554,0.732662724317287,0.72023516440267,0.5999537081913281,0.5585016842985616,0.4469573779903073,0.29612585307827055,0.18738458895845064,0.1322827946032838,0.14544584985657727,0.2073001134900208,0.2890519980846972,0.37077410920135956,0.453031498688011,0.5363701006626934,0.2147753231861423
28,0.6411524572743362,0.6411524572743362,0.649454053024216,0.6889348112847133,0.7295558343386327,0.6901648003498345,0.5895907022181365,0.5306156077214981,0.2601140467589744,0.24091259818333097,0.2122153887231163,0.19705488876770977,0.18692406624248828,0.18269665313525468,0.18892936499336255,0.2941403575127408,0.3331800687471887,0.37334936733503254,0.2169986677755276
71,0.6411524572743362,0.6411524572743362,0.6577556487740959,0.7035107822955712,0.7264489443599784,0.660094436296999,0.5792276962449449,0.5027295311444344,0.3079249649633896,0.2873073797142468,0.26665420228304837,0.25624327329447527,0.2409441128049986,0.23186002091444163,0.2222736645026813,0.2175066058241221,0.21332863880636635,0.21032863400737167,0.2192220123649129
131,0.6411524572743362,0.6411524572743362,0.6660572445239756,0.718086753306429,0.7233420543813243,0.6300240722441636,0.5688646902717532,0.47484345456737087,0.3020254090208301,0.23734598433634874,0.3559133173490729,0.3355696808060948,0.31947777513688197,0.3055665449608006,0.29145856253769714,0.2789701517208962,0.2702841465912882,0.21255197859675698,0.2192220123649129
