trading_days_to_expiration,-10,-9,-8,-7,-6,-5,-4,-3,-2,-1,0,1,2,3,4,5,6,7
23,0.4818028518330515,0.4913857284092464,0.48644252580778125,0.4627628126891751,0.4408340060724446,0.4302759969685931,0.4227258950564091,0.3573005512464863,0.34149950802559664,0.3234523655805063,0.31452930649312344,0.3014116555821068,0.29345845003140353,0.2905226401475155,0.2911878823758026,0.29700515059367333,0.3348758539432634,0.34861932372371207
42,0.4818028518330515,0.4961771666973438,0.47917948621895123,0.458185995718702,0.4344464197345525,0.4313845787545595,0.41784226231435073,0.38188827941110415,0.38388078103972056,0.37696166977534934,0.35696724165094895,0.35290704015767466,0.34515142480912386,0.3268080773095996,0.32641355490482576,0.32601457039002846,0.34444032334864183,0.34994697731958474
60,0.4818028518330515,0.5009686049854413,0.4719164466301212,0.4536091787482289,0.42805883339666034,0.4324931605405259,0.41295862957229235,0.406476007575722,0.39735413057256486,0.39297125797592003,0.3841905951859042,0.3766774164876536,0.37337532880076674,0.36309351447168375,0.3616392274338489,0.35502399018638353,0.35400479275402025,0.35127463091545746
128,0.48659429012114896,0.49370556539661126,0.46733962965964815,0.44722159241033677,0.42916741518262674,0.4276095277984675,0.3851295904093893,0.4122617205349551,0.3928891475585519,0.3884911195180802,0.37619390044264134,0.3735953812146651,0.3723239225708472,0.36749265966306444,0.35766165762020913,0.3494913538177036,0.34729167012783935,0.3435904176468199
