trading_days_to_expiration,-11,-10,-9,-8,-7,-6,-5,-4,-3,-2,-1,0,1,2,3,4,5,6
3,0.6140246794486715,0.6007111282969191,0.5675044165284667,0.5309321249642195,0.4945496897457121,0.46182141820720085,0.4251768783251765,0.4406526461683625,0.35534127775295793,0.21236464474552944,0.1631883486685206,0.10506030143814937,0.11928747214286402,0.17525027557151465,0.24372602278451505,0.2496468893848798,0.2516253466425981,0.24911331066315132
21,0.6140246794486715,0.5962732779130016,0.5579147960669552,0.5219379012633076,0.48542028590651365,0.45395512897409657,0.4155841281088698,0.36341161408909683,0.3218406946789819,0.27317630511096447,0.2280940680275144,0.20038615983343958,0.18966546776330517,0.18364322795657892,0.18632730055353167,0.20104554444965106,0.2158404556213324,0.2562142884917753
89,0.6095868290647539,0.58668365745149,0.5489205723660433,0.5128084974241092,0.47755399667340936,0.4443623787577899,0.4239403007953674,0.3238115670970315,0.30790359944318785,0.2840736530899009,0.2755259607572304,0.2621749096334537,0.2557341079605127,0.24361028322876344,0.23664325010034604,0.2328191537836191,0.23491135500590332,0.23875417637294427
149,0.6051489786808365,0.5770940369899784,0.5399263486651313,0.5036790935849107,0.4696877074403051,0.43476962854148316,0.43229647348186495,0.33957642242499475,0.26013412209435866,0.3646902879694016,0.3469806922931336,0.33610739438289927,0.3215436629169035,0.30934431278678326,0.29824823432010855,0.28741023766386387,0.2420123328345273,0.23875417637294427
