trading_days_to_expiration,-11,-10,-9,-8,-7,-6,-5,-4,-3,-2,-1,0,1,2,3,4,5,6
7,0.6049597509548243,0.5849434460460883,0.5688271108890861,0.5035102378787919,0.47431785309057806,0.4461483942400754,0.4148025404766762,0.43982386827775205,0.36211392185411817,0.2787027439067104,0.22122352643349177,0.16001053761274758,0.15169874600785122,0.16402291627937274,0.1905593959645851,0.264396972067836,0.26767646052919175,0.2588767456352099
25,0.6049597509548243,0.578271344409843,0.5656790330488338,0.4827873061554445,0.47149470206895594,0.4376996249637819,0.4071701789809743,0.3662905855462918,0.324860775855858,0.2845475153314897,0.2509767431669057,0.2266487067529809,0.21705450651501149,0.21729381948649024,0.21991004637404127,0.23206081738744117,0.2474277522228872,0.2678328678615659
93,0.598287649318579,0.5751232665695907,0.5449561013254864,0.4799641551338224,0.46304593279266243,0.43006726346808,0.41805474207990023,0.3167908250631813,0.2995575814829922,0.29057265481294503,0.2796619766172413,0.26150783391257143,0.257666539587715,0.2501011285556834,0.24676668008596947,0.2406561911227573,0.24096450118249788,0.2439337371714535
153,0.5916155476823337,0.5719751887293384,0.5242331696021392,0.47714100411220023,0.4545971635163689,0.4224349019723781,0.4289393051788261,0.33945237345864976,0.2891301626948513,0.3612479655491806,0.34967730665912244,0.33572413586591787,0.32077868134786336,0.30886200892543225,0.2967331267482309,0.2879251688354963,0.24992062340885388,0.2439337371714535
