trading_days_to_expiration,-9,-8,-7,-6,-5,-4,-3,-2,-1,0,1,2,3,4,5,6,7,8
9,0.40883821493953026,0.39619049195437445,0.3759425571381369,0.3622394329210107,0.34699485044859674,0.32787165050944067,0.31529801954445436,0.21411481704185248,0.21411340248975141,0.2134104714926488,0.2161762894624345,0.21421464500167317,0.21032170986154075,0.23164188100411784,0.2761530999904873,0.3137027425097363,0.3383937620336676,0.28192438003096343
28,0.40883821493953026,0.38986663046179654,0.37214245122259604,0.35918797672798847,0.342424015405412,0.32288088558304745,0.3140019689883544,0.27028290535610877,0.2694622004152441,0.2686720482368114,0.26255112457157753,0.2579625217526506,0.24950979695096726,0.24888173206126762,0.27691410916322284,0.2973145711626658,0.3122879698414295,0.2884510060480852
46,0.40883821493953026,0.38354276896921863,0.3683423453070552,0.35613652053496625,0.3378531803622272,0.3178901206566542,0.31270591843225454,0.30149999250541615,0.2962200249516728,0.2882696034605781,0.2847149642661537,0.28005132275968925,0.27565337615921726,0.2754891954945681,0.27767511833595837,0.2809263998155953,0.2861821776491913,0.29497763206520705
114,0.40251435344695236,0.37974266305367776,0.36529088911403296,0.35156568549178147,0.33286241543583395,0.3165940701005543,0.2634103677370535,0.2967805980346006,0.2930974474721619,0.28903514508749495,0.28498649593346953,0.28362358760173884,0.28191348087960266,0.2761614244926781,0.27781150489508505,0.276346690213551,0.2753977540138416,0.27555645386759425
