trading_days_to_expiration,-10,-9,-8,-7,-6,-5,-4,-3,-2,-1,0,1,2,3,4,5,6,7
10,0.46331377604438584,0.4425225008337078,0.36853095461020474,0.4131647406859559,0.3849213709715295,0.3284322027375381,0.2967077675795177,0.272659030837183,0.22408087284301823,0.19602874243255264,0.167129907201188,0.16458972093794538,0.18441115869136182,0.21521780399532714,0.2566285597012215,0.28267488033056837,0.3074306223798357,0.3415309193870613
35,0.45811595724171633,0.42402461427783206,0.3796894011291425,0.40610389825734927,0.37079907891303165,0.320501093948033,0.29069558339393403,0.2720389736054901,0.23174257178043253,0.22343069784080932,0.20773228330682975,0.1997938126863964,0.19321361396253917,0.1951497860581628,0.19997432200698242,0.24986958760532407,0.2657463371093667,0.28532691562201357
78,0.4529181384390468,0.4055267277219563,0.39084784764808034,0.39904305582874267,0.3566767868545338,0.3125699851585279,0.2846833992083504,0.2714189163737973,0.2592563360847511,0.24636184307967068,0.23846936828625664,0.23108383070157085,0.2234497220487501,0.2184989355752218,0.21796587647122115,0.21706429488007978,0.2240620518388977,0.2291229118569658
138,0.4477203196363773,0.3870288411660805,0.4020062941670181,0.3919822134001361,0.34255449479603595,0.3046388763690228,0.2786712150227667,0.24774989460840774,0.22764253925865188,0.3108932762302734,0.3027988526469348,0.29326385459917914,0.27899073770216576,0.2699400463166502,0.25944579567531834,0.2538501912884437,0.28279648561297954,0.2291229118569658
