trading_days_to_expiration,-11,-10,-9,-8,-7,-6,-5,-4,-3,-2,-1,0,1,2,3,4,5,6
5,0.929935774400212,0.867761333387646,0.828470797503762,0.8128644465736153,0.6821726892610628,0.6119036521555162,0.5354457950341469,0.46525554924126505,0.40238288591536175,0.2944916381823582,0.19968763361835118,0.1317676205524037,0.15358338439443275,0.19899470289856572,0.259125038063991,0.3117621020969484,0.3647881519023321,0.4336437384175874
30,0.9143921641470705,0.857938699416675,0.8245692097712253,0.7801915072454773,0.6646054299846762,0.5927891878751739,0.5178982335859265,0.39062213743506446,0.294775221471202,0.2658543121563615,0.23478442940144542,0.2115948129663589,0.19599166712136182,0.18336347923850643,0.18517834418173773,0.26583265036677917,0.2902662434661205,0.3266407840648989
73,0.898848553893929,0.8481160654457041,0.8206676220386886,0.7475185679173391,0.6470381707082895,0.5736747235948316,0.500350672137706,0.3159887256288638,0.2978643676190767,0.2805829993183064,0.2631087976574973,0.24972363995351723,0.23895065429227294,0.22739939833783435,0.2246477734624052,0.21990319863660995,0.21574433502990897,0.21963782971221035
133,0.8833049436407876,0.838293431474733,0.816766034306152,0.7148456285892009,0.6294709114319028,0.5545602593144893,0.4828031106894855,0.3591858057721128,0.29617800290071744,0.24013531646832878,0.36225356527618263,0.3427159025943152,0.33058898908296597,0.31796468331745464,0.30356983459995945,0.29143862970179096,0.2814962681956883,0.21963782971221035
