trading_days_to_expiration,-10,-9,-8,-7,-6,-5,-4,-3,-2,-1,0,1,2,3,4,5,6,7
1,0.49913287695268094,0.48133552073349267,0.45962936729182413,0.44762455946539703,0.42438924060729744,0.3950711553192627,0.367467391924736,0.5993704701739644,0.5530974203631795,0.33971352980854136,0.045911069606627865,0.15142208976267096,0.29543379970705086,0.4355238205134323,0.5747530281689589,0.2716565994564362,0.272967465778411,0.2744640173658808
20,0.49913287695268094,0.4724368426238985,0.457674968680584,0.4435765541634236,0.416819586480221,0.3879817668023217,0.36075489874441363,0.3088096301504381,0.28300291744664846,0.26584184266874356,0.25887191948005267,0.25477393857545466,0.24922487544096755,0.24797765823841622,0.42222797600509016,0.27223040949992466,0.2787262514157657,0.2874891160594527
38,0.49913287695268094,0.4635381645143044,0.45572057006934386,0.4395285488614502,0.4092499323531446,0.38089237828538075,0.3540424055640913,0.3332021986933577,0.3164726837591232,0.3044342338553146,0.29121344734297905,0.28221985601950617,0.2756461888678783,0.27286027779769834,0.2697029238412214,0.27280421954341305,0.28448503705312034,0.3005142147530247
106,0.49023419884308683,0.46158376590306427,0.45167256476737044,0.4319588947343738,0.40216054383620364,0.3741798851050584,0.47670643786902783,0.32316636034369756,0.31572520105839674,0.30567678881616606,0.29482511687864477,0.28889128661624264,0.28327148989010864,0.27430254761768597,0.27108278941294783,0.26720868014105637,0.2614389186723088,0.2582899488376861
