trading_days_to_expiration,-9,-8,-7,-6,-5,-4,-3,-2,-1,0,1,2,3,4,5,6,7,8
11,0.4001534278778824,0.37995809844296347,0.36738148975570595,0.3553385115609605,0.33910618086606265,0.3396711690592572,0.18789089102368334,0.20775943816737114,0.22498345350359858,0.21736110310857057,0.21949735092852257,0.22802239229905147,0.23670813978471303,0.25692240868773847,0.2978672950175801,0.3336193012249942,0.28211122372303266,0.27959844664428474
30,0.4001534278778824,0.369860433725504,0.3711908501295367,0.34550766208975714,0.3408208649898171,0.3382389790321,0.2879064891388649,0.2806437673249681,0.27337471995205637,0.2658170099234262,0.26193308456859526,0.2562363135272553,0.2532188962013956,0.26965645348092,0.29242475839847815,0.31156498725726234,0.28897932325704045,0.2894355454349071
48,0.4001534278778824,0.3597627690080445,0.3750002105033674,0.3356768126185537,0.3425355491135716,0.3368067890049428,0.3156588609536444,0.30801328313109927,0.3012705394760056,0.2950364210485812,0.2866483578524904,0.28765010679145314,0.28467107667891156,0.2823904982741015,0.28698222177937616,0.28951067328953045,0.2958474227910482,0.29927264422552957
116,0.3900557631604229,0.3635721293818752,0.36516936103216396,0.3373914967423082,0.3411033590864144,0.2623488400143131,0.2617091495605078,0.31998477809855014,0.3073383551470288,0.2999154454549761,0.29608564083329136,0.29151802307566155,0.28395637672124835,0.27992818488793686,0.273891142884692,0.2752431241890249,0.2697613478536623,0.27137906211923746
