trading_days_to_expiration,-10,-9,-8,-7,-6,-5,-4,-3,-2,-1,0,1,2,3,4,5,6,7
14,0.5926420350426094,0.5120032458326889,0.47213086759992184,0.3876830826110169,0.3817765026200818,0.3438628426171761,0.2964299968995089,0.26729450083867895,0.22619179179463153,0.20021500705184023,0.1807521490960917,0.1862237055103714,0.20261230355748427,0.2167209004548241,0.24075415887335302,0.26933526513275435,0.29586616787177517,0.34261458637261016
39,0.5724823377401292,0.5020351512744972,0.4510189213526956,0.3862064376132831,0.37229808761935534,0.3320046311877593,0.2891461228843014,0.26283282562126703,0.22253854765529069,0.20997881092807222,0.20110963685354147,0.19395069872398454,0.19108481942836678,0.19220893263887354,0.19528127947351465,0.24273480007628262,0.257106571369115,0.2842050680548224
82,0.5523226404376491,0.49206705671630535,0.4299069751054694,0.38472979261554935,0.3628196726186289,0.32014641975834246,0.28186224886909395,0.2583711504038551,0.24741930863823378,0.23724032358726058,0.23144284376456062,0.2227583072896963,0.21681549864497426,0.2138425942999305,0.2162268063870743,0.2161343350198109,0.2183469748664549,0.22579554973703464
142,0.532162943135169,0.4820989621581136,0.40879502885824315,0.3832531476178156,0.3533412576179025,0.3082882083289257,0.2745783748538864,0.2422814710992433,0.223817157845037,0.3006038373353538,0.2885332562538829,0.2784502631524357,0.26634307955434194,0.2583798603398202,0.24898091017280105,0.2450072022475155,0.2804807806195325,0.22579554973703464
