trading_days_to_expiration,-10,-9,-8,-7,-6,-5,-4,-3,-2,-1,0,1,2,3,4,5,6,7
3,0.4576747203992376,0.45366625526553095,0.4464459223596282,0.43211753744680687,0.3941151271141603,0.36588191298565953,0.35083770230918765,0.3068000392583089,0.2929471525824551,0.17211647321782358,0.15042226473816017,0.1673050285761166,0.18950311883062956,0.2908985458440346,0.3345102884886798,0.41551750469086857,0.4967952698319214,0.2768848669031905
22,0.4576747203992376,0.45166202269867756,0.44483998847353023,0.42655927887649414,0.3806721805181497,0.3652082525174197,0.3439892574391915,0.2916296526028656,0.2663054689055267,0.2592650055530482,0.2539281621030139,0.2474139759616373,0.24399105394367784,0.24323634784428952,0.3003928103487478,0.3435912490754441,0.38845809348039856,0.2848831764707083
40,0.4576747203992376,0.4496577901318242,0.44323405458743226,0.4210010203061815,0.36722923392213913,0.3645345920491799,0.3371408125691954,0.3150852440171289,0.30227018000437916,0.2956149393526663,0.28199319624156016,0.27572328911707417,0.27054176733842633,0.2651853647248989,0.26627533220881583,0.2716649934600196,0.2801209171288757,0.29288148603822617
108,0.4556704878323843,0.44805185624572624,0.4376757960171196,0.4075580737101709,0.36655557345389933,0.3576861471791838,0.32197042591375213,0.31958883625938345,0.31349180793396714,0.30321002025839094,0.29679995629065115,0.2946125084862112,0.28479932010884657,0.2775110517604137,0.27331129815138205,0.2704239259499116,0.2688865573356726,0.26576505985575677
