trading_days_to_expiration,-11,-10,-9,-8,-7,-6,-5,-4,-3,-2,-1,0,1,2,3,4,5,6
8,0.6532157544861219,0.6170978538809722,0.5658637827783826,0.5385401119229258,0.502151803510612,0.4607570324752261,0.41991130937241905,0.43449057497848,0.363077977536507,0.2951664047809383,0.2311607373782662,0.16880900637677504,0.1662354734151614,0.1867555079561409,0.19757186510151456,0.26789447318220444,0.2704130133523366,0.2641984677909549
26,0.6532157544861219,0.6050585536792557,0.5527988591447582,0.533787196182315,0.49160667262004426,0.45047381909362005,0.40972380613201875,0.36404958756016303,0.32426642874281547,0.28804275842509236,0.25697714501928215,0.23563458741038132,0.22375875815950172,0.2225176577475055,0.2292601104557324,0.23746155069580763,0.2523675010696102,0.2746697274134146
94,0.6411764542844054,0.5919936300456313,0.5480459434041474,0.5232420652917473,0.4813234592384382,0.44028631585321976,0.4179793957475058,0.31949373654987373,0.3025255822990105,0.28699799629423994,0.27396735649368803,0.26643410927789307,0.25738214488659417,0.24954008676324135,0.24661620537873025,0.2399947862852942,0.2432559485460355,0.2455063389481471
154,0.6291371540826888,0.578928706412007,0.5432930276635366,0.5126969344011796,0.47104024585683213,0.4300988126128194,0.4262349853629929,0.34128585704319037,0.29884599353997443,0.3627880685408189,0.3492282250492177,0.33944059031753737,0.3231291448584662,0.3087858912377673,0.2983273956686012,0.288458525635063,0.2537272081684952,0.2455063389481471
