trading_days_to_expiration,-11,-10,-9,-8,-7,-6,-5,-4,-3,-2,-1,0,1,2,3,4,5,6
9,0.629745373943423,0.6074046486090064,0.5733021138595261,0.5556721541421633,0.5199187621807705,0.4646093352137636,0.4331486396699842,0.44340224948852297,0.36304706910132806,0.29658097642107006,0.23759152648419885,0.18965301899355588,0.18462083206302063,0.19309626881646108,0.19182864894960053,0.2692076072334275,0.26678002780062465,0.2654084648416763
27,0.629745373943423,0.5999577401642009,0.5644169050913012,0.5527572371591174,0.5089726038546548,0.44982157900013314,0.42759099322660116,0.38635588479574245,0.3416471752186111,0.3095089530053198,0.27142351300657536,0.25106695123365114,0.24030981404535595,0.23802995410476904,0.2457906797647153,0.25241866046919903,0.26356074215293146,0.281066502140403
95,0.6222984654986174,0.5910725313959759,0.5615019881082552,0.5418110788330017,0.4941848476410244,0.4442639325567501,0.4328614119805751,0.3184717798821181,0.29868024910583574,0.28673471936712036,0.27721572807600753,0.26208176812774375,0.2527619245718768,0.24884463024610945,0.23933280138953877,0.23456387753929533,0.23409239024422288,0.2388160930317624
155,0.614851557053812,0.582187322627751,0.5585870711252092,0.530864920506886,0.47939709142739395,0.43870628611336715,0.43813183073454903,0.3407594244917231,0.29763061276345293,0.35396661646199634,0.3389456133202901,0.32558806149113506,0.3072180442338836,0.29443499574798193,0.28599655399765594,0.26999931344831785,0.2497504275429496,0.2388160930317624
