trading_days_to_expiration,-10,-9,-8,-7,-6,-5,-4,-3,-2,-1,0,1,2,3,4,5,6,7
22,0.4888438524904972,0.4895418958347276,0.43058075895656467,0.3841694921594924,0.41879638964929855,0.43267745676561953,0.42105686006794374,0.3411140470416252,0.32218463484387133,0.3136546950749304,0.30424825856033333,0.29399399639200224,0.2892876152501125,0.2884754026155534,0.28317088575355764,0.2872943812650665,0.3035825850663879,0.3457866482492725
41,0.4888438524904972,0.4898909175068428,0.40075116884536804,0.39079344887215295,0.4294858816815411,0.4289284982915375,0.4189955201931878,0.37091792716738625,0.3869727997373645,0.36312303828185744,0.35941751210931056,0.34834175991499705,0.33442122146185715,0.3227586753078694,0.31881989972193236,0.31772936492933423,0.32504705841987147,0.3459041489069048
59,0.4888438524904972,0.49023993917895803,0.37092157873417136,0.3974174055848135,0.4401753737137836,0.4251795398174555,0.41693418031843194,0.4007218072931473,0.3995891980634433,0.39375754704038834,0.38211773309760894,0.37350608349509345,0.3599877849033294,0.35704194800018535,0.35446891369030703,0.34816434859360196,0.34651153177335503,0.3460216495645371
127,0.4891928741626124,0.46041034906776135,0.3775455354468319,0.408106897617056,0.4364264152397016,0.4231181999426996,0.37902411368002853,0.4021453604875647,0.3911386993886296,0.37890611911462496,0.3809464346552604,0.3743909123087344,0.36950532398596897,0.3636931368727372,0.3579692482813093,0.34392750841843145,0.3456691475916402,0.34214655549548545
