trading_days_to_expiration,-10,-9,-8,-7,-6,-5,-4,-3,-2,-1,0,1,2,3,4,5,6
18,0.313905857455693,0.2827474660891663,0.27890126036128843,0.24998962719133336,0.24784244073415546,0.22319328519167034,0.22126738292195985,0.20296452808440035,0.20538499360066378,0.19040547418171644,0.18845655421678006,0.17798226692154118,0.1690791244999079,0.21108981124992962,0.20539645906040344,0.20506642715606999,0.20105509738757696
33,0.30057700163331047,0.27930110156558885,0.2732709034566706,0.2548418414445899,0.25352212493246407,0.23408671172984014,0.2307069781282825,0.21405058182221334,0.23314208137222123,0.2253142896731421,0.20664132041766733,0.1958294861618027,0.18735509614934714,0.2044955109801952,0.2002902873077181,0.1999663787178721,0.19842508192543387
53,0.28724814581092795,0.27585473704201147,0.26764054655205277,0.25969405569784637,0.2592018091307727,0.24498013826800993,0.24014657333460512,0.22513663556002633,0.22432248875575583,0.21325727450033935,0.21492128179388695,0.2048380586978787,0.19925210417738934,0.1979012107104608,0.19518411555503276,0.19486633027967423,0.1957950664632908
118,0.2849978059500471,0.2655358034588645,0.25695313991968255,0.25701845075211527,0.24900702034449637,0.24902834910899008,0.24008053420848396,0.24079665130449207,0.22997906291318304,0.23230569985289898,0.22544598215203296,0.2257342893255175,0.21768411151966402,0.2105026308130888,0.21016647559426785,0.20368511284972002,0.1957950664632908
