trading_days_to_expiration,-8,-7,-6,-5,-4,-3,-2,-1,0,1,2,3,4,5,6
3,0.2235682045691055,0.2092319738186859,0.1926052674335806,0.17843632092923334,0.16805885785154495,0.39450531738159206,0.32450774001882415,0.2203370563986241,0.09981670248690208,0.09435302304649058,0.16902926631209236,0.21967720517375885,0.11137392247763167,0.10933277426513052,0.1168904211914894
22,0.2235682045691055,0.2020638584434761,0.19146002961623776,0.17249708549440254,0.16880936174753158,0.22381398077056736,0.17912658377744184,0.1407202714587528,0.11506852415750107,0.10394384044146453,0.10303514805696014,0.11350310976423982,0.11007093656138761,0.109615186075124,0.12038683284467536
45,0.2235682045691055,0.1948957430682663,0.19031479179889493,0.16655785005957174,0.1695598656435182,0.1444572505229029,0.14332188729684703,0.12579791324733575,0.12622003261960554,0.11394729074184677,0.11485716041693995,0.10656214353366832,0.10876795064514357,0.10989759788511748,0.12388324449786133
110,0.2164000891938957,0.19375050525092347,0.18437555636406414,0.16730835395555835,0.2820325915125551,0.18929041197715962,0.17235979870115983,0.16065966515567226,0.14866880180633746,0.13268658433974514,0.12000857306730792,0.11267690839387572,0.10905036245513705,0.11339400953830345,0.12388324449786133
