trading_days_to_expiration,-9,-8,-7,-6,-5,-4,-3,-2,-1,0,1,2,3,4,5,6,7
12,0.32174943825774416,0.27416618565471224,0.26249209434391796,0.22148731207678757,0.21873970576499482,0.18610591868745702,0.18548109696280748,0.15151477811271513,0.15054813680414322,0.1383153483574452,0.138304614712061,0.141544348084872,0.14992524541380925,0.1888432662691139,0.18516097756743358,0.18639992174009268,0.1864205157371694
27,0.28574075957799083,0.25236711476725304,0.24412225868609191,0.21826104136596236,0.21609904179066758,0.19501482810071968,0.213164695312209,0.19069484386829275,0.17626560736282273,0.16758031333535361,0.16123877944843246,0.1588683909121926,0.1602828983423677,0.17999699296494523,0.17695097840251986,0.17920374270539358,0.18437683445613623
47,0.24973208089823748,0.23056804387979382,0.22575242302826587,0.21503477065513713,0.2134583778163403,0.20392373751398235,0.2041863017316786,0.1920752327496819,0.19104245917541204,0.1844150541121404,0.18168877593129362,0.17560144193322944,0.17064055127092614,0.17115071966077658,0.16874097923760617,0.17200756367069445,0.18233315317510304
112,0.26194913327647484,0.24731332351970461,0.23737369397050645,0.23435190555467042,0.22743443098827826,0.2263771812623372,0.21992264937471734,0.2179656191977499,0.2118808646895477,0.21270168253630775,0.2062709887016643,0.20583896843851346,0.19768953957328256,0.19337097673234727,0.1935961007747918,0.18846419701820258,0.18233315317510304
