trading_days_to_expiration,-9,-8,-7,-6,-5,-4,-3,-2,-1,0,1,2,3,4,5,6,7,8
14,0.30923459228995326,0.2644947353909486,0.2585550392107112,0.2256109511561695,0.21040597672862874,0.19282426002798028,0.18527079786221567,0.16192416747673216,0.16175082470863864,0.15500448819112744,0.15266298782100168,0.15453529416328513,0.16215370780068666,0.1986672207006494,0.1952828263746357,0.19506058067815768,0.1913943349987565,0.18095930959669662
29,0.2980496280652021,0.2656913372259554,0.2560708373751439,0.23662470504020952,0.22145177539790034,0.2124760797343731,0.21410598654848734,0.20023257643049167,0.18448772157909066,0.17574262823971343,0.17423067252261643,0.17185336696898976,0.1758296534953098,0.18901614411011308,0.18828388495741208,0.18643694057219656,0.18501963225102933,0.18211649964339385
49,0.28686466384045095,0.2668879390609622,0.25358663553957667,0.24763845892424954,0.23249757406717195,0.23212789944076595,0.2188302532449283,0.21874628300151483,0.2057334623270891,0.2083672095561461,0.19843185674832592,0.1980365436570833,0.18950559918993293,0.17936506751957676,0.18128494354018848,0.17781330046623542,0.17864492950330216,0.18327368969009109
114,0.27567969961569977,0.25921620575416504,0.23960155789029347,0.2459377388801235,0.24107532703184595,0.23823017738107502,0.23187177085957314,0.2305581115451829,0.2228534810910115,0.21981539733069472,0.2159917382592555,0.21540437870810347,0.20831829729118573,0.2022817677918593,0.20368422078411882,0.19776903774648366,0.1798021195499994,0.18327368969009109
