trading_days_to_expiration,-10,-9,-8,-7,-6,-5,-4,-3,-2,-1,0,1,2,3,4,5,6,7
10,0.36472178157019197,0.3133526722274938,0.3000170803448128,0.25921247762124305,0.23317923670986002,0.2131711570279975,0.20194916249679276,0.1688966695743978,0.16215972079186106,0.14006653406340033,0.1395103049737329,0.13645943402263133,0.1502306588722697,0.18781674880593532,0.1845431072225029,0.18370334873213331,0.1795781005395131,0.1723798614133558
25,0.3518795042345174,0.2899671214820313,0.26807939372678624,0.2493522432688886,0.22681935869302117,0.2147902309815593,0.2040294146048779,0.22529838559899695,0.19995748167869906,0.17826923697343197,0.1669740442202097,0.16019130181325683,0.15974231910881773,0.1776675591098204,0.17635688217923273,0.17476763983820645,0.17345591022898812,0.1749029321608021
45,0.33903722689884286,0.2665815707365688,0.23614170710875973,0.23949200891653416,0.2204594806761823,0.2164093049351211,0.206109666712963,0.20283680290227712,0.1918343079807153,0.19225586238982,0.18319488118139735,0.18053391570733127,0.1737438767010649,0.16751836941370551,0.1681706571359626,0.16583193094427962,0.16733371991846316,0.17742600290824842
110,0.32619494956316836,0.25077974954324944,0.23726038170782837,0.2389370434146329,0.22596948897861352,0.22718932594710226,0.21965946688889582,0.21842313259886056,0.21143054643613254,0.20889140379326598,0.20590121895035654,0.20265725900560322,0.19796593850205021,0.19272933226577302,0.19263905762606015,0.18570029085003806,0.16985679066590947,0.17742600290824842
