trading_days_to_expiration,-8,-7,-6,-5,-4,-3,-2,-1,0,1,2,3,4,5,6
16,0.20586604906592382,0.18314809739195556,0.17357987284738916,0.1527896034543974,0.1437599942653864,0.19972589650699848,0.16764576037238746,0.12516665980796854,0.09229810470628781,0.08362644357897474,0.09369335006778867,0.12288717711226545,0.11127507860098165,0.09804921476839279,0.11417548061981109
39,0.20586604906592382,0.17557544683396614,0.17291468151853015,0.14608124409968648,0.1429862443206197,0.12037351447361318,0.11820131014600913,0.10343836655653466,0.09978285806963001,0.08969071429113046,0.08874111535490366,0.08846543129838086,0.09719589473888507,0.0983336547782287,0.11945608923367189
104,0.1982933985079344,0.17491025550510714,0.16620632216381923,0.14530749415491978,0.1618994617160793,0.16621706057099925,0.1487524176718047,0.13099700032798775,0.11941075295193557,0.10631012956991147,0.10073798439055423,0.09657495476033838,0.09748033474872098,0.1036142633920895,0.11945608923367189
164,0.19072074794994498,0.17424506417624813,0.15949796280910833,0.14453374421015308,0.1808126791115389,0.16693141047169335,0.13695953873988662,0.18329955392778347,0.16806653815348402,0.1531065909373706,0.13906634140067264,0.12535426246307824,0.09776477475855688,0.1088948720059503,0.11945608923367189
