trading_days_to_expiration,-8,-7,-6,-5,-4,-3,-2,-1,0,1,2,3,4,5,6
10,0.22001687953729268,0.20441447751796107,0.19126623601839032,0.16827101719211682,0.16083417808972988,0.2375000615663959,0.18146685173177043,0.1189053163331006,0.08309369440166733,0.07594656490133354,0.1015820210092788,0.1389642081706922,0.11202277021046382,0.10943687256386544,0.12134381161311994
33,0.22001687953729268,0.19921367684485053,0.18861708907623692,0.16148899323074345,0.16061590637605871,0.12850785407542042,0.12377786756404864,0.10253690932136882,0.09989813209266246,0.09039844848282486,0.0895049781283041,0.09136102924433512,0.10423546180010695,0.10674593556553155,0.1262097702956494
98,0.21481607886418214,0.19656452990269713,0.18183506511486355,0.16127072151707228,0.18624395810617111,0.17283181866013456,0.15100914189055414,0.13353972654318927,0.1150785840591346,0.10395359966695512,0.09744967786932392,0.09801005905763248,0.10818163568115316,0.111611894248061,0.1262097702956494
158,0.20961527819107162,0.19391538296054373,0.17505304115349019,0.16105244980340108,0.2118720098362835,0.1771493351959525,0.13495722911182736,0.1793700256541667,0.16059666365534203,0.1427584415374518,0.13156846500049016,0.11981007862082069,0.11212780956219935,0.11647785293059047,0.1262097702956494
