trading_days_to_expiration,-8,-7,-6,-5,-4,-3,-2,-1,0,1,2,3,4,5,6
13,0.23085183635689113,0.20526541191046627,0.1989514910426589,0.17485045278641936,0.25717870034814394,0.20879239651737821,0.15112789976655128,0.10620660451420572,0.08547729448723677,0.09724540431319795,0.11977971369325498,0.1141633734381178,0.11037682614536495,0.10514474016380375,0.11495057472530112
36,0.23085183635689113,0.19673660376165797,0.19968978680299254,0.16657067478089496,0.16629033071145294,0.13417521850673697,0.13779266144034572,0.11242941497121084,0.11049998520882949,0.09327605205696761,0.09434566027046688,0.09314322586305847,0.09956393317657714,0.0997813578047865,0.12000698036547267
101,0.22232302820808283,0.1974748995219916,0.19141000879746814,0.19677334996997795,0.1804576859800947,0.17866732583954129,0.15772346729814285,0.1388314776475543,0.12105817611005545,0.10672305136546148,0.098144856047699,0.09432008717445274,0.10503602784969907,0.10483776344495804,0.12000698036547267
161,0.21379422005927456,0.19821319528232526,0.18313023079194374,0.22697602515906096,0.19462504124873645,0.16489761280304627,0.13196503590617428,0.1875027308206959,0.16999540576000685,0.15304769511242564,0.13518352101317713,0.12118971911415277,0.110508122522821,0.10989416908512958,0.12000698036547267
