trading_days_to_expiration,-9,-8,-7,-6,-5,-4,-3,-2,-1,0,1,2,3,4,5,6,7
11,0.3082792782785544,0.2680095430703545,0.26150583061155125,0.22003411346702564,0.21443391224903646,0.17821884351336884,0.17526238665378577,0.15648878084288564,0.14583477072984974,0.1340426183757459,0.13379220336564854,0.13647070995749036,0.14947068938357952,0.18814659525920138,0.18443062114476777,0.18338267173895584,0.1851025392110925
26,0.2807775526542283,0.25141174198904015,0.24590691455870067,0.21743064810103685,0.21449358190016043,0.19099166409283058,0.21946237808277755,0.19354128638218562,0.17875537152678134,0.1657468231386143,0.16172801460752437,0.15766950561002654,0.15817748626877237,0.17850229207462956,0.17520362733503075,0.1743865394373813,0.18213937052356236
46,0.25327582702990226,0.23481394090772573,0.23030799850585013,0.21482718273504808,0.2145532515512844,0.20376448467229236,0.20020251089797692,0.19228524452517753,0.18981758412292696,0.18144279665825258,0.18004768105012742,0.17363954657753147,0.16688428315396525,0.1688579888900577,0.16597663352529374,0.16539040713580677,0.17917620183603222
111,0.2606426850501284,0.24699745009471896,0.23504131776133394,0.2357914994511588,0.22560237302181016,0.22592865552978444,0.21947856375147753,0.21853561482316858,0.2125395875001269,0.21047487108738022,0.20413817963177727,0.2038921875313209,0.19779089844377323,0.1936576149545048,0.19237880404053037,0.18806570789862262,0.17917620183603222
