trading_days_to_expiration,-8,-7,-6,-5,-4,-3,-2,-1,0,1,2,3,4,5,6,7
7,0.23775346702024713,0.32432791204711076,0.2410480432058261,0.21383270151587702,0.24573412253293891,0.26120715350171975,0.26522770415106817,0.2768608714712924,0.2782479864716715,0.29084567054063143,0.285889857227213,0.2966472023925846,0.2996491066161793,0.2885067265625381,0.2877998254186359,0.2873147403661302
32,0.23775346702024713,0.2690433451698979,0.2561375820033229,0.2535452175322834,0.25158343295271596,0.2516809634888954,0.25223558091083675,0.25620571797603964,0.25634059523009406,0.25895930625255914,0.2595131441030156,0.2630581227280326,0.26459090143877423,0.29200762563533206,0.29247268160372764,0.2913357425719452
52,0.43489704580153643,0.42499275209155946,0.39813886973659024,0.3751945523892404,0.36020901568309105,0.3483510972418499,0.3339588924125528,0.32383616738485677,0.3128483329787962,0.312145772586414,0.30110921315483563,0.29581482722645847,0.29510268827315095,0.29550852470812605,0.29714553778881936,0.2953567447777602
110,0.3796124789243236,0.3330203976486928,0.3289935059500144,0.3213722859185534,0.3070238985219703,0.30429010524100303,0.2984591481513323,0.2997004896573404,0.2925726781009277,0.2912190737865533,0.2900849575048052,0.28542657150181344,0.2850058274897441,0.2831269692335442,0.2832937381603152,0.28234862898436003
