trading_days_to_expiration,-8,-7,-6,-5,-4,-3,-2,-1,0,1,2,3,4,5,6,7
11,0.5675744167485505,0.28395955611070217,0.3080610373898718,0.2636508210921646,0.3019787892264415,0.30138707985390584,0.29833192798886066,0.30161551517199353,0.299687963973793,0.2986785932124768,0.29483347067583726,0.2929178049901231,0.2881670537110534,0.3031300572752214,0.2981123882508941,0.322411027481449
31,0.5675744167485505,0.5399377126359017,0.5149344761064578,0.48538181717621515,0.4608520041878313,0.43771199520488585,0.42435934814860915,0.4055512176934867,0.38844111042603746,0.38368599045111074,0.3691138901021218,0.35675306797326056,0.3445095502101932,0.3415796609686289,0.33425594670001113,0.33239584695274044
89,0.4730361298692677,0.46264548755389173,0.35778355160338154,0.36704991883991467,0.37018453282291564,0.36289879817518367,0.35563693056280193,0.34931209923654694,0.34229933709719124,0.34086228170100996,0.3314236993200514,0.3332623015215614,0.32824132109895865,0.32302227850762405,0.3211939955006361,0.32185691205772154
149,0.3784978429899849,0.38535326247188173,0.31071718634777307,0.3470539733090623,0.34136780387579985,0.34086053368004016,0.3357917797288111,0.3334581014800935,0.32944678167942115,0.32475533150173347,0.3228232655012944,0.3215290615173272,0.31774955658349546,0.3156379013893966,0.31242620801015764,0.32185691205772154
