trading_days_to_expiration,-8,-7,-6,-5,-4,-3,-2,-1,0,1,2,3,4,5,6,7
13,0.5315279500987492,0.5074555777338341,0.2852284145464509,0.2929084991501944,0.3162375055201163,0.3134933481274976,0.3152528399460535,0.31773570303044907,0.3145809220721595,0.31263023443891064,0.31009407899030983,0.3070922069958023,0.30007020889093117,0.3035536548717966,0.3005695703808164,0.3221329773743746
33,0.5315279500987492,0.49943145361219576,0.4742897722141386,0.4602015000128782,0.43687428994162947,0.42555368985626113,0.40921046016432167,0.39639955666630955,0.3913533904310276,0.3821138303277842,0.36378064705939556,0.358147783572795,0.3511788994365659,0.3416838920469244,0.3360663017962388,0.33287345030337384
91,0.5235038259771109,0.42803044059028084,0.37531884875199695,0.3697598022766025,0.36424798447168666,0.3577333867389352,0.3534916379217647,0.3464613321154858,0.3445961271719144,0.34049923159901685,0.33600508325907597,0.3294278636236561,0.32636034379649426,0.3251081582432279,0.3211001044067217,0.32157136609598136
151,0.5154797018554724,0.3566294275683659,0.3341136739510957,0.3429986538983594,0.34324791005319666,0.34016627542004646,0.3353617340102015,0.3316672038198108,0.33092057134013186,0.32589901863671816,0.321868898020107,0.31978466810895945,0.31745940588375055,0.3143505742602743,0.3113925044453753,0.30976762525175167
