trading_days_to_expiration,-8,-7,-6,-5,-4,-3,-2,-1,0,1,2,3,4,5,6,7
6,0.5772221780433408,0.37145704349491715,0.38695977918190433,0.29717377826005176,0.3092876398522946,0.2936557717377233,0.28706496130518644,0.28582651635248013,0.27821627359612966,0.2797755909973042,0.28227321233097313,0.2859430008501675,0.30405695348120265,0.3059863803461963,0.3624038455343069,0.2971209863839012
26,0.5772221780433408,0.5385294824123213,0.503177828406894,0.47213852511206333,0.44012357585624934,0.4118791360803184,0.39051192618264635,0.3698429155398223,0.3568107534302487,0.3449875535443863,0.33129784231786014,0.3226378385136154,0.3152480596850105,0.3055558243290561,0.3003416307101265,0.3025863590255582
84,0.5086337998605329,0.48800624800218234,0.35201602741162896,0.34067441544005783,0.3373624543978791,0.3262430822738376,0.32294904969172855,0.3156734199859319,0.3124382846430515,0.30808366797728615,0.30406663642503595,0.3018382282835897,0.29871848362588505,0.29637521608767115,0.29339273320828035,0.291013472748363
144,0.440045421677725,0.43748301359204333,0.32459490283584036,0.3249810276461762,0.3168797007703565,0.31650014253806735,0.31168688929582916,0.3084941359406568,0.30680491751259326,0.3036047159938376,0.30056373134083464,0.29765917818262594,0.2947989315845138,0.29254708096093945,0.29165561374224425,0.28537360619663293
