trading_days_to_expiration,-8,-7,-6,-5,-4,-3,-2,-1,0,1,2,3,4,5,6,7
6,0.4237450637303972,0.30559430978713686,0.29949734533999617,0.28915593310376575,0.2820682055143839,0.29100403811460246,0.2847561817835403,0.28456028007024364,0.28431508363142205,0.2843906863063985,0.2886822369449743,0.28550495528940556,0.2918590390215811,0.3165820958629903,0.2911457508839436,0.292379827945042
31,0.4237450637303972,0.2465189328155067,0.2508201044290126,0.25234197063887254,0.25332285104647695,0.24919720443222673,0.257612027146428,0.25988351594846676,0.26029176046233315,0.26298940719553277,0.26266480575067835,0.26156479264112337,0.26421473460918193,0.2631227835303681,0.2951069199128447,0.29679588455728406
51,0.4237450637303972,0.3968518271619633,0.3796874522584709,0.3787883586522795,0.36585144329417485,0.35044670675105705,0.32620858699740607,0.32365925952800473,0.3186444448998974,0.3117232347276297,0.3046230547189375,0.30331622444812084,0.29852919394087873,0.29818778076354885,0.29906808894174575,0.30121194116952615
109,0.36466968675876704,0.34817458625097975,0.32596989556865896,0.3222898581166096,0.3121770692199329,0.30780378849730944,0.3035553880859771,0.29799077173660965,0.29624454670173084,0.2935324154336519,0.2918005621089956,0.28954598505732415,0.28844225491205566,0.2871845818550426,0.28796377133279993,0.285690442289767
