trading_days_to_expiration,-8,-7,-6,-5,-4,-3,-2,-1,0,1,2,3,4,5,6,7
14,0.5179526219788883,0.4996697166799962,0.23462297635125554,0.2598469020252496,0.27065466927411946,0.30168297513732034,0.3049942801406313,0.3101499683468194,0.3108756120221329,0.309502954273673,0.30567078365010125,0.3055224046290748,0.30104885442152773,0.3046733989523104,0.30240773611115607,0.31842177079378275
34,0.5179526219788883,0.4935754149136989,0.465479497621172,0.44974660220932633,0.43009044303976407,0.41656791459037423,0.40165076777478365,0.38838803589388693,0.37794636847304813,0.3685280211363163,0.3599788764598431,0.35220786272642346,0.3429558334639433,0.338082320109018,0.33258578797769234,0.3296040637191352
92,0.5118583202125909,0.40725793539288446,0.3683843855322133,0.35738132860076655,0.3566062429007295,0.35101620285178126,0.34486629303568284,0.34090232554485533,0.3364127483068908,0.33334819252747344,0.3288283333582507,0.3269773042331711,0.32245451914985307,0.3207350745815382,0.31912577801283715,0.31704711468556235
152,0.5057640184462936,0.32094045587207,0.31411564377873147,0.3394231505580727,0.3361709165956552,0.3323519462754695,0.33016336762307474,0.3253783948433326,0.3221262230793846,0.32032594081359206,0.31740262233849104,0.3154591833901372,0.31290954000385,0.3105589041875229,0.3072394778684303,0.31704711468556235
