trading_days_to_expiration,-7,-6,-5,-4,-3,-2,-1,0,1,2,3,4,5,6,7,8
25,0.45497282368153896,0.30380921544826917,0.2935357801381257,0.2973845077966828,0.29037729714957106,0.293161815540069,0.2923369520018028,0.29258092050166645,0.29054780570421296,0.29251150025615175,0.29288761615583064,0.29444949672389537,0.300966782606694,0.3030510574397108,0.30834895055276973,0.31281312791989674
45,0.45497282368153896,0.43788856935456905,0.4196805229872231,0.4054233414002342,0.388240426370468,0.37453992038594386,0.3622767810283097,0.35396720477435106,0.3450032569680022,0.3389854598456706,0.3298745683092914,0.3251987276397403,0.3235144227773304,0.32099533026849886,0.31720410923500697,0.31667829457095503
103,0.40458495427044905,0.3897709729490879,0.3471303741553731,0.3325420545362594,0.32773613628350723,0.32561637093168033,0.3259950332239068,0.3201041468793349,0.31717431503477894,0.31567220132904733,0.309164282358669,0.30373978199525276,0.3053122761219239,0.30404617743643997,0.30508279461778015,0.3034859617029612
163,0.3541970848593591,0.34165337654360683,0.32225744097602793,0.31145967584291523,0.31255404484278837,0.3132242330440377,0.3069283142933277,0.3005354960426099,0.3014904778111678,0.2978989332101532,0.29968796910015977,0.2966869466431139,0.29353052639515187,0.30619756399460485,0.30894796126883844,0.3034859617029612
