trading_days_to_expiration,-9,-8,-7,-6,-5,-4,-3,-2,-1,0,1,2,3,4,5,6,7
1,0.6563906194418008,0.6315004541089061,0.5787140020657338,0.5275811524984197,0.651691916630396,0.3470734975916631,0.3439320306514969,0.2793489499077304,0.15778812979251652,0.056450606238697736,0.18735902806734628,0.30964498074796704,0.42978524137485946,0.5493372412097355,0.26771919089394247,0.26838456488372386,0.25687916704744235
21,0.6563906194418008,0.6232037323312746,0.5638840919772202,0.5154801726721528,0.47131748585545785,0.43404619985373594,0.39812808123760035,0.3625821315259994,0.3411666914518056,0.3220101324550273,0.30697369565335203,0.29495081520925703,0.28314337329368594,0.2762925019637917,0.2748521826349278,0.27843597949540494,0.2577195445537185
79,0.6480938976641692,0.608373822242761,0.5517831121509533,0.3397393791920495,0.3316594445595491,0.3164158113430947,0.30768860369356416,0.2984211131929129,0.2906939148423629,0.28472932471121604,0.2817524683142209,0.2755895574167463,0.27244207660521025,0.26927693417293413,0.2641666012396027,0.26210892549889103,0.25855992205999456
139,0.6397971758865377,0.5935439121542474,0.5396821323246865,0.4957156479112228,0.30046219263967283,0.2897359800653935,0.2872946425827288,0.2831458412913315,0.2782105781844647,0.27528884068489207,0.2707590660779152,0.26681843408051703,0.26383920370287245,0.26058619915295717,0.2583331502720428,0.25603878954116627,0.25855992205999456
