trading_days_to_expiration,-9,-8,-7,-6,-5,-4,-3,-2,-1,0,1,2,3,4,5,6
10,0.4372743996400894,0.31665388942890327,0.32957704986240943,0.40058496003925,0.3651233782183342,0.3328843126174672,0.3126397157387864,0.3017681202922425,0.29276481950226513,0.29588701295035796,0.30326090956243995,0.30563247927746806,0.3048141876319354,0.32312096391534656,0.29328321239901645,0.2904753968735581
35,0.4372743996400894,0.2563436343233102,0.2663286315068349,0.2970806931056014,0.2758085141167072,0.2631127785589051,0.268720460834649,0.2699651185594791,0.2704143474396246,0.2701967965089932,0.2667882673711295,0.2667306437661364,0.3050399958862918,0.3108822994376641,0.29554726788630975,0.2934632301150143
55,0.4372743996400894,0.44448867232741346,0.43890636653017967,0.39416705742950525,0.3695966354287034,0.3537349998956673,0.3438739737084026,0.33695928637318473,0.33140525190448517,0.3170223782372949,0.3078537168236483,0.30477441338439343,0.3052658041406482,0.2986436349599816,0.297811323373603,0.2964510633564705
113,0.37696414453449634,0.3870328610949114,0.34696344956231556,0.33410925684345766,0.3336387732320341,0.3116155746930071,0.3200759760987745,0.3090926831773163,0.30030748246196165,0.30114140177897647,0.295115016447754,0.29645134457001476,0.29258559004795537,0.2910191569117232,0.28748756363210193,0.29347593443016545
