trading_days_to_expiration,-8,-7,-6,-5,-4,-3,-2,-1,0,1,2,3,4,5,6,7
8,0.37766827814159637,0.35403709058744887,0.33583572780239457,0.3352725940505791,0.318522023275563,0.306088536782157,0.2966171097234824,0.284910312408575,0.28520161646811376,0.2918700470687185,0.2899933681465539,0.2934470651916245,0.3005046754610581,0.28505680202887135,0.28355912114831305,0.2850834017974901
33,0.26670405170933076,0.2730499745949208,0.2616412009915843,0.2626473987277791,0.2815199148243984,0.25634098658970883,0.25908529691436616,0.2606980489256177,0.26182402030013985,0.2634831771602403,0.26529022255614165,0.26860799975559535,0.26993119882427463,0.29156940021730426,0.2902015981755318,0.2934919461640604
53,0.4398350619239715,0.42042088340809675,0.4008671365646558,0.38009510072928426,0.36233025823145387,0.3474498727525438,0.33456709203345475,0.3261634351871961,0.3136682216248379,0.30763722910032765,0.3027077402342824,0.29477752423988834,0.2974532425967565,0.29808199840573724,0.2968440752027505,0.30190049053063067
111,0.39693607625571015,0.3781283056052457,0.32369575981069965,0.31633865429727176,0.3102029928239338,0.30299004537745644,0.29873544233417687,0.29364835228136144,0.28763579289840063,0.2865961183593715,0.28526781916462646,0.2817213278150206,0.2785442038404384,0.27691664412109435,0.2766748574309198,0.27798756664751373
