trading_days_to_expiration,-9,-8,-7,-6,-5,-4,-3,-2,-1,0,1,2,3,4,5,6,7
22,0.5077440223498668,0.3305761680490285,0.3148292103186472,0.32089707469761586,0.32362352089141716,0.3163635538811093,0.316781753430294,0.312288099568535,0.3164493699472543,0.3212294504599924,0.31508904838005564,0.31453842901461226,0.314326677456556,0.3119496385248048,0.31239217748171555,0.3113476500501961,0.30246197485617765
42,0.5077440223498668,0.45396625430791987,0.4283516129787433,0.44263490291310026,0.4288493590692232,0.41309293563241967,0.39438991049055366,0.38260882058260426,0.37051139733953514,0.3607930657655935,0.3493571933006475,0.34499158565046056,0.3395751694281872,0.3307541589106885,0.32659555140915003,0.321249020978008,0.3053479754214082
100,0.44868807091625407,0.40758723964482896,0.39253343355170084,0.3586084523822596,0.350266651180533,0.3433039008326637,0.34452142770195543,0.33649874930170354,0.33244665853888433,0.32941701037128557,0.32264871492216285,0.3215943508483709,0.31637560765802036,0.31552198455623737,0.31327226899355975,0.3099755570159787,0.30823397598663876
160,0.38963211948264126,0.3612082249817381,0.3567152541246583,0.3411159866368384,0.3333151025308212,0.32044679445819696,0.319685006826907,0.3164831210367228,0.3133797383823963,0.3098790322296923,0.31051978815440767,0.29917470438525096,0.30884314565812077,0.3030885147261892,0.3014462791223842,0.29957597429094707,0.30823397598663876
