trading_days_to_expiration,-12,-11,-10,-9,-8,-7,-6,-5,-4,-3,-2,-1,0,1,2,3,4,5,6
1,0.7669167331033571,0.7501211811745679,0.7126357155947766,0.6283314906401363,0.5867026504838316,0.5523702471604554,0.5033000712266317,0.42630848746453054,0.38020619705788516,0.3310664439717502,0.3050587358821599,0.2744215749018467,0.25461328173682973,0.20283898938735673,0.38513787970662433,0.47540569714817077,0.5655429468273635,0.24460684125649015,0.24607783266135475
19,0.7669167331033571,0.7445226638649716,0.7020067328380449,0.6037730765741668,0.5810125084537199,0.571322815654617,0.510741322575093,0.41651801297394236,0.36386867837151876,0.3180708230579968,0.27481681360842686,0.23283852847867947,0.21106242360989452,0.21164008613490495,0.21861316405880088,0.22537966246849941,0.23496029412117972,0.23632890968427356,0.2423640569772388
79,0.7613182157937607,0.7338936811082399,0.6774483187720755,0.598082934544055,0.514465110172132,0.48841756852970897,0.4458894364457069,0.412881234430618,0.3908302575019844,0.3610640370209002,0.3361962013311133,0.30591380781630023,0.28446503115397564,0.26544123885640597,0.2544977623293844,0.24488030630505217,0.24400564033649022,0.2436043785552922,0.23865028129312288
138,0.7557196984841643,0.7232646983515083,0.6528899047061059,0.5923927925139434,0.5334176786662936,0.4958588198781703,0.4360989619551187,0.3965437157442516,0.34406206488550367,0.335300658155893,0.3160046213250139,0.29816413986376494,0.28576231018039305,0.2738213602175102,0.26141906948745647,0.2541540100122266,0.25288477282870675,0.24979160834547068,0.2493256197981814
