trading_days_to_expiration,-10,-9,-8,-7,-6,-5,-4,-3,-2,-1,0,1,2,3,4,5
9,0.3616527541707769,0.3616527541707769,0.3616527541707769,0.49276676892246435,0.4687457930518694,0.31516291664727725,0.3036866823098441,0.24511148428599902,0.21048362528755363,0.17417402273636082,0.14765241004327456,0.16143442750512366,0.18279520291414894,0.22925918171755308,0.284519101337616,0.21947334051893144
29,0.3616527541707769,0.3616527541707769,0.3616527541707769,0.41655369963415423,0.3817685937173202,0.2714103951865067,0.25797461401272365,0.20878980596606714,0.19725881174188084,0.18479880368947418,0.1750772540973183,0.17591518423622005,0.18130346340642378,0.19401110860837112,0.20657100016043722,0.21950634813898096
47,0.3616527541707769,0.3616527541707769,0.3616527541707769,0.34034063034584416,0.2947913943827709,0.2856479025382206,0.24951055952363047,0.23964353077275238,0.21305436322554497,0.20208080586703683,0.19306699353401482,0.19005547897151204,0.18984517924464472,0.19509204375413133,0.20352256298216975,0.21953935575903047
107,0.3616527541707769,0.3616527541707769,0.4272097615466206,0.40454321169885676,0.3589154381080477,0.33740884028590556,0.31694758376926513,0.29768801395311234,0.2823596003274395,0.26361582225516994,0.25005373879363313,0.2395269897753315,0.2302496105618544,0.22456790714581376,0.21944033289888193,0.21957236337907998
