trading_days_to_expiration,-9,-8,-7,-6,-5,-4,-3,-2,-1,0,1,2,3,4,5
20,0.48363650339116837,0.47421484790324164,0.4494657875590012,0.41474851030707105,0.2965092126418205,0.22813427309047,0.23980144449491925,0.2223962232570452,0.2235537240194844,0.22253023077624925,0.2211081492924998,0.23471214407086546,0.232845018070339,0.24056957655618397,0.2381950306086301
40,0.48363650339116837,0.4695040201592783,0.4418020851308443,0.40505357410926285,0.33041498211345166,0.28104993403764367,0.2733441131279051,0.2356434762064673,0.23171873891264042,0.22755732140637386,0.22689610880398467,0.22825280828246217,0.22905255456596832,0.2299638058214426,0.2438579067574277
60,0.48363650339116837,0.4647931924153149,0.43413838270268745,0.39535863791145465,0.3643207515850828,0.35898748590608986,0.3205157305514663,0.29611659148580316,0.2755255918936092,0.2662363607704851,0.2575267631441365,0.25228883304652583,0.25179778667772246,0.25028043942375494,0.24952078290622526
119,0.478925675647205,0.4571294899871581,0.42444344650487925,0.3459339252766376,0.32222625234216673,0.31697572352668296,0.29603371290104996,0.2867603309637238,0.27911391693687193,0.2700974311575206,0.26259275666816695,0.2587346805966795,0.2564262597445362,0.2552680878048809,0.2529643660724067
