trading_days_to_expiration,-12,-11,-10,-9,-8,-7,-6,-5,-4,-3,-2,-1,0,1,2,3,4,5
17,0.6590392630313988,0.6188896712450334,0.6474645712184685,0.6213989070913266,0.5537334642920887,0.5534221280553333,0.4980624604801798,0.41247374441906354,0.37146654598469875,0.3194257800790147,0.27922971829701715,0.2304969167368277,0.20794986495489626,0.20870349529033339,0.2168969696851507,0.22348069983536917,0.23343761906754426,0.24036276553531888
37,0.6490018650848075,0.6260333962383922,0.640948155186683,0.5640385265629362,0.5154023184239064,0.503373624956428,0.4614793746513095,0.403087504752782,0.32250492708345,0.2874625733564491,0.2631543315773524,0.24527042930324064,0.23247316466608484,0.2275244659587207,0.22679914134915286,0.22706189065492174,0.23105085746245296,0.23268660572336508
77,0.6389644671382161,0.633177121231751,0.6344317391548975,0.5066781460345456,0.477071172555724,0.45332512185752266,0.4248962888224392,0.39370126508650044,0.3724144168102576,0.3415302010416603,0.3127488221082859,0.2931217965230906,0.27669553351384785,0.26235354698531194,0.2519795600805759,0.2527954209082985,0.25308502142348066,0.24916672988699054
136,0.6289270691916247,0.6403208462251097,0.627915323123112,0.5302058051633172,0.5152466503055286,0.47569379116885124,0.41868501662075136,0.3682246930157523,0.3416870539820326,0.3292514163842695,0.30919882205018634,0.29298667991991967,0.2817619753267792,0.2710663451006929,0.2617139300044993,0.26036097719074647,0.25732775054799994,0.25338971576996683
