trading_days_to_expiration,-10,-9,-8,-7,-6,-5,-4,-3,-2,-1,0,1,2,3,4,5
4,0.419970794142381,0.4122642383063516,0.37881382288883125,0.3422921602746003,0.5299614718668524,0.2766709459027205,0.2645652368959641,0.25427134522687583,0.23266676407909562,0.19246948410903,0.1594137492153982,0.1630787440006929,0.18965849242136276,0.26003126489437983,0.34508500671765996,0.21610557599134597
24,0.419970794142381,0.40841096038833696,0.36594189309808567,0.33690325875823035,0.42026561314466865,0.19042916727158676,0.18919381240865188,0.18688315474840542,0.18340297404808303,0.1761322330095776,0.16840557248061414,0.17014310771681834,0.17807104165477025,0.18860809434013034,0.22084397972148848,0.21538163559354168
42,0.419970794142381,0.4045576824703223,0.35306996330734014,0.3315143572418604,0.3105697544224849,0.29661383098495964,0.26029820536605275,0.2328715000972874,0.21002983634009179,0.19780240777810137,0.1891663684119952,0.1847572312892514,0.18432734740025136,0.19353265651043655,0.20357840885941186,0.2146576951957374
102,0.4161175162243663,0.3916857526795768,0.3476810617909702,0.4307379145543564,0.36291272453385426,0.33993666138327633,0.3216595357053462,0.2956949917920964,0.2815717698269428,0.26427579591024225,0.2538760657778872,0.23890138159165755,0.23034181394896833,0.22105775441530612,0.21682951638915024,0.21393375479793314
