trading_days_to_expiration,-8,-7,-6,-5,-4,-3,-2,-1,0,1,2,3,4,5,6
12,0.5722096532748259,0.5532417024349716,0.37010507497885897,0.3364487784839376,0.28609591920195687,0.22982799909047177,0.20170665125762335,0.1827977400991201,0.17416014442565567,0.17787600343706905,0.2007140923794364,0.1967287373419503,0.2240638636750551,0.21841935134064167,0.2204968228350812
32,0.5722096532748259,0.5469190521550201,0.44349144522007905,0.46173278010890567,0.4010030813614055,0.3722300622713846,0.31116055756108074,0.2724413587148879,0.24220686185356122,0.2246727356110333,0.21496358808200774,0.21419396237775307,0.21629739048242994,0.2113888977730205,0.21706714797686932
91,0.5658870029948744,0.4879810597629664,0.4078105563080319,0.3312715769528717,0.3127395944145124,0.2889638197600924,0.27180401092058437,0.25607968936363196,0.24334755687929038,0.23369453676446902,0.2270074562433781,0.22309078176489236,0.22215658208659886,0.22126831576016837,0.21935013444316187
150,0.559564352714923,0.4290430673709127,0.37212966739598474,0.3086837480774143,0.2763706152574765,0.2817931744943879,0.26206865294587633,0.2531987654270886,0.24562899061650503,0.24028273295363756,0.2345477820888552,0.22938837359184586,0.2254498049082628,0.2239264976932931,0.21935013444316187
