trading_days_to_expiration,-11,-10,-9,-8,-7,-6,-5,-4,-3,-2,-1,0,1,2,3,4,5
9,0.6398269635051089,0.64977670293072,0.555001321636182,0.5409671946177952,0.49167562482267607,0.5850777276489513,0.5094213264210581,0.45746835558064114,0.3581467883645098,0.2923682726996175,0.2239463976873174,0.18346779217262102,0.17692523690159528,0.19974252307984147,0.23361146852201592,0.24536260230052429,0.27077181170366066
27,0.6398269635051089,0.653093282739257,0.5223040012684903,0.5471882590675634,0.4915558910006043,0.47149018145147076,0.41308458269491904,0.36638365947223656,0.31887416967641213,0.2818009084285771,0.2360659694346929,0.21734542790126565,0.19981546378973264,0.19586599009609174,0.20429192631658338,0.21470783977145158,0.22289797881298923
87,0.643143543313646,0.6203959623715654,0.5285250657182585,0.4919150924668195,0.36748341382124394,0.4156172476453307,0.39523364414512074,0.3572090487634783,0.34188405408353734,0.3078355630181206,0.28412000479598215,0.2669514050648117,0.2510417156570745,0.2430337356326343,0.23894061436927944,0.2354524067332594,0.23275841250514723
146,0.6464601231221829,0.5876986420038737,0.5347461301680269,0.49179535864474777,0.4762805707350976,0.4625192870331944,0.42635099986288094,0.34567472716165165,0.3080960992856695,0.30675131923653914,0.30463957492129334,0.2716797641890684,0.2602819532243354,0.25142552963705006,0.24390153107497575,0.24399809110264517,0.24024563362406945
