trading_days_to_expiration,-8,-7,-6,-5,-4,-3,-2,-1,0,1,2,3,4,5,6
9,0.5725082245740585,0.5574363735543048,0.5151667932842348,0.2767705011031666,0.1989598016590988,0.3279082700361942,0.17013704198237012,0.1704641807751689,0.16210708853283948,0.1625660091662209,0.1850228561558092,0.2251265194912615,0.2407915576368017,0.2533703796504392,0.22095162318838404
29,0.5725082245740585,0.5524124232143869,0.5027515833075175,0.455127863462826,0.40483905150816657,0.3458457652716662,0.2961297570331068,0.25235118086248903,0.22982843601048655,0.21381153755529117,0.2073074740073725,0.2112582557944669,0.214042879735585,0.21532128876228937,0.22301608480120402
88,0.5674842742341406,0.5399972132376696,0.42742455590606715,0.3160797416792545,0.2920332795652502,0.2752482944985359,0.2585346642489754,0.2432561872184751,0.23323788644209534,0.22552125088283737,0.21999209411873363,0.21714186330908636,0.2184487815082159,0.21746500562756557,0.2179301536075765
147,0.5624603238942227,0.5275820032609522,0.35209752850461684,0.25751977166917667,0.3099707748007222,0.2702334273881473,0.2620827251805934,0.25179936329970765,0.24160130219816178,0.23538517218848243,0.22897410227691026,0.22404323904964607,0.22079135324684224,0.21888716157556407,0.21726984283667225
