trading_days_to_expiration,-8,-7,-6,-5,-4,-3,-2,-1,0,1,2,3,4,5,6,7
1,0.5252402459926315,0.5131435232160713,0.4658877624812674,0.36016380259898273,0.31209422368849477,0.28064132466504504,0.5789024791213734,0.37196309625229423,0.22529947124733662,0.17888479036688082,0.35684366354815594,0.5318016145122423,0.6195821224942936,0.22389750103327033,0.22571477525108355,0.22173995504594746
21,0.5252402459926315,0.507095161827791,0.4483082435021457,0.3248813416369621,0.2731518126683057,0.23813212148414514,0.20127854572946502,0.19029070483507934,0.1802520125793455,0.18068594655997453,0.18839338972604203,0.1989143391333318,0.21222195657824255,0.22215382457496283,0.2282351989661853,0.22177743524586221
41,0.5252402459926315,0.5010468004395109,0.43072872452302396,0.389979045728873,0.3528699039476762,0.3116046145351296,0.2805844773879777,0.2521427910697567,0.23291507374099785,0.22257527180907186,0.21663684882689682,0.21790920944568712,0.2201918758587559,0.22278873008820516,0.23075562268128702,0.22181491544577697
100,0.5191918846043514,0.48346728146038914,0.3954462635610033,0.3510366347086839,0.32315052784594495,0.3113350250130378,0.28552450449888445,0.27034692991532777,0.2559639905657886,0.2467275337061534,0.23728471598698703,0.2298921586639922,0.22564117749157786,0.22319435153598183,0.2217024748460327,0.22185239564569173
