trading_days_to_expiration,-12,-11,-10,-9,-8,-7,-6,-5,-4,-3,-2,-1,0,1,2,3,4,5,6
14,0.7494551248241589,0.7466476075530599,0.7250617934063943,0.6239820670749896,0.6406027766890751,0.5414158153691601,0.47540263377424,0.4220510354103155,0.385990907524098,0.3111025848730415,0.26128893794515395,0.2338065560575572,0.2082632907321996,0.21589483525479464,0.22882011488767015,0.23769270608719023,0.25047882289615864,0.2624477133873812,0.2573607037434416
34,0.7487532455063841,0.7412511540163935,0.6997918618235431,0.6281372444785109,0.5685203373118244,0.49787050136522165,0.4596828019517244,0.41603495209214414,0.30828784168897216,0.2746637389684407,0.25318380034714455,0.23263887561986119,0.22670792231767972,0.22218632898341026,0.2195336182061842,0.22215751932590141,0.22348967052720298,0.23009963102104888,0.25506429585504686
74,0.7480513661886095,0.7358547004797271,0.674521930240692,0.6322924218820323,0.4964378979345736,0.45432518736128324,0.44396297012920877,0.4100188687739727,0.3776293162406094,0.35439482632514513,0.3314498355331248,0.31820441597529653,0.28710414767216014,0.27224045057563556,0.260659507948906,0.2561179897597676,0.2537766186515027,0.25470900796002205,0.25276788796665206
133,0.7473494868708347,0.7304582469430607,0.6492519986578408,0.6364475992855537,0.5189268566518668,0.46486391056776166,0.4330070027697621,0.39800488814903534,0.35075365873445563,0.33715362961258805,0.32563859993808986,0.30047610369596645,0.28991897800477423,0.2811932945419791,0.2729760253437375,0.26509465095376733,0.2626872461341838,0.2596571116318364,0.258701151259564
