trading_days_to_expiration,-11,-10,-9,-8,-7,-6,-5,-4,-3,-2,-1,0,1,2,3,4,5,6
11,0.473439593646823,0.473439593646823,0.473439593646823,0.473439593646823,0.47964321255078346,0.4761519856208768,0.43124433506797455,0.3423883877715994,0.2957401392905513,0.25672084094249487,0.2277623318942464,0.21533614447156912,0.20088469415257315,0.21921542245756492,0.25008569332060343,0.26457533035784564,0.27852490700915744,0.28406877398519925
31,0.473439593646823,0.473439593646823,0.473439593646823,0.473439593646823,0.4556214457540978,0.442819144278746,0.4077417922969224,0.35119224766869706,0.2648248950033188,0.25265805777261036,0.23314140248000048,0.2252308972699885,0.2228715483746644,0.21955933386487966,0.22354322118583014,0.2278073949828771,0.23845092050254707,0.2369610930935416
71,0.473439593646823,0.473439593646823,0.473439593646823,0.473439593646823,0.43159967895741214,0.4094863029366153,0.38423924952587024,0.35999610756579464,0.32712995184848215,0.31170626422643116,0.2883021197712057,0.2726110170139856,0.2612603963366691,0.25260910549928794,0.24991661997303244,0.24915605906571525,0.24999299633547878,0.2494185690398836
130,0.473439593646823,0.473439593646823,0.473439593646823,0.4765414030988032,0.45387583228914447,0.4203653190022949,0.3633138186487348,0.3266553835777838,0.31306846037303515,0.29941441299171967,0.2916512909164356,0.2800113713574569,0.2714658545417021,0.2649780447783617,0.2618251981264109,0.2560835131491689,0.2540044479987299,0.25209800371493407
