trading_days_to_expiration,-8,-7,-6,-5,-4,-3,-2,-1,0,1,2,3,4,5,6
4,0.6648829048873292,0.6322242392292847,0.578998754683451,0.5142581808889515,0.4403525107945454,0.4340983205259482,0.3077026523952142,0.17650679802859265,0.14920061285270764,0.15657414970139988,0.20119925141343561,0.2689046311860754,0.2823206708658643,0.3266408108349409,0.2279247835576182
24,0.6648829048873292,0.6213380173432699,0.564885667130178,0.4973823521418759,0.4458864609544646,0.3793446861415952,0.3149076798820667,0.26299968632008625,0.2291898381670183,0.20965763605299945,0.20401702008830042,0.21460138575010193,0.21737728235557882,0.22044289083800525,0.24091146439072236
83,0.6539966830013143,0.6072249297899969,0.5480098383831025,0.31059684767817386,0.29261071877803757,0.2724288509602816,0.25494181897282076,0.24097190331874982,0.22918580345360248,0.22231944455137276,0.21538546846264706,0.21261822147748544,0.21160588579985198,0.2134921733501909,0.20936282241590923
142,0.6431104611152996,0.5931118422367239,0.531134009636027,0.37547467923635963,0.25714265098135897,0.24952926144271168,0.2428071040311532,0.23663728034158021,0.22968639952039824,0.22517854447643615,0.22306778904549013,0.21811438811552575,0.2165559498855148,0.214938102724514,0.20936282241590923
