trading_days_to_expiration,-8,-7,-6,-5,-4,-3,-2,-1,0,1,2,3,4,5,6
13,0.566855008967709,0.5134429355906251,0.46798948630438986,0.22319273453498703,0.20370286118283093,0.19584882664178757,0.19094284819754773,0.1806210928912485,0.1759793794827945,0.17989901097693142,0.1977301989136978,0.19961787386919072,0.22336494482092129,0.22104092433026631,0.2216435515559113
33,0.566855008967709,0.49563891113159714,0.45877301136198745,0.4244344096582817,0.3854463767043379,0.3442686646227134,0.30043864602605586,0.2634491670323974,0.23811746614898924,0.22281794132364155,0.21287367428924858,0.21565880991115555,0.2127249175809291,0.21307144113587365,0.21663931893561286
92,0.5490509845086811,0.48642243618919473,0.380246252419654,0.3276227382204084,0.30676830990405596,0.28506582420463783,0.26911066505922615,0.25489485295734776,0.24326106334999964,0.23378639552572608,0.22721393888424551,0.22286961831246221,0.2179990872253718,0.2199251604865086,0.21766804351748434
151,0.5312469600496531,0.47720596124679227,0.3017194934773205,0.26566279970161966,0.28733209097633006,0.2747443302073698,0.2581114638375795,0.2544876118926123,0.2473127612752332,0.24104953545149194,0.234661639160518,0.23069387729721663,0.22901040752465898,0.22664778417620973,0.21766804351748434
