trading_days_to_expiration,-10,-9,-8,-7,-6,-5,-4,-3,-2,-1,0,1,2,3,4,5
15,0.3227952021534808,0.3227952021534808,0.3227952021534808,0.431808333799195,0.3283625949660195,0.2975072171644683,0.3010706953317728,0.20605128962856198,0.19078273996201917,0.16254042216649933,0.16154437279924508,0.17155809224786997,0.1893854087731505,0.21512011978614126,0.23232650386356085,0.21978201197647937
35,0.3227952021534808,0.3227952021534808,0.3227952021534808,0.39386316532883714,0.31458489401978956,0.23772219603399405,0.26804566370904775,0.19958021349158367,0.18770141939383844,0.17942480513422257,0.17778981322120047,0.17957378408939462,0.1831728854955319,0.19390186206859944,0.20545443639070723,0.21999891403675756
53,0.3227952021534808,0.3227952021534808,0.3227952021534808,0.35591799685847936,0.30080719307355963,0.2997175654312159,0.26057977887279316,0.23664153809095648,0.2198367230999064,0.2040017402311235,0.19770845410602678,0.1942692396283394,0.19424024703204765,0.1947091877321741,0.20383805818577738,0.22021581609703575
113,0.3227952021534808,0.3227952021534808,0.37730176797633785,0.3421402959122494,0.3572922382949426,0.3340957269544978,0.30794405197135966,0.29411153623289704,0.28730319993063186,0.26142664575380364,0.24629960815423463,0.23850040265033765,0.23111815832994423,0.2256845116402451,0.21956510991620118,0.22043271815731394
