trading_days_to_expiration,-8,-7,-6,-5,-4,-3,-2,-1,0,1,2,3,4,5,6,7
20,0.5387722167931044,0.5125202668246182,0.4552129326417266,0.2895444953072322,0.2725953134226834,0.21273261216184372,0.19994637382821148,0.18416134253124042,0.17222211713537403,0.17909447782478122,0.18813538553889103,0.1970994159903171,0.20671526553304823,0.21726246492839185,0.22766808529560645,0.22469927690864022
40,0.5387722167931044,0.5037696168351228,0.4390273712439278,0.40213041598078786,0.3658500741254001,0.3020517295980866,0.27450976181128234,0.24819955142389977,0.2309369914357043,0.2233741080014916,0.21485415036206368,0.21853145920975137,0.2186942472800539,0.22099763984887413,0.2259413007589961,0.22489602317257806
99,0.530021566803609,0.487584055437324,0.38919974593169593,0.3589520484614197,0.3207950292823392,0.30200715530101424,0.28097674720042615,0.26780579030547935,0.2568812171239819,0.24276139655067736,0.23384008142890422,0.22779550718582023,0.22434384448353356,0.22423212395986392,0.2243057843807645,0.22509276943651593
158,0.5212709168141136,0.4713984940395253,0.3393721206194641,0.31577368094205155,0.2667638207220915,0.2957950873254883,0.27334449458027876,0.27177395552272954,0.2584025926948457,0.25025442347390614,0.24423103262745446,0.23733112598762235,0.23298894925953928,0.22939486983221682,0.22450253064470238,0.22509276943651593
