trading_days_to_expiration,-8,-7,-6,-5,-4,-3,-2,-1,0,1,2,3,4,5,6
6,0.6420098527968702,0.6084797957674094,0.5237734558473329,0.4825545025303362,0.395245083985991,0.243845588955838,0.19755306066433964,0.16511019536593083,0.1624900366289343,0.18404603617666518,0.22413504571849419,0.2444615318436941,0.28309857643600606,0.21900688053758294,0.22253032621740654
26,0.6420098527968702,0.5973031100909225,0.4992635710994697,0.47698481300729173,0.431048455465215,0.36032031681055815,0.3164285358978766,0.2660082860965319,0.23692912605884212,0.21482588934116761,0.20799562563326876,0.21371148634969506,0.21096205010478655,0.22179300733632426,0.23146223171398284
85,0.6308331671203833,0.5727932253430593,0.49369388157642524,0.323638341027543,0.2981318350378924,0.2755706206194756,0.26011101587150937,0.24217540047770877,0.23271321877156875,0.22383571387958906,0.21714804850530905,0.21438674177324382,0.21441387797504846,0.21420386935639857,0.21587266501004423
144,0.6196564814438963,0.5482833405951961,0.48812419205338076,0.359441712506767,0.2630070539699643,0.25849048131390956,0.2437393038485546,0.23768803236770017,0.231791278056243,0.22602727319083443,0.21972233560284135,0.21648716042040483,0.21622075373884164,0.2135984207208302,0.21587266501004423
