trading_days_to_expiration,-11,-10,-9,-8,-7,-6,-5,-4,-3,-2,-1,0,1,2,3,4,5,6,7
6,0.7654633920956206,0.7070193213221002,0.6485752505485798,0.907312922434178,0.8700597107285929,0.47684611690114787,0.5298956813931588,0.3744648519324518,0.3367071383592808,0.2962316117216349,0.21827564824935192,0.20550438652495728,0.2076324883315253,0.24029491524924612,0.2936975636464414,0.3077649102095282,0.33308899325560565,0.3620825185587514,0.25880224018168857
26,0.7508523744022405,0.6924083036287201,0.7132596685199794,0.6811058131216154,0.6353954460306461,0.438811430125275,0.4550131842291798,0.2879356244676127,0.27863415927976465,0.2464021439348256,0.23518019877023022,0.2265007451554858,0.22219111478163892,0.22556473864051726,0.23411167454696027,0.24469558938334032,0.25149962998785985,0.2617812103000757,0.25820333287536823
66,0.7362413567088604,0.67779728593534,0.7779440864913789,0.4548987038090529,0.40073118133269936,0.4007767433494022,0.3801306870652008,0.35776924992822434,0.32630626769406385,0.3027661687770055,0.28404243289310116,0.2724411409228906,0.2621149550566317,0.25594545977771194,0.2531198774927822,0.2548929575230581,0.2560016591104349,0.2570658801027966,0.25760442556904783
125,0.7216303390154803,0.6631862682419599,0.8426285044627785,0.6624792072688229,0.4387886491169236,0.46533621237128053,0.3772977694988263,0.34723819414375257,0.3260269387598775,0.3129655507249595,0.30298080048973974,0.29279459682286163,0.2840815511426205,0.2759189919081376,0.269773241872593,0.2592716356014531,0.2619767471483939,0.2594011474880089,0.2570055182627275
