trading_days_to_expiration,-8,-7,-6,-5,-4,-3,-2,-1,0,1,2,3,4,5,6
8,0.6022094013624308,0.5761143142799328,0.5339903544470381,0.49520620131232257,0.27625446859851466,0.24654084490195102,0.27935534826589725,0.18068476053803578,0.15944340938369653,0.16013041508860607,0.18712128844948794,0.2193660014523246,0.2349727177954814,0.26951698377780664,0.2228263071378078
28,0.6022094013624308,0.5674159519191,0.5228484886230176,0.45628452163815925,0.4078240394431237,0.3423336867205577,0.2916123833964054,0.2515942095069459,0.2250826653192621,0.21269399544735174,0.20306059036967608,0.21223538732577446,0.21254456191756543,0.22106123293029206,0.2293856632217176
87,0.5935110390015981,0.5562740860950794,0.5136343928527859,0.2774477780918793,0.29426156422932986,0.2721947590572963,0.2561331001764489,0.2438263315765782,0.22974912530292957,0.22215035152603346,0.2175001461418519,0.2151527554502776,0.2170958984428209,0.21610423806204274,0.2163076333796532
146,0.5848126766407654,0.5451322202710588,0.5044202970825542,0.276851123345197,0.27040120456564043,0.2670983131353892,0.26151032386168666,0.2490588376065211,0.24253694896466155,0.232821445286653,0.22694903335371003,0.2220796811780107,0.21769309689391683,0.21626695105389798,0.21436668305078463
