trading_days_to_expiration,-12,-11,-10,-9,-8,-7,-6,-5,-4,-3,-2,-1,0,1,2,3,4,5
19,0.44863654198190855,0.44863654198190855,0.477556933159394,0.46624167515092857,0.4871732754638823,0.4389822239535691,0.4088967495748645,0.3009655244038165,0.2788601156856446,0.2418101143475808,0.22346947396172243,0.20569937715999184,0.19620399291329094,0.19522816899328832,0.2066953978654053,0.21091738523355028,0.22394250210028785,0.2303992777635714
37,0.44863654198190855,0.44863654198190855,0.4871970635518892,0.4592565456839417,0.49944492656688627,0.4650738725081615,0.37540160686134477,0.32314703956909063,0.28440692431021314,0.25128806009675186,0.22608734751258128,0.21926659974402202,0.2108864626842976,0.2026674287784427,0.20270397351870603,0.2077014905780365,0.21159535996803275,0.23003100199758647
97,0.44863654198190855,0.4582766723744037,0.4802119340849023,0.46262997325787436,0.3607144602450035,0.3920524838925996,0.3673956693500071,0.34669586197912533,0.3253864289861339,0.29914084124857016,0.2755939950960865,0.2576058006471607,0.244316406495662,0.24453947184550695,0.2290946184857946,0.23033451656272802,0.23077904162148463,0.22966272623160158
156,0.44863654198190855,0.46791680276689884,0.47322680461791544,0.47490162436087835,0.3998483420992863,0.4004746167337321,0.3341805968769118,0.31277798883238495,0.28359827166685736,0.2907674178985798,0.2774852222460145,0.26423745177377383,0.25655962220842266,0.24500784229727388,0.2386147928417651,0.2322101769915555,0.2307675535295563,0.22929445046561667
