trading_days_to_expiration,-8,-7,-6,-5,-4,-3,-2,-1,0,1,2,3,4,5,6
19,0.7701674826575249,0.7104320694984013,0.6258380222687324,0.5613835481666735,0.5182035532484333,0.4419636640186177,0.3682860136670255,0.29760345763795426,0.2355939561051416,0.20450417493218517,0.19630371024241122,0.20333257081442482,0.20394175018744543,0.22308310688182934,0.22976619701279116
43,0.755233629367744,0.6892835576909841,0.6097244037432177,0.4419579858665702,0.3581426750697181,0.30452547076535036,0.27726805932421145,0.24151957353776796,0.21952167200664383,0.20350375287646116,0.1957866166120656,0.19301701303884486,0.1937351060030072,0.21274885678037464,0.21500733552226914
78,0.740299776077963,0.6681350458835669,0.5936107852177029,0.3225324235664669,0.29803956252691544,0.2804951003270128,0.25799060369666404,0.24033208566307634,0.22519886836105377,0.214907893472877,0.2064142008316423,0.20407908896939592,0.20274232900877154,0.20241460667891992,0.2002484740317471
137,0.7253659227881822,0.6469865340761496,0.5774971666921882,0.42036798840745004,0.26127406411510096,0.24663462450581228,0.23785948092027434,0.22857052993460109,0.222010065271797,0.21585566541466775,0.21029104222453004,0.20676660230834085,0.20527219530490717,0.20263118472807393,0.2002484740317471
