trading_days_to_expiration,-8,-7,-6,-5,-4,-3,-2,-1,0,1,2,3,4,5,6
1,0.69958266318931,0.6455347786072245,0.5939400290137873,0.5324956515988539,0.3959153340103698,0.9363083057686348,0.28066534559475587,0.4005561714476287,0.22144163419237278,0.1539046106930241,0.33391912448703875,0.509552019210254,0.5976589835090252,0.21648820615759462,0.22092372091909834
21,0.69958266318931,0.6275188170798628,0.5827470996584289,0.5157451689123289,0.44037469821983044,0.372623321698667,0.31043415451842005,0.2513980415336996,0.21112135434891094,0.1991655287923032,0.19767029805344766,0.21095629195417595,0.21763274886830256,0.2276321513659171,0.23954292257353194
80,0.6815667016619482,0.6163258877245044,0.5659966169719038,0.30699660559144853,0.286821538943493,0.26404679251197355,0.2448265469827433,0.23000214729892032,0.21714546481538133,0.20869871391696085,0.20338630504683855,0.20159642302056538,0.20116476196846408,0.20084389851163315,0.20115913846818428
139,0.6635507401345864,0.6051329583691458,0.5492461342853789,0.35145596980090915,0.611564922356064,0.25089653667109174,0.23534995332134762,0.23176191403583463,0.22476442142301647,0.21871485046892478,0.21286984033414574,0.20858830031880393,0.20534426094927216,0.20230451926466475,0.20144543366086223
