trading_days_to_expiration,-8,-7,-6,-5,-4,-3,-2,-1,0,1,2,3,4,5,6
5,0.5218880634775217,0.5924123676487046,0.5906726929889152,0.4819746543030898,0.41701010574676495,0.35016000375355005,0.29412180384826936,0.158320384909213,0.15386109845055532,0.1835947510558339,0.2174126143013854,0.2247190259151639,0.26487339923361286,0.21787456127650734,0.22285305298617109
25,0.5218880634775217,0.6159204690390989,0.5822567676388539,0.4959375688698681,0.46205618012882277,0.39382800063566364,0.3391387771110846,0.283636107410916,0.24452428906168314,0.21960528223131426,0.21036765549168676,0.2171127834154914,0.21871000572270857,0.22458868248022212,0.23650693644381984
84,0.545396164867916,0.6075045436890376,0.5488293965269325,0.3269179569826493,0.30369241236254363,0.27796708591373814,0.2597915687216839,0.24387916101209126,0.2318993401903052,0.22203316521583977,0.2148972405275598,0.21397869279066123,0.2126266193055703,0.21122641196105685,0.21135365486319252
143,0.5689042662583104,0.5990886183389764,0.5154020254150111,0.3719640313647071,0.2514625116468552,0.24910483058545416,0.23997487434963552,0.23045918113230981,0.2259445189145443,0.2198035129555464,0.21589371077276243,0.21230547948596662,0.21116044007279255,0.2091991695285223,0.21135365486319252
