trading_days_to_expiration,-11,-10,-9,-8,-7,-6,-5,-4,-3,-2,-1,0,1,2,3,4,5
18,0.5225663547870224,0.4902450174468668,0.46748137332909256,0.4382774919352159,0.4821998070147808,0.43803254237681266,0.39296148241374096,0.3107094508369721,0.27204101048291607,0.21736566788251024,0.19960211361346658,0.19106676847471568,0.19969994435414284,0.22291898411080838,0.2290894942704446,0.2422359375439078,0.22569705387671052
36,0.5225663547870224,0.47947123833348165,0.46348475166096287,0.4298750720266336,0.39247214798836444,0.4139375155092926,0.3763369431972786,0.3196646591767885,0.27402458202555763,0.26007960692341675,0.2266568795675617,0.20511773696372176,0.2041579869639736,0.20214873308349124,0.20848578105128002,0.21442722994219224,0.22053896471859233
96,0.5117925756736372,0.47547461666535196,0.45508233175238055,0.43544542573745837,0.40838520184677257,0.3872812664836136,0.36016990030225515,0.3344704197769408,0.3140145243290284,0.2875012175051424,0.26858402163138945,0.2550938812341502,0.24141003314512602,0.23357671815218778,0.23104553520636115,0.2317389513154593,0.23265306221447984
155,0.501018796560252,0.47147799499722226,0.44667991184379824,0.4588226163761196,0.4232088721117926,0.3901213744486773,0.3354396755696136,0.30325571512992844,0.29007309497035244,0.2761786477526358,0.26328555316871033,0.252747291368765,0.24430141881861758,0.23799945194661137,0.23176310227898791,0.23085514303482874,0.22962944748515715
