trading_days_to_expiration,-11,-10,-9,-8,-7,-6,-5,-4,-3,-2,-1,0,1,2,3,4,5,6
13,0.6605630227800421,0.627930285958415,0.5981330706093758,0.5393470600812811,0.4898175680429907,0.5606124218010385,0.5138138642218171,0.45531521607680464,0.3886351393192464,0.3210742004830147,0.24996736617931803,0.21084653475458706,0.18750133050742449,0.19245613040700474,0.2209405114396908,0.21993036304554045,0.2468318062591306,0.2414002716181475
31,0.6605630227800421,0.6170527070178726,0.5918265251398769,0.5218539050617492,0.4963790788748344,0.48621392734814584,0.43702349925824424,0.3738239956567982,0.3202237003813526,0.2831312012021712,0.2506856993734244,0.22266905471184187,0.20892009632346312,0.19940342884315543,0.2045438775335119,0.2057083495166369,0.21010633514560412,0.24106341709075726
91,0.6496854438394997,0.6107461615483737,0.574333370120345,0.47669454637930336,0.44197387764597695,0.41365356676326204,0.3840793748898532,0.35817602077468136,0.3291089105640701,0.30388161419620197,0.2788931193840654,0.2627407658765974,0.2513548103761727,0.24031079247287912,0.23624743036062193,0.23260284166789783,0.23033653176409907,0.24072656256336702
150,0.6388078648989574,0.6044396160788748,0.556840215100813,0.48325605721114706,0.5012931497235078,0.46373371549253956,0.4196972954833289,0.3734055800469639,0.31565566848221827,0.3080191601027039,0.2925388975871348,0.2781926321776582,0.26645574244614645,0.25563166306248775,0.24919319535721698,0.24401383317450095,0.24173712614553775,0.24038970803597678
