trading_days_to_expiration,-9,-8,-7,-6,-5,-4,-3,-2,-1,0,1,2,3,4,5,6
19,0.4449851890158544,0.4540281714440955,0.4460114952884262,0.4052825088108073,0.33481712370455613,0.25454159733738907,0.23980264834025736,0.22632734281988778,0.2156694720749482,0.2116376117697742,0.2171777279974902,0.22304452354104343,0.22709582094565994,0.23367088168410718,0.2396697991813343,0.25137178343583105
39,0.4449851890158544,0.45854966265821606,0.4374816659964709,0.3934478448639531,0.3432969770394103,0.2715580560204407,0.2530682748413369,0.23709522060771232,0.22980356422835252,0.2229173455731587,0.22323908884273067,0.22213557392279673,0.22595037868749354,0.2270305223863824,0.24284738204002762,0.25106767769968
59,0.4449851890158544,0.46307115387233666,0.4289518367045157,0.38161318091709895,0.35177683037426444,0.3446200534823762,0.31116493570351267,0.29000181127717867,0.27016425799126953,0.2575060660326452,0.253580588487237,0.24829065593016872,0.25025388995419984,0.2481842728171631,0.24602496489872094,0.250763571963529
118,0.449506680229975,0.45454132458038143,0.4171171727576615,0.35821515231082757,0.3031592138558268,0.32586396665518974,0.31122844594226073,0.2866102226898031,0.2865403997629396,0.2777396244223025,0.26722071727763796,0.2615144622211073,0.25431631518004955,0.25429737171902866,0.2516758891719821,0.25045946622737797
