trading_days_to_expiration,-11,-10,-9,-8,-7,-6,-5,-4,-3,-2,-1,0,1,2,3,4,5,6
12,0.6055875753638608,0.6324590779265871,0.615529347256418,0.5482095682512401,0.4821438441473876,0.5113785908727542,0.44318205340786215,0.4030979678954005,0.3194995291821468,0.26492368562868635,0.21425576307121733,0.1935053095118096,0.1930617457875332,0.2176367345132195,0.2534848871995228,0.24610972434560427,0.276317312763991,0.239594615602536
30,0.6055875753638608,0.6414162454474959,0.6069003811927253,0.5286459639374117,0.4666431375507129,0.43188784314191303,0.39024218772181496,0.3605772172686327,0.2940061404934645,0.25652975622096047,0.22938906931223318,0.2149554073335023,0.20375787741198717,0.20066776543594256,0.2102370195057356,0.21648222716198412,0.22357211716300998,0.23748193388538583
90,0.6145447428847696,0.6327872793838032,0.5873367768788968,0.513145257340737,0.4658560446843884,0.42641436944695293,0.3909596125737597,0.3653380310229604,0.3387349522974433,0.31533155331804785,0.29240364671174884,0.2729745719687433,0.25826636385665125,0.24959147837255552,0.24015538140424372,0.23805313114881343,0.23560035356180925,0.23536925216823562
149,0.6235019104056783,0.6241583133201105,0.5677731725650685,0.49764455074406233,0.4886173177785713,0.43479821142740754,0.3970287902345801,0.3424187801025536,0.3282253330817584,0.2956402441897359,0.2830543091253676,0.27068201422603144,0.2613281642668737,0.2533130708980249,0.2463049917886128,0.24229387337144884,0.2417072973196862,0.2409480265131884
