trading_days_to_expiration,-12,-11,-10,-9,-8,-7,-6,-5,-4,-3,-2,-1,0,1,2,3,4,5
5,0.5921788524218754,0.60467241647922,0.5547387110819249,0.5482448575389762,0.5370546074464652,0.7021036337487464,0.7575958208290013,0.4286841702661701,0.38859294471354383,0.3374817166856229,0.260439988655637,0.20350321370633798,0.17859317884402573,0.20341541879820338,0.2574336036046605,0.26423154054569636,0.28981824091157815,0.249855863002334
23,0.5921788524218754,0.6088369378316681,0.5367059688320104,0.5520911537746316,0.5527424255099622,0.5108591105357473,0.4657403727863089,0.40073148437726497,0.3589436169934916,0.3072322065047371,0.25674731286152636,0.23066008094820808,0.21266225620468815,0.20864761330432116,0.2107292831253193,0.22066770308143754,0.22694389582018482,0.24918177490766918
83,0.5963433737743236,0.5908041955817537,0.5405522650676657,0.5056789713194711,0.4662612741291606,0.42793672378080005,0.4204821249279288,0.38896034692282655,0.36107916781590194,0.3344994066797815,0.3010646688819427,0.2830747576695461,0.27133682156542943,0.2543593094826391,0.24673275769314365,0.24231170847062372,0.2408101704196374,0.2485076868130044
142,0.6005078951267717,0.5727714533318393,0.544398561303321,0.5213667893829682,0.5841824539389535,0.5927662723049008,0.42458314759704946,0.38877664581818516,0.3516515367226424,0.3325595900651819,0.3074366322368936,0.29982915056640075,0.28498752014873574,0.2705696354956155,0.2628410336535522,0.2574690343338789,0.2505299510969988,0.24783359871833957
