trading_days_to_expiration,-11,-10,-9,-8,-7,-6,-5,-4,-3,-2,-1,0,1,2,3,4,5,6
8,0.6108313129883063,0.6735019710837733,0.6008807032409353,0.5379148068125892,0.4789882629676062,0.5990374962185543,0.5132097639635438,0.5052697790824022,0.3979124410036628,0.29933100895502135,0.24132052485483727,0.18721403316347188,0.18451025092059484,0.20728829598417992,0.24160835410828466,0.24203390705146752,0.2775186591589414,0.24413602890540606
26,0.6108313129883063,0.694392190448929,0.5697102075049375,0.5273163399151398,0.47370286070382356,0.46929385022273445,0.43324495550946807,0.371411716732094,0.325246700519505,0.279397953515634,0.2377761779099715,0.2145149112026774,0.2019861802260868,0.19878915865061414,0.20852539191586583,0.21457603333990508,0.22420903513923576,0.2437785341907829
86,0.631721532353462,0.6632216947129311,0.5591117406074881,0.4895590674951715,0.4435470499938154,0.39569064281299027,0.3950397930217441,0.3598332052675832,0.3367298982119335,0.3114458129023759,0.28428520500400356,0.2682841005401849,0.2552522167952914,0.2451713459157528,0.24016885404121385,0.2386935816804183,0.23621651756158812,0.24342103947615976
145,0.6526117517186176,0.6320511989769333,0.5485132737100387,0.4842736652313888,0.5212922731061849,0.454450203388267,0.45015478605207315,0.378872823135623,0.3311261352644529,0.31154677548606147,0.29884672841671395,0.2837513458176536,0.2698258128394204,0.2613434046857981,0.25323826670429966,0.24602210257812823,0.2444935236200292,0.2430635447615366
