trading_days_to_expiration,-11,-10,-9,-8,-7,-6,-5,-4,-3,-2,-1,0,1,2,3,4,5,6
11,0.6348821778439434,0.5245477027460682,0.5316731336298861,0.5083057361483325,0.48995936241171584,0.5656936375722501,0.47768806890185933,0.4865215051167047,0.39781734560180365,0.3222941776341685,0.24915188152244824,0.20591842777619224,0.19643870492470233,0.21614072514134533,0.2450571406106573,0.2417483625381359,0.2681072193375369,0.23746720312945355
29,0.6348821778439434,0.4877695443801098,0.5463076633798116,0.4956384270711728,0.48806634085856354,0.4805396416159032,0.41938977657761184,0.3616341946341618,0.3225440115722225,0.2779819028955761,0.2421010783149257,0.21926523103067813,0.20831681057613416,0.20475811996052093,0.21212255033468283,0.21633964176477316,0.22577522207794332,0.2343393155842665
89,0.598104019477985,0.5024040741300353,0.5336403543026519,0.4937454055180205,0.4703879269551857,0.41210607275983724,0.4066765733393315,0.3697332370446082,0.35555655441864187,0.3264271203490616,0.30430599942250824,0.280932758425244,0.2637024293588913,0.25172148272521633,0.24078440412673452,0.23617341657396718,0.23403393731443037,0.23121142803907943
148,0.5613258611120266,0.5170386038799607,0.5209730452254921,0.4918523839648682,0.5180407822637179,0.4448970708308483,0.44659903922801814,0.3837752913232059,0.3235271993211459,0.3054998284262927,0.28962611775969893,0.27713866960431094,0.26559630852152066,0.25774690048327686,0.24923164967097844,0.24489906957022783,0.2405950906746406,0.24136514868022804
