trading_days_to_expiration,-11,-10,-9,-8,-7,-6,-5,-4,-3,-2,-1,0,1,2,3,4,5,6
15,0.5563362508567647,0.5829792957172587,0.5708360735120381,0.49254280175985343,0.48098219249130786,0.5842683778879818,0.5007938880550822,0.4438595082493486,0.38020297828595445,0.32173533312799063,0.2602526357530591,0.22255185948953973,0.20332839688212903,0.2064209105794163,0.22816710936319476,0.23755174660935233,0.24808424078641594,0.24193379569940038
33,0.5563362508567647,0.5918603106707567,0.5638279944591319,0.4687810708600939,0.48844136552917466,0.4591693973457779,0.4262077776835908,0.3758462822449127,0.31826607307571786,0.2846186666310781,0.2526178175929762,0.22614765505574075,0.21170558814267074,0.2079922138812647,0.20994860144109656,0.21308857277374835,0.21870673978741248,0.2416152820657474
93,0.5652172658102628,0.5848522316178505,0.5400662635593724,0.4660638464155743,0.42885857162976654,0.4046245374353949,0.37075910345014745,0.346928280593937,0.32315740498630924,0.3025498990210248,0.28144558497319616,0.2644448275116911,0.25316589974037795,0.24355250171217754,0.23852353016900057,0.2351267986029134,0.2365173477666269,0.24129676843209444
152,0.5740982807637607,0.5778441525649443,0.516304532659613,0.4735230194534411,0.5065634747588742,0.45270921274523857,0.407309305849748,0.36356562943994575,0.3041658721492108,0.30712908745311474,0.2877034075965267,0.2752181342490049,0.2649161638258376,0.2553602989484288,0.2483025993615208,0.24326310770226886,0.24225230933305336,0.24097825479844145
