trading_days_to_expiration,-12,-11,-10,-9,-8,-7,-6,-5,-4,-3,-2,-1,0,1,2,3,4,5
16,0.8508685630124642,0.7306022157203277,0.69907847557841,0.6558306497488315,0.6762231910157903,0.5816424032942008,0.550882099480229,0.453131458781595,0.39416981376728233,0.3399450300919576,0.27820290850554996,0.23359604589535182,0.21114812623188134,0.21225524309959676,0.22329310328517338,0.22604441089104232,0.2383225963394197,0.24286837741029468
36,0.8208019761894301,0.7227212806848482,0.6882665191210153,0.594526153918606,0.5919480268736581,0.525205213076804,0.4828427006573698,0.4340674107788243,0.37060324216277973,0.2970134594979971,0.2740847368536996,0.2517124965252899,0.2398816738910952,0.2311414839739669,0.22786893384489257,0.2311794690235125,0.22939066077905812,0.23903143744344454
76,0.790735389366396,0.7148403456493688,0.6774545626636208,0.5332216580883804,0.5076728627315258,0.4687680228594072,0.4148033018345106,0.41500336277605365,0.37833049622097426,0.3513388585345073,0.315127683257436,0.2940566749925588,0.2798677440091983,0.26381742814527226,0.25669082198000304,0.2575920010173507,0.25689887105525694,0.2550555644838213
135,0.7606688025433618,0.7069594106138894,0.6666426062062262,0.6047224245520854,0.5446576330128633,0.5098250611698181,0.4339673803080528,0.3603755894512747,0.3489555715238762,0.3308509986943742,0.3134539072437822,0.29992196746876765,0.28341320543079673,0.2757666798825439,0.2675497385671297,0.2642581326257748,0.26101988849543906,0.2592908905707783
