trading_days_to_expiration,-12,-11,-10,-9,-8,-7,-6,-5,-4,-3,-2,-1,0,1,2,3,4,5
3,0.476768482122715,0.476768482122715,0.4661342233299226,0.43207925483971643,0.39205743190035724,0.5339306835278795,0.2687339231737015,0.2507289169317474,0.45230021038998347,0.2286039937055988,0.22582579552614385,0.13213012196627566,0.15201884636261181,0.1783664541434963,0.20013379094732875,0.23419661927506918,0.279739143461045,0.23915923896933605
18,0.476768482122715,0.476768482122715,0.46081709393352643,0.42036889999100946,0.3837568752793846,0.4330308245947282,0.2561178438751777,0.22497729258137195,0.20696485013164953,0.19853028530777692,0.19673412127209364,0.2016732628321195,0.20261068234033192,0.21479626427968665,0.22196061315503987,0.23528033567655132,0.24252924464855743,0.24029827564684095
63,0.476768482122715,0.476768482122715,0.45549996453713026,0.40865854514230254,0.37545631865841195,0.33213096566157685,0.31470195795073713,0.2895843770594304,0.2857511351442481,0.2642204107454514,0.2567758481699812,0.2506781108474947,0.24501119354385836,0.2414230145733553,0.2400502115321023,0.24001983619834769,0.24035937436158017,0.24143731232434587
117,0.476768482122715,0.47145135272631883,0.44378960968842335,0.40035798852132987,0.45469350109314577,0.2813500024722252,0.2764805412821229,0.26383889303509384,0.25867770210342067,0.25491746978019403,0.25402643771036754,0.249112096834666,0.24757098414867643,0.24177429158686517,0.23994719869311132,0.23914784999463767,0.23802020229183113,0.23844837655571946
