trading_days_to_expiration,-12,-11,-10,-9,-8,-7,-6,-5,-4,-3,-2,-1,0,1,2,3,4,5
12,0.5568938850476406,0.5357760532694236,0.49342496798245883,0.4570546741212155,0.4135526294459143,0.31793704921298227,0.1953590560666259,0.24435414627039542,0.19722095936110517,0.19403347536136914,0.1742174511005433,0.17634380244271555,0.18055754694435358,0.179501261681039,0.19132863888497698,0.20485606789386557,0.21385940087690897,0.23618442926006428
32,0.5568938850476406,0.525217137380315,0.482808341228085,0.44948615394496766,0.3993701272845116,0.33404852494932447,0.26190362829905334,0.20995567574492888,0.19547901312696303,0.1886753146015023,0.18617593860628923,0.18626088390843024,0.18827737068406142,0.19356054806951553,0.19852778873563962,0.20466572727457158,0.2156069817938942,0.23527241913556568
57,0.5568938850476406,0.5146582214912064,0.4721917144737112,0.4419176337687198,0.3851876251231089,0.3501600006856667,0.32844820053148077,0.3126629608082964,0.2950013720645131,0.277878113625345,0.26351978155623346,0.2547792179288782,0.24413469430519363,0.23868696876129047,0.23577225883499786,0.23431043996485112,0.23298193223653485,0.2343604090110671
111,0.5463349691585321,0.5040415947368326,0.46462319429746335,0.4277351316073171,0.30182557347664,0.2891942871514358,0.278752616795862,0.2743582507958478,0.2670803336854233,0.26057115780126444,0.2559357484509765,0.2481541236361055,0.24597899882678778,0.2432602368661948,0.23887043388090518,0.2388529588963464,0.23709643938456285,0.2364682478649611
