trading_days_to_expiration,-10,-9,-8,-7,-6,-5,-4,-3,-2,-1,0,1,2,3,4,5,6,7
21,0.4313701045594952,0.4177012021346482,0.36964780468988767,0.31453462910918567,0.27277589464838947,0.22239476673047248,0.2063973012591522,0.186843330741337,0.17199294513877514,0.1661958525138325,0.1653578143696664,0.1687471605904499,0.17376703455673959,0.1854315902983585,0.19309769447883937,0.2038192860246055,0.2187221890761155,0.22634568768836405
36,0.42795287895328343,0.40568785277345804,0.3859505785744062,0.3405421522077149,0.3033722965976069,0.26664060193319616,0.20512659825342328,0.1944155014260721,0.19221683016025665,0.18656945983033404,0.1827278206621472,0.1838720193896815,0.1838067085319717,0.19065076387626226,0.1945535978363772,0.19980166824016993,0.21977278406518047,0.22401537052964254
81,0.42453565334707166,0.39367450341226795,0.40225335245892474,0.36654967530624416,0.3339686985468243,0.31088643713591985,0.2796947749955572,0.25778096655806176,0.25286910955381053,0.24321457830690155,0.2363974706907504,0.23071281772272742,0.22703231702339605,0.22328885051158787,0.22124373499585787,0.22154793525156136,0.22082337905424543,0.22168505337092104
135,0.42111842774085995,0.3816611540510778,0.3583939907840552,0.3196627849773168,0.2781817326386484,0.258641869197536,0.2676982447152387,0.25547603449815093,0.24881363112492372,0.24512395719699218,0.24163218982590587,0.2379053154463692,0.2344469302360253,0.23309162359573288,0.23073963233842698,0.22951617657973544,0.22867600484708556,0.22168505337092104
