trading_days_to_expiration,-11,-10,-9,-8,-7,-6,-5,-4,-3,-2,-1,0,1,2,3,4,5
6,0.46189078719379195,0.46189078719379195,0.42480687931497996,0.5335560950273994,0.35308106251418303,0.3769881311765119,0.3118398067621645,0.24861249829358212,0.22847963202182822,0.199562655344381,0.177809665994577,0.16699218289287754,0.18000962956770108,0.19837386355220882,0.21602212022818879,0.22501028460611058,0.25915899819917215
21,0.46189078719379195,0.46189078719379195,0.4062649253755739,0.46025586184655337,0.3361437794384209,0.23210372356051517,0.22484645727027314,0.20969021928773565,0.20536748771260246,0.1980236266315344,0.1975070575502851,0.20332828802109312,0.20852709147819082,0.21287563519283997,0.2169285116576523,0.2304375427408077,0.24619914574319823
66,0.46189078719379195,0.46189078719379195,0.3877229714361679,0.3869556286657073,0.31920649636265874,0.29476789617434723,0.29695494577140297,0.2811618228153283,0.27137870168219347,0.2616462719686522,0.25134249536197384,0.24796420219903711,0.24051535107461003,0.23723472577271318,0.23526583949556976,0.234052618144458,0.23323929328722431
120,0.46189078719379195,0.44334883325438595,0.46063953323178364,0.3700183455899452,0.3480973137695853,0.2729118554844098,0.26189861606270537,0.2517525562665231,0.25408166185255315,0.2466789316750709,0.24193872583857998,0.24138855458509123,0.23785815184067807,0.23604817265125483,0.23320410768618316,0.2317305458737894,0.2308424895337015
