trading_days_to_expiration,-9,-8,-7,-6,-5,-4,-3,-2,-1,0,1,2,3,4,5,6,7
22,0.49034664135525247,0.39035773226955994,0.34676917988397676,0.29462947387712063,0.24567059096839128,0.21846973997343735,0.19142639429206396,0.17664291488512388,0.16804424226202022,0.1635663781289921,0.1672921078328654,0.17346890212292684,0.1798289887700843,0.1897866368561891,0.19353840936622574,0.20791058525633338,0.22283805265974427
37,0.46534941408382935,0.393110077066318,0.3535654520936354,0.3127712389359579,0.2766911494426822,0.2083364944525968,0.189066865064827,0.18712385568124376,0.18274943375768574,0.1814674868034826,0.18076329607151462,0.18399405115994072,0.18848411994300351,0.194353290641248,0.20158129470152802,0.21415657279514477,0.22173947554403406
82,0.4403521868124062,0.3958624218630761,0.360361724303294,0.3309130039947951,0.3077117079169731,0.2819637715950843,0.26042583729021246,0.24814152385092994,0.24155355641893975,0.2355202993515126,0.2296506993623256,0.22625301806539938,0.22373931838245753,0.2212180720357407,0.2209955644691033,0.22040256033395614,0.22064089842832385
136,0.41535495954098306,0.37131580087352645,0.3274955990902073,0.28829179748159317,0.2630907239452052,0.26825572110358115,0.25360867483758137,0.24666385214601064,0.2463024430831048,0.24164252580823256,0.23721462807818933,0.2356089114691193,0.232741002059671,0.2298756042821261,0.2296336262606048,0.2292886350106236,0.22064089842832385
