trading_days_to_expiration,-12,-11,-10,-9,-8,-7,-6,-5,-4,-3,-2,-1,0,1,2,3,4,5
11,0.5602460799336839,0.5324245875351645,0.485296620866784,0.464271161825309,0.4273839349571737,0.3897972228929228,0.2965708470214015,0.2159461920935689,0.1996029903502014,0.20244112207730525,0.18879222770380005,0.17330139514643836,0.1784903695070296,0.1797547153842844,0.19177594301378426,0.20379936010604224,0.21295796612405685,0.2382546865933154
31,0.5602460799336839,0.5185138413359047,0.47564338373185344,0.46341166943950196,0.40979981390891307,0.3665625023237375,0.30908404047339366,0.19694886845945306,0.19865679572608178,0.19375763204926233,0.18746836207997516,0.193260379694947,0.1914961963944609,0.19301778812003068,0.20355751931672225,0.20551076097204357,0.21976738238269422,0.23955138944802118
56,0.5602460799336839,0.504603095136645,0.46599014659692295,0.462552177053695,0.3922156928606524,0.3433277817545522,0.3215972339253858,0.30771009488521367,0.2898484511279413,0.27360276631433245,0.26388935830806176,0.25317401852021176,0.24460749691941955,0.24219245302199638,0.2381236690898898,0.23820564429628518,0.23681934728607243,0.240848092302727
110,0.5463353337344242,0.49494985800171454,0.465130654211116,0.4449680560054343,0.3011829274583362,0.2840576535694094,0.28749761926464545,0.26685793134644553,0.2652884409615189,0.2591671143112127,0.2540642404687808,0.2489369419804787,0.24337466725508544,0.2411253558891191,0.2388663797512529,0.2374474044176778,0.23695798373860957,0.23530064392400243
