trading_days_to_expiration,-10,-9,-8,-7,-6,-5,-4,-3,-2,-1,0,1,2,3,4,5,6,7
2,0.4414956786067254,0.4414956786067254,0.41085467928502717,0.9166279789388729,0.6406151720401192,0.5352184089195517,0.44551110613673073,0.34364091214703785,0.2201229832222683,0.10878665456926984,0.1279008885419231,0.1525395539934964,0.20705339790278057,0.2818736303842374,0.35635743643537965,0.21243771140934115,0.21787313302787237,0.22079779845478759
26,0.4414956786067254,0.4414956786067254,0.4006410128444611,0.3552757578569336,0.3003120559784901,0.2602623338519763,0.2144993168999003,0.20172456274434697,0.19286197595601243,0.17647483214219603,0.16805231269806953,0.16690061056583338,0.1732848774861652,0.17692975096752192,0.1845207570881499,0.1961521810068344,0.20719015646934272,0.21443988464042732
86,0.4414956786067254,0.4312820121661593,0.39681025619145377,0.3534834168836162,0.33439561898872433,0.29361365984441157,0.27873809684566575,0.25797719648711326,0.24888916143791653,0.24084146716955254,0.2341685215451103,0.2280046464107307,0.22462058335039614,0.22007932428585683,0.21810937669066052,0.2168568916900918,0.2169739724594916,0.21909020659159592
140,0.4414956786067254,0.42106834572559326,0.6567191175651634,0.4970492944618677,0.434807013954138,0.36956238299057115,0.26476421717693577,0.2571885052378781,0.24988374517182543,0.24790053080091212,0.24376664022060984,0.23856315342489823,0.2346042726420648,0.23232613717581183,0.22872324181184786,0.22855610958640202,0.22715571226914782,0.21909020659159592
