trading_days_to_expiration,-10,-9,-8,-7,-6,-5,-4,-3,-2,-1,0,1,2,3,4,5,6
16,0.3587271481056096,0.4288774493357368,0.37970127253542,0.32542970974488816,0.27379025281455516,0.22427369926752735,0.20345340736844553,0.1931285349125291,0.16719733845092627,0.17054430108993762,0.16960851571816807,0.17233557468684968,0.1814953661084885,0.19075800987362102,0.2002745295636072,0.21436511410725967,0.22677974168182516
31,0.3762647234131414,0.42254314419456657,0.38256859524604536,0.3394670365019298,0.2974921799442384,0.20318912376294243,0.19087516739442378,0.19383734018009569,0.19148284745230854,0.18722582910767835,0.1872580891591644,0.19071135334951475,0.19608014707951607,0.19914679088533369,0.21118866957962643,0.2213218054798288,0.22807417741873712
76,0.3938022987206732,0.41620883905339634,0.38543591795667065,0.3535043632589714,0.32119410707392154,0.2930204951433077,0.26685689131807067,0.2577757904636526,0.25150672521240175,0.24537129773747632,0.23880790044031994,0.23552674017263867,0.232425788342141,0.22959928398419863,0.22876131921274784,0.22827849685239793,0.22936861315564908
130,0.411339874028205,0.39795505579440815,0.3554328138507794,0.3136473080367633,0.27273390317072443,0.2482369512558766,0.2653334750099025,0.2568299085577122,0.2521190412744898,0.2495692230725315,0.2429552298749503,0.23932692606778588,0.23913694266505522,0.23677053454051653,0.23502998889233856,0.233088000180616,0.2337982640745112
