trading_days_to_expiration,-11,-10,-9,-8,-7,-6,-5,-4,-3,-2,-1,0,1,2,3,4,5
15,0.5085947033950655,0.494265160932716,0.4558942805378272,0.41145775503106213,0.30199450706848685,0.2868035700654292,0.25171384042038847,0.2352830080426715,0.20802180992095068,0.19469075989610188,0.19698748444653708,0.1993463172767362,0.20654851626395937,0.21570431349682012,0.22745580229244525,0.2441987396146554,0.24026127038139372
35,0.5085947033950655,0.4871003897015413,0.4438736115715576,0.40126016124394925,0.3372397036862562,0.30313375345491167,0.2706960096854099,0.2056552437873206,0.1996512033691725,0.21156803215966732,0.20516526113551223,0.20746891206062915,0.20797531406401587,0.21291451190887634,0.21797708705985955,0.22310155099150333,0.2412694646447587
60,0.5085947033950655,0.47993561847036653,0.43185294260528795,0.3910625674568363,0.3724849003040256,0.3194639368443941,0.28967817895043135,0.2850584926351899,0.2768114660071665,0.2651905001718301,0.25672787805816744,0.24815475645237464,0.24475430583962954,0.24187278456111264,0.2411620772559361,0.24155839895341127,0.2422776589081237
114,0.5014299321638908,0.4679149495040969,0.421655348818175,0.3465285372626616,0.2874700500536273,0.28146714103991505,0.2731728724406085,0.2610963038728793,0.25825516877190646,0.2535907518032749,0.24915872800952293,0.24627983703856077,0.24612162956631506,0.24113983119347854,0.24135000803964127,0.23925307611802873,0.2390827318253622
