trading_days_to_expiration,-11,-10,-9,-8,-7,-6,-5,-4,-3,-2,-1,0,1,2,3,4,5,6
7,0.6834346204919837,0.5272057725715978,0.43826822114752567,0.5030749868546569,0.3692233284205587,0.33020270539318985,0.22985642835671755,0.20293098103905313,0.1880524964106863,0.1636157988895553,0.14676937713380633,0.15435490244416705,0.16014615115677763,0.17722498095336484,0.1985416145025466,0.21399666779318952,0.24709126434422948,0.22683634669304364
22,0.6443774085118872,0.48814856059150136,0.4328566574155861,0.4415972087288209,0.3535992345512129,0.18592321541033194,0.19266178523056765,0.1704206934232568,0.18088918702059534,0.17979981883258117,0.18538478295915142,0.18782624257326058,0.19557718070722993,0.20669138160706385,0.21077703155596372,0.22375965708664247,0.2361181469339477,0.22679384270378442
67,0.6053201965317907,0.4490913486114049,0.42744509368364647,0.38011943060298486,0.33797514068186707,0.3042457146090174,0.2786710841092401,0.26759622002439015,0.2580916988342193,0.24761793481924477,0.24066070117095503,0.23528678984382054,0.23089844275919968,0.230787821300099,0.22525250327460056,0.2248392830097033,0.2251450295236659,0.22675133871452519
121,0.5662629845516942,0.44367978487946524,0.4652600402691517,0.37467137951177176,0.33408892303752846,0.2670510714828675,0.26537424817486766,0.2567880323368586,0.25073442814785474,0.24742259207880377,0.24310793570409547,0.23853999565482997,0.23533017197574282,0.23300582228076624,0.2311304904062288,0.22910526640248782,0.2268788506823029,0.22670883472526593
