trading_days_to_expiration,-9,-8,-7,-6,-5,-4,-3,-2,-1,0,1,2,3,4,5,6,7
7,0.6292635676934932,0.4873686734875099,0.4940643468767679,0.45091025476281854,0.3340748128117822,0.251141149477208,0.20212312992702147,0.18588902623625136,0.16620487988185614,0.1578673670932017,0.16019507271985553,0.17101475786038603,0.17754927015445732,0.2146808569458741,0.2440272714940867,0.22923133276216626,0.23225495857660755
31,0.39593016276033954,0.3328142709510478,0.30653332135755074,0.265178189274768,0.23294426994905265,0.20526766833791044,0.19697075257851102,0.18820841627539875,0.1829162826545217,0.17964570005876657,0.18035517474660911,0.18438561742391932,0.18603173519623098,0.1947179981122042,0.2076790358315908,0.21936518183903547,0.22717364693784967
91,0.426409666336063,0.384004361719205,0.34517234580963374,0.3239038897237217,0.30106904209065605,0.2820108247266462,0.2571141714385845,0.25046475107229105,0.24490503842292927,0.24237143955650914,0.23722199698126106,0.23359965543372518,0.2291665200159348,0.22713917123337649,0.22629628387123438,0.2234986488030626,0.22489378337667976
145,0.45688916991178646,0.43903435429798643,0.39804130028622614,0.328989351267752,0.27610509578393205,0.24206697732683383,0.27320604726294456,0.26287077059155295,0.2570929803580823,0.25355309131990694,0.2506820246160636,0.2447780861009893,0.24303685680176415,0.24091928346520897,0.23909748368529704,0.2373362702153654,0.2372991043757884
