trading_days_to_expiration,-9,-8,-7,-6,-5,-4,-3,-2,-1,0,1,2,3,4,5,6,7
10,0.4098099589809733,0.4098099589809733,0.26767905393429714,0.36658503721945546,0.3210755458142866,0.16933133325628832,0.14658606696719692,0.14326481419104461,0.15184963510831878,0.14739820932486636,0.14933454033062785,0.16261118707388686,0.17826233669705138,0.20076011408306918,0.21725736754883057,0.2417859957269657,0.2636389066259671
25,0.4098099589809733,0.4147572274921846,0.33321994716674785,0.35049713562958384,0.31440870170157376,0.18914468495229883,0.18256946657228906,0.17773548329442657,0.1774113672017777,0.1782270011015214,0.18184919187223006,0.1854697705946085,0.19217395786809435,0.20043929191764534,0.2065361830163814,0.23229384376964965,0.24285729728275823
70,0.4098099589809733,0.4197044960033959,0.3987608403991986,0.3344092340397123,0.3077418575888609,0.28222818008618716,0.2582756602910439,0.24880663126400246,0.24204106675608988,0.2351951917003629,0.23090112051055048,0.22717285778496651,0.22322597978401057,0.2212539451719354,0.2215300014903095,0.22280169181233359,0.22207568793954938
124,0.4098099589809733,0.3436917749688465,0.38267293880932707,0.32774238992699944,0.2385365954225746,0.2615777828004549,0.24778372450099087,0.23282322913022135,0.24105873957121537,0.23909447331007658,0.2359938386435104,0.23345104799381763,0.23194061580539993,0.2300034283817289,0.22790274924449155,0.2270429310899919,0.22207568793954938
