trading_days_to_expiration,-9,-8,-7,-6,-5,-4,-3,-2,-1,0,1,2,3,4,5,6,7
23,0.34385525473816886,0.3923261800010621,0.33161566108066637,0.2670099280111852,0.24287811445701182,0.20085612689972182,0.1815869514878376,0.1684129691698626,0.162567917000175,0.16113757033734058,0.1634902434735842,0.1662249469372422,0.17487838901818425,0.18415405473390423,0.1960006680551643,0.2057158698498422,0.2223769671326572
38,0.35597298605389216,0.3911170597861259,0.34365974940005406,0.2954087964370472,0.27084452062703296,0.19213224288973835,0.19105049458482326,0.1832492989472811,0.18406490460544384,0.17938134892129723,0.1791905899254576,0.18195131056775227,0.18460071392240973,0.18933015905535858,0.1945789357517062,0.21173295631267655,0.2205498313830461
83,0.3680907173696155,0.3899079395711897,0.35570383771944175,0.3238076648629092,0.2988109267970541,0.2652759149559184,0.2511354085453217,0.24061539333636747,0.2341344081996686,0.22880394864037307,0.2242720841550913,0.22113149157586984,0.21946731592026453,0.21717921701874593,0.21975985443874935,0.2177500427755109,0.218722695633435
137,0.3802084486853388,0.36076180032592803,0.3113568828653135,0.2833428896599605,0.24983352684838797,0.2601773933289744,0.24674319592434238,0.24515210219364386,0.24059297990261852,0.23677403284531012,0.23301179014268156,0.2317813496203785,0.23000238212166413,0.22732444133882732,0.2265897622126747,0.22622061199919113,0.218722695633435
