trading_days_to_expiration,-9,-8,-7,-6,-5,-4,-3,-2,-1,0,1,2,3,4,5,6,7
12,0.5503019819978839,0.35165287801668227,0.4336327633661261,0.35472949889638944,0.2929237520139616,0.22280102262911905,0.19447624663343696,0.17763506453702227,0.17350281219681213,0.17031769254626994,0.17608615188254204,0.1815396302093881,0.1933283441995256,0.20659645163706322,0.21756709268697438,0.23119556910552025,0.23131074829356718
36,0.3690699888926326,0.3376404437151441,0.2922813294591893,0.2576609556886457,0.22903724896295347,0.21129394355251183,0.20101642963092003,0.1952222509799532,0.19509280408085436,0.19202304732900885,0.19494760285850649,0.1957398209439524,0.19736293269149172,0.2014642574395745,0.20473263907797037,0.2150852667813034,0.2176210147914141
96,0.3632642852673158,0.3951754985042063,0.3584000117293556,0.3237995906210898,0.30740182001927013,0.2845580624700066,0.2664327510352237,0.2596894883316953,0.25347800591734604,0.24850753692660268,0.24422951468129603,0.2404777481940415,0.23763408984138956,0.23574272008726183,0.23496330441752905,0.23347420855397746,0.23249347859421704
150,0.35745858164199906,0.4144041309351662,0.3565647553128725,0.3083616713175257,0.26510142132419456,0.2395171545517218,0.27616133021110617,0.2701918396152319,0.26394445383988496,0.260100764509934,0.2579332020396408,0.2542471785157556,0.25080679885494334,0.2491757589357371,0.2473058714297371,0.24500048179572023,0.2440399799043763
