trading_days_to_expiration,-9,-8,-7,-6,-5,-4,-3,-2,-1,0,1,2,3,4,5,6,7
3,0.39852642232857854,0.3668902363397997,0.7913884208514015,0.5329011776331894,0.5369854220249584,0.3893583013393329,0.3274250140363456,0.2590879586342624,0.17384292309286348,0.14296365202704736,0.14600829283638117,0.1510638223181144,0.2081173574302061,0.25226680210430347,0.31231789966085655,0.2185065020187751,0.21999585330348337
27,0.39852642232857854,0.3563448410102068,0.2938247690605861,0.26633708967605874,0.2372205806378413,0.20280298391054977,0.18989725489225348,0.18331404079261826,0.1770714432863375,0.17503741918936314,0.17422830027874425,0.17865808147049728,0.18410719539228232,0.19182628082573988,0.19784637884615688,0.206272183141162,0.21016376139901044
87,0.3879810269989856,0.38509721179616274,0.3481373193662937,0.31478836631337914,0.30310634447664614,0.27676772143127687,0.25734867734452566,0.249681000545959,0.24287836221156814,0.23572401499813844,0.23153765606305193,0.2266738593471166,0.22393977230437445,0.2211806053852991,0.22202541445330345,0.2193534242845828,0.22076138249538843
141,0.37743563166939265,0.5882428163237821,0.44051924849974156,0.42588689416916875,0.34623232290798955,0.2691347428873244,0.255966823733754,0.2488647933025134,0.24422843544226622,0.2405060623438506,0.23890314382542818,0.2338498492602837,0.23379580780243717,0.23228105700520743,0.23074082089638823,0.22982794520795632,0.22076138249538843
