trading_days_to_expiration,-12,-11,-10,-9,-8,-7,-6,-5,-4,-3,-2,-1,0,1,2,3,4,5
5,0.4642125998302232,0.4642125998302232,0.4642125998302232,0.4747827349575328,0.38873098416082225,0.3817129855818423,0.2715681819846832,0.24336900799595718,0.23303351370793102,0.15861881471732103,0.16289331850190727,0.16562602756291717,0.1637174936689113,0.18237962185637602,0.2113269307776757,0.22376081737199022,0.2628841285442116,0.23381540863490988
20,0.4642125998302232,0.4642125998302232,0.4642125998302232,0.4544894706485979,0.3926465321252114,0.37428843832796327,0.22392032743998266,0.20588159868584596,0.1987628120171621,0.1954071053282081,0.1958146534100864,0.19530935703099075,0.19528720718453826,0.20429031009711823,0.21402103069360928,0.21462168473969404,0.22548518365585754,0.23407538684317614
65,0.4642125998302232,0.4642125998302232,0.4642125998302232,0.434196206339663,0.3965620800896005,0.3668638910740842,0.3271002511799455,0.29520904445884594,0.28032265745432267,0.26972059308831897,0.25899389181370586,0.2504796994115102,0.24455651534072598,0.24005469051451384,0.23563151529836865,0.2343280679795408,0.23417882530394254,0.2343353650514424
119,0.4642125998302232,0.4642125998302232,0.469497667393878,0.4114635952502426,0.3891375328357214,0.3192160365293837,0.28085641730606836,0.2673042153986999,0.26084332277457034,0.258331003815623,0.2523505717466052,0.24917415907503987,0.24370085301124766,0.24149775734850892,0.23725065541281215,0.2355404749255294,0.23355543042664362,0.23196139579887462
