trading_days_to_expiration,-10,-9,-8,-7,-6,-5,-4,-3,-2,-1,0,1,2,3,4,5,6
18,0.3709155437160617,0.4053831015289385,0.33819798499747233,0.3441841434764162,0.24596262490237575,0.24511787615360292,0.2127886397088399,0.1953889399564615,0.18691941060756023,0.1730731254828079,0.1748975857188203,0.17870654428066915,0.18963570495559776,0.19969727932560025,0.20811224976100848,0.21598400747228985,0.2287547439939422
33,0.3795324331692809,0.40423073620063976,0.3728520568104494,0.3404904790803466,0.278534153462467,0.18520755477633122,0.19599840242670968,0.19474726146013224,0.18886974121885544,0.18780795827613458,0.18782085831720605,0.19281318441855785,0.1962703683289756,0.2040619713721773,0.21046768122521514,0.22035400154978724,0.22879497541724805
78,0.3881493226225001,0.40307837087234094,0.40750612862342644,0.336796814684277,0.3111056820225583,0.2813964192010924,0.2626621129925516,0.2537639133930859,0.25330063571397077,0.24548906755612598,0.23899729029833738,0.2362021796811611,0.23224655745796655,0.2294350940216126,0.2285297162268669,0.22472399562728462,0.22883520684055392
132,0.3967662120757193,0.3706381779349066,0.3758451360499213,0.2913797197933264,0.2781117790880806,0.24709252945496613,0.26750182001810663,0.25901028440164914,0.2528901013190577,0.2471349170003375,0.24546059005345144,0.2404527435861967,0.23975572195465722,0.23592831478156756,0.23631489398034738,0.2337150175634646,0.2335999626926744
