trading_days_to_expiration,-9,-8,-7,-6,-5,-4,-3,-2,-1,0,1,2,3,4,5,6,7,8
8,0.5480968672091768,0.46576111769044354,0.31635763923623317,0.3386770716470508,0.29528218484812196,0.21442497010139736,0.18758040663302858,0.1719439193606253,0.1600934138583018,0.15892640148839013,0.1589015364109881,0.16974573865162357,0.18465805380875816,0.21139479427960736,0.23811294715525144,0.22664874761288706,0.23059176162634343,0.23497675402182072
32,0.5275129298294935,0.3420929068135847,0.30777921671044933,0.28531002677814893,0.25297841592872256,0.21503742451618557,0.1954961855825399,0.19016077281800686,0.18621862580794507,0.18325889564365283,0.18114692279536967,0.18361766947261943,0.18530767195814363,0.1910172369211098,0.20274461600042792,0.2101037390566104,0.21960487778142035,0.22968035546820811
92,0.5069289924498102,0.33351448428780084,0.37507165886801364,0.3440493591866591,0.3171814695055887,0.29159724028344214,0.27542021384301973,0.2546386699529608,0.25026838891405156,0.24602965229460871,0.24080858584896184,0.23620678483641624,0.23380844053400512,0.23082295772955969,0.22926833684419143,0.22654888995720843,0.2279358122148331,0.2290543649296772
146,0.4863450550701269,0.324936061762017,0.35687436525753224,0.31966577201739055,0.26580321980349303,0.23958882345823534,0.2720031550738663,0.26408721735722057,0.2567801575850493,0.2561989533441629,0.25187162258752455,0.24935730027939446,0.2463009182845135,0.24521981182196032,0.24319375616916372,0.2415786454712665,0.2402731525754333,0.2290543649296772
