trading_days_to_expiration,-10,-9,-8,-7,-6,-5,-4,-3,-2,-1,0,1,2,3,4,5,6,7
17,0.563160529758741,0.4413298153832671,0.44467362867125787,0.35115423043991334,0.2932864756993699,0.25473348352805414,0.25054492782631,0.233651490350395,0.23285039900607077,0.236031248450713,0.24225673073118922,0.25716816213139676,0.2664595215136576,0.28554399577064515,0.25898217456298195,0.26070021976857266,0.2650598443990086,0.26932097202379923
41,0.5327028511648725,0.4108721367893986,0.3620511476544988,0.33240511687414753,0.29920344048597985,0.2695246728686404,0.24408950162656673,0.23900142155416026,0.23785510361035206,0.23563329318400766,0.23703773095926503,0.23710722870292586,0.2433692343437049,0.24565161866767954,0.25306589296137777,0.259248931730005,0.268731084832775,0.27225186602838725
101,0.502245172571004,0.4221393007500184,0.4029550212177569,0.3552773499809667,0.3531906344974486,0.3307523965969524,0.30245748152822016,0.29223695435246266,0.28552095466034233,0.2776255569381591,0.2746017701129375,0.26927476129368993,0.26716053482300695,0.26471373942644216,0.2634205934254585,0.26263283793170433,0.2634591840146232,0.264088128991665
155,0.47178749397713554,0.4334064647106381,0.3770546258288351,0.3242819128401683,0.30396205901275136,0.2906486622116312,0.2948331662682151,0.28521330098694087,0.2781962446822802,0.27500876001675084,0.2706280000644312,0.26955049943257575,0.26784756889290495,0.2648984561645861,0.2621515078071403,0.26138860396524216,0.2663900780192112,0.264088128991665
