trading_days_to_expiration,-9,-8,-7,-6,-5,-4,-3,-2,-1,0,1,2,3,4,5,6,7,8
18,0.4728203115135078,0.41013731059175396,0.35517055867730085,0.30820594297759746,0.26547129014349224,0.21431095582501183,0.20457358562597253,0.1953836306928757,0.19567064551662972,0.19925943020074469,0.2063545850057803,0.21392425455248618,0.2225840230187904,0.2366034972574565,0.23686545233719006,0.23860497192634306,0.23737042033464276,0.2404272419314234
42,0.45714956128306933,0.373361999683572,0.3365989349629705,0.31814499042145183,0.27493517345425517,0.24692301780576612,0.22203840690080223,0.21669831920259222,0.21248478735533732,0.21098236380413,0.21142586515778464,0.21200138266948684,0.2173579856500899,0.21850336795339523,0.2212570081807741,0.2285457312618111,0.23414928733968843,0.23916853386088519
102,0.44147881105263087,0.36729818601481495,0.38285245483218966,0.36223094442324916,0.3317767863529348,0.3018074533078692,0.29181153669903614,0.275179383531369,0.2660725577828598,0.26238392361934837,0.25642223009444765,0.25168230104508427,0.24928219203463592,0.24623152614273192,0.24469571328448322,0.24381268632455144,0.24294465807249985,0.2417571104942366
156,0.4258080608221924,0.3612343723460579,0.34552919890489353,0.3138511172833707,0.2730438710889733,0.25319051946692084,0.28228066964383314,0.272924504566192,0.2691239698356128,0.26410795612948706,0.26260420083574915,0.2581621133254078,0.25470362656151774,0.252473896493606,0.24866421259087504,0.2405915533295971,0.24168595000196164,0.2417571104942366
