trading_days_to_expiration,-9,-8,-7,-6,-5,-4,-3,-2,-1,0,1,2,3,4,5,6,7
24,0.4016839055004686,0.36109400451778517,0.3297687318606242,0.2869342554380905,0.2485815104553093,0.20336375972358228,0.19129289714743794,0.17488800048248346,0.16468412110069128,0.16907153857528998,0.17100872619559365,0.17444650556936034,0.18578891864001745,0.19377476507143368,0.20316319403455277,0.2122737519332584,0.22837579866723198
39,0.3915364302547978,0.371669328688065,0.3406964503325884,0.31272714037306626,0.2708719359153102,0.23947422766978838,0.18910815056204136,0.18582098324029248,0.19031503386283027,0.1834748227186543,0.18596782344072207,0.1885976051477835,0.1921078016235103,0.19732788650555924,0.20514556629621608,0.21676193226056314,0.22529022495344742
84,0.3813889550091269,0.3822446528583449,0.35162416880455255,0.33852002530804204,0.2931623613753111,0.27558469561599447,0.2547714349701593,0.24890200260709922,0.24012891360870814,0.23291420484853595,0.22844419069697855,0.22547978993701098,0.22302189067273406,0.22089108562540435,0.2238638211835944,0.2212501125878679,0.22220465123966288
138,0.371241479763456,0.35600669235948457,0.3192792121213215,0.29355076788167567,0.2482630605494467,0.2654505807839672,0.2553041398219951,0.24402231860603207,0.24322685430101,0.24132884361456236,0.2374936363289631,0.23336826156208296,0.2328438961534602,0.23132961542560415,0.2283235586047413,0.2301540465458029,0.22220465123966288
