trading_days_to_expiration,-9,-8,-7,-6,-5,-4,-3,-2,-1,0,1,2,3,4,5,6,7
13,0.5002204976142417,0.45557091370847863,0.3834187589058177,0.31316530202535625,0.2547702337697094,0.2161219456344748,0.19588035255325248,0.17588396568900655,0.16846624265231944,0.16994737759560932,0.17272020307754885,0.18226952615713551,0.19139509248155337,0.20484333964267123,0.22285902005398286,0.23013015990681546,0.2341552942659633
37,0.36372557508302983,0.35205641964436907,0.2908892666548911,0.26368923250847826,0.23245657810263096,0.2052959714908663,0.20233458136464888,0.1958434101613974,0.19189674457289296,0.1920153469047836,0.19341721580909524,0.19642694824840257,0.1991337439680621,0.20314660963811837,0.20896779006034297,0.21489235340746154,0.2236778365870921
97,0.39434068795817945,0.4016480071674347,0.36501382849232955,0.31429671787130004,0.3038350730625581,0.29569805701208046,0.2634346879840466,0.2597630256755628,0.25346532518905085,0.24740120655146386,0.24287832657672048,0.23995186386432377,0.2367008634123666,0.23523575431617014,0.23436829078350976,0.2316538912420761,0.2339834189073515
151,0.424955800833329,0.3925333830366262,0.33908956525884293,0.2845334758205047,0.2599785093485164,0.24578920478266647,0.27845362657163697,0.2737384507233741,0.26604804129975823,0.26145108586613797,0.25700106487262014,0.25370100618722047,0.2502999088202596,0.24779622995630377,0.2453679664061694,0.2446327519448345,0.24357401177863572
