trading_days_to_expiration,-9,-8,-7,-6,-5,-4,-3,-2,-1,0,1,2,3,4,5,6,7
5,0.40250582177900496,0.3427147631381522,0.5550234013686566,0.4540333100915246,0.41746550551744926,0.30580419592726327,0.26534825685615965,0.21853150544418143,0.17180264598811554,0.16335019292531766,0.16378541913756348,0.16445944838753124,0.20254415128346182,0.2157556888804951,0.24622067077383228,0.22859681029518153,0.2312634824957662
29,0.40250582177900496,0.32278441025786797,0.31424226857442045,0.2749634749361237,0.23116179037164442,0.2102485550424917,0.2042688915850909,0.19453559737838916,0.188557100184136,0.1884489220207155,0.18658588674563015,0.18730154019615947,0.19180511609511408,0.2010600095097722,0.21136048343614583,0.21811941513308858,0.2253738521953221
89,0.38257546889872074,0.3852529615559382,0.3548135164839645,0.32475208986168763,0.30158322056536646,0.2788371614613617,0.26126800124801436,0.25237648553843467,0.24901844240412147,0.24394121674223332,0.23768080443013836,0.23466196849241117,0.23155274357056674,0.2293207203121354,0.22580150600713844,0.22730398478510222,0.22708751865949
143,0.36264511601843646,0.47013818146229736,0.40442341328774456,0.37110879768956845,0.30369370824631486,0.2720927091587607,0.2740323546838507,0.26127716384892996,0.2565961619589462,0.2523050733734259,0.2487702712695891,0.245096807271651,0.2428098830721193,0.24086967710409077,0.2390742054572745,0.2371531127962103,0.2365481891255157
