trading_days_to_expiration,-9,-8,-7,-6,-5,-4,-3,-2,-1,0,1,2,3,4,5,6,7,8
6,0.7371483025504404,0.5768538946690701,0.3345283072331541,0.317155598465272,0.3196191278286735,0.22962659617171893,0.19820059571530277,0.17470259703359645,0.16410381476386662,0.1569636408587964,0.15635702366360954,0.1728916730130356,0.19648324773952094,0.218869091870857,0.2637580443757855,0.22069966945439695,0.22378758878498667,0.22745405303883684
30,0.6970747005800978,0.36169901892744033,0.32547140333505864,0.2892283814201056,0.2536580857557496,0.22009168336249907,0.19994706176799262,0.18867057958827663,0.1830490550027441,0.17835492896607857,0.17581381178767272,0.17645866547932343,0.17878061860636213,0.18471381617929694,0.1924712320889159,0.20338944209475834,0.2107420955266679,0.2189103443225758
90,0.6570010986097552,0.3526421150293449,0.37301003255560483,0.33434396163856356,0.30518179713270704,0.2856863255481601,0.27078349692411813,0.25402884779641605,0.2433381279487073,0.2415430164377948,0.2362947912291921,0.23280680602684178,0.22922355110496584,0.22637963929225938,0.2247272695430478,0.22108351673806495,0.22294429374966032,0.22382608305945953
144,0.6169274966394127,0.3435852111312495,0.3450828155104384,0.3269815447336185,0.267404196652213,0.24194346063173144,0.2694370500713348,0.25351963689586754,0.2519790410271722,0.24759430868171306,0.24751246394004897,0.24124678841509906,0.24024564527703024,0.23688131770530002,0.23800989681403553,0.23683308204330542,0.23599776175509787,0.22382608305945953
