trading_days_to_expiration,-11,-10,-9,-8,-7,-6,-5,-4,-3,-2,-1,0,1,2,3,4,5,6
2,0.4679687450070505,0.4679687450070505,0.4537131993699942,0.41951303572419296,0.850716883200174,0.2514066332308247,0.28777523963918406,0.3325286616895722,0.3660130869442175,0.22579386918404232,0.21759423688969964,0.10563956372943212,0.11879039587063321,0.17043422342816217,0.24487487370489472,0.30271121266089523,0.3799014885464727,0.23637982883545836
17,0.4679687450070505,0.4679687450070505,0.44658542655146605,0.40954072671982056,0.6081697186322339,0.1942986728140901,0.2934119341424205,0.20597338602227908,0.19274076938465237,0.1901273422043268,0.18283486593840834,0.1911743908281125,0.19612825625498598,0.2031139805117428,0.21396073505973612,0.2291106446663172,0.24799224447124477,0.23769667371522757
62,0.4679687450070505,0.4679687450070505,0.4394576537329379,0.3995684177154481,0.3656225540642939,0.3312109024989548,0.2990486286456569,0.28133233439393074,0.2703892098904765,0.25651484073541025,0.24933670572634883,0.24322308604103626,0.23855497849427285,0.2355629954299212,0.23434116406105784,0.23546343389580315,0.23650696304490443,0.23901351859499678
116,0.4679687450070505,0.4608409721885223,0.4294853447285654,0.625142650457811,0.3085145936475593,0.28213854513594766,0.26884940773202765,0.26195159951587693,0.2614603961637578,0.2523536078409909,0.24740584052126174,0.24498959634341033,0.2413029306794845,0.23876468616616128,0.23632555565951618,0.23646465019954271,0.23506298395568914,0.2349312235415205
