trading_days_to_expiration,-12,-11,-10,-9,-8,-7,-6,-5,-4,-3,-2,-1,0,1,2,3,4
13,0.5753971177942769,0.5443743439751969,0.5009573497364115,0.4680682353321808,0.39872380648692546,0.3786894058272151,0.33469732704166366,0.293020116428102,0.2724877996276857,0.2371773503936178,0.20435974219312517,0.18877305380731352,0.18791419883151989,0.1968065376593314,0.20446122898423383,0.21761807132574873,0.23768932018881064
33,0.5753971177942769,0.528862957065657,0.4947602395265588,0.4578207883399182,0.4006985984674689,0.36727764568992904,0.33657514486152185,0.22984581912171834,0.2179052454569463,0.200202420451816,0.19886385367088488,0.1983646603373931,0.198737117553578,0.2039405678434247,0.20661073619869744,0.21337837428811843,0.2370507709390021
58,0.5753971177942769,0.513351570156117,0.4885631293167061,0.44757334134765553,0.4026733904480123,0.3558658855526429,0.33845296268138,0.3167324074812743,0.3025810246750978,0.28373814479737103,0.2676054217801686,0.26129298786514593,0.25130319027207226,0.24641687062244785,0.24238937395856996,0.23901072046002428,0.2364122216891935
112,0.5598857308847369,0.5071544599462643,0.47831568232444344,0.4231485739172905,0.3065364938620654,0.2894910181340159,0.23859957816349914,0.268562645740307,0.26176393604307374,0.2627849963413105,0.259647152035092,0.25008602904328464,0.24797212708238414,0.24430492790417477,0.24031713615903422,0.23832786943861922,0.2379002811136171
