trading_days_to_expiration,-11,-10,-9,-8,-7,-6,-5,-4,-3,-2,-1,0,1,2,3,4,5,6
8,0.6508859513119215,0.568092753546108,0.48529955578029443,0.4262651383779307,0.36071391426602956,0.30531331533459594,0.24686287904330145,0.23064412899034742,0.15134501631238859,0.13885169337491002,0.14943346197348284,0.15589435566724325,0.17428866203561696,0.18818615383278697,0.19717774611245628,0.21856224571273,0.24644990595030467,0.22874700602553816
23,0.6301876518704681,0.5473944541046546,0.4646012563388411,0.41744622911820223,0.3669940652862351,0.3192365913333981,0.22355054414911021,0.2101843287966567,0.1997452595571008,0.19194695450727156,0.18607752251505874,0.18937186395962752,0.19214738138335685,0.19955929689257326,0.20663242977751906,0.2131449781032374,0.22028542064630666,0.2292941874206115
68,0.6094893524290147,0.5266961546632012,0.4439029568973877,0.4086273198584737,0.37327421630644064,0.3331598673322003,0.31885670930533716,0.2795753567811464,0.26735424378002753,0.25940620457015817,0.2514857049290343,0.2440292386478046,0.23927089027895612,0.23490659622431226,0.23114808511350254,0.22978832432311258,0.22999741949409805,0.22984136881568482
122,0.5887910529875614,0.5059978552217478,0.4350840476376592,0.38467061706225164,0.3392937658205183,0.2900113731877509,0.26364376150093044,0.25599673508712323,0.25527786072863273,0.24468332735083023,0.24546732024746765,0.23984560100469957,0.23879288878657834,0.23614997483109418,0.23486292646320003,0.23294291107428697,0.22819982463046484,0.2306833667003476
