trading_days_to_expiration,-9,-8,-7,-6,-5,-4,-3,-2,-1,0,1,2,3,4,5,6,7
8,0.49780418858677206,0.4785432425723317,0.37038063498064006,0.36635597750531607,0.3416373048513028,0.2330520847293155,0.24236262389177768,0.19296586047814754,0.17382675740392112,0.16168705005161912,0.1593660108070376,0.16991930332481886,0.1821460199032962,0.21304310933655526,0.23763226237172344,0.2801800143768543,0.19720401489781525
22,0.49298895208316196,0.4515025906744088,0.36937447061180906,0.3305686851697084,0.21273207132960548,0.1998516437612274,0.19023193279038988,0.17926923202473652,0.1670972022713365,0.17064481088020184,0.17499852978599023,0.1757621933628963,0.1948566160577581,0.20000854746659677,0.21293717969615114,0.23935404992099274,0.2001147746943379
67,0.4881737155795519,0.42446193877648586,0.36836830624297806,0.29478139283410076,0.27506160065920127,0.26232774220107863,0.24583556981099994,0.2346239367377038,0.22221415734350303,0.2127138063778563,0.20651014235564397,0.20313950196741967,0.19845378876681294,0.1975004088158306,0.19871701991555524,0.1985280854651312,0.20302553449086053
125,0.4833584790759418,0.397421286878563,0.36736214187414706,0.3182093488427018,0.25315873891625273,0.24313320482578052,0.23246720659322528,0.2270666242694032,0.2205496063454347,0.21535111530009632,0.20896075455732824,0.2054032107870128,0.2011780229840545,0.2000204162569807,0.19423712752651776,0.1942932551012926,0.19269863857207886
