trading_days_to_expiration,-9,-8,-7,-6,-5,-4,-3,-2,-1,0,1,2,3,4,5,6,7
23,0.24941650608442595,0.2571389316450972,0.29165103866318814,0.2848051478594775,0.2641743770398387,0.24743607921833471,0.23588535063207763,0.22888709981275576,0.2191502449060204,0.21258723748181718,0.20596761602748423,0.20734756333222112,0.21144710434055533,0.21259272056940412,0.21738682755018235,0.23863486477765958,0.21709137152062868
37,0.25134711247459374,0.26576695839961995,0.2899395659622605,0.28778651173930647,0.27337371167605246,0.2599354263580843,0.23141958873007926,0.22262461281811238,0.21913594636569747,0.21414696651922657,0.21172533098228372,0.211518947776164,0.21240287477956518,0.21365646984826447,0.2191965677291517,0.22983005014362456,0.21881754459398906
82,0.2532777188647616,0.2743949851541427,0.2882280932613328,0.2907678756191355,0.2825730463122662,0.27243477349783396,0.2607874224860895,0.2514213143937526,0.2436105443550736,0.23940328335839955,0.23297048117786068,0.2275216564987964,0.22438252920444982,0.2224922270938637,0.2205442049921664,0.22102523550958955,0.22054371766734943
140,0.2552083252549294,0.2830230119086654,0.28651662056040517,0.2641052400857299,0.25369669055537,0.2476331452840414,0.24264571744785726,0.24122782351232644,0.2320771087256284,0.231014370874516,0.22382148320887488,0.22286952732542398,0.21797767598468107,0.2184887017219968,0.2187848016037003,0.2153651984472683,0.22054371766734943
