trading_days_to_expiration,-9,-8,-7,-6,-5,-4,-3,-2,-1,0,1,2,3,4,5,6
4,0.5276282007174264,0.5123002592758246,0.4775527193088702,0.29714769982671013,0.3494368925239435,0.3171508307305455,0.20844283127529808,0.16393619027711165,0.1512670882238772,0.13755492825347151,0.14829434229126334,0.1801427380747221,0.22530028818269943,0.2849117490731504,0.18090751286672435,0.17676545839738367
29,0.5276282007174264,0.5071909454619573,0.48088230719009006,0.4254800678349266,0.38458214880672126,0.33507208292590435,0.2964519473434906,0.26616549721203964,0.23042239012238022,0.207264089538449,0.19360036333708897,0.17804522507366216,0.1738047976421859,0.1757322262543332,0.18139524852798358,0.17544263697683804
87,0.5225188869035592,0.325201663542672,0.3180619419715113,0.2865510182583827,0.28130832633982783,0.2555254964376273,0.24754033529850844,0.23223230797933117,0.2105635335933816,0.1988274077117058,0.19240995463581306,0.18596391353004216,0.18147169140529515,0.1767459636346736,0.17528567612036822,0.17411981555629244
146,0.5174095730896919,0.4013771914257711,0.3076048208991107,0.3179939553911631,0.29922957853518667,0.2247565339000982,0.21746024179768342,0.2027607720676667,0.2031613321367652,0.1953533291916447,0.18896639932436068,0.1867793680019092,0.18283268805427794,0.18041977720546515,0.17808827981792927,0.17740464937167602
