trading_days_to_expiration,-10,-9,-8,-7,-6,-5,-4,-3,-2,-1,0,1,2,3,4,5,6,7
2,0.2554526598046599,0.2736039701109991,0.6887965658396241,0.2270303343423433,0.6518377155971914,0.2372571192950501,0.43284935890734966,0.3275037029989385,0.214215302073392,0.17843175377390189,0.1308828038651733,0.1588859351305967,0.21259697267275413,0.29393001601962887,0.3748625941267042,0.20640268414966217,0.2073768710520943,0.20701150728011025
27,0.2554526598046599,0.27965440687977877,0.23050313993905797,0.22587273247677173,0.2265169048083725,0.21864837894631925,0.20280160175897055,0.19427883093203838,0.19164181978927278,0.18276068210294444,0.17932810032454335,0.18791081713293417,0.1852996447851655,0.18849287916207597,0.19643733823617712,0.2027315134293709,0.20587637714538964,0.20696372456620965
86,0.2615030965734396,0.4160351265330605,0.2293455380734864,0.3678610601835783,0.28085831477809386,0.25801495949589703,0.2608543738527381,0.2503029656063635,0.23989592596040288,0.22954316888593093,0.22298825460241775,0.21749707065836849,0.2132158258207387,0.21106636651431418,0.20795106230478413,0.20541985736925408,0.20437588323868497,0.20691594185230905
144,0.2675535333422193,0.5524158461863423,0.22818793620791483,0.5098493878903848,0.255865859643781,0.24541704520051236,0.2398811962000692,0.23316735577999748,0.23167182717026769,0.2252679429608983,0.21986135495983963,0.21653320117724723,0.2136168479518909,0.20950522910650707,0.21007385486995345,0.20887736495879897,0.20705928999401085,0.20691594185230905
