trading_days_to_expiration,-8,-7,-6,-5,-4,-3,-2,-1,0,1,2,3,4,5,6
19,0.4334511788871838,0.346269965388707,0.2739496305670717,0.26048710985891066,0.23101622888227713,0.19396634771381246,0.17731568672200865,0.15572182897592848,0.14545386775355393,0.14616586786637228,0.15117489422772687,0.15814966805023123,0.16512913056341472,0.18584248651765523,0.19133865867192318
44,0.4334511788871838,0.37061541350682703,0.374234111221608,0.3414626564471249,0.312585608091786,0.2877613470766862,0.2628356190507958,0.23794516233494029,0.2194383248996032,0.20649929478022888,0.19546692980577593,0.1880906447217672,0.18477293195714276,0.18451838116919947,0.18779180476405657
102,0.297579069152467,0.26616835353005047,0.27112967373445024,0.24943487990327365,0.2409406575005351,0.23342359538530244,0.2221152079907552,0.21062380368676675,0.2072130749379328,0.20124502118144783,0.19722133071056722,0.19438376306935284,0.1926028123433227,0.19104861017405209,0.19153522506333814
161,0.321924517270587,0.2700589920485611,0.2658083917966805,0.24022555439277538,0.21745350260717378,0.20536964105365554,0.21181028717857228,0.21207253048434843,0.20767425297471112,0.20441955185939606,0.20119264115726665,0.1990305562222444,0.19672398901348487,0.1948855125797898,0.19479016889909406
