trading_days_to_expiration,-9,-8,-7,-6,-5,-4,-3,-2,-1,0,1,2,3,4,5,6
1,0.43520077420569414,0.4240387175192015,0.306323569356617,0.276449049267937,0.26508979926302045,0.2464625137373112,0.8629942586070576,0.5091483262698694,0.3486230837134878,0.041968496030457415,0.17521952869664909,0.2981722063643015,0.41878990718159115,0.5384585586895674,0.20014997780726726,0.1972931165755218
21,0.43520077420569414,0.41845768917595516,0.29592730310444926,0.2540335296108705,0.23946468951953814,0.21629025851488923,0.19396653737892397,0.17796648804613102,0.16737172934270728,0.16281836700720792,0.16427149549349943,0.16837115493048127,0.17501080017543982,0.1899784521107425,0.19929882062059928,0.19706827667739624
46,0.43520077420569414,0.41287666083270885,0.380443510736348,0.35566935346063727,0.32400249001032094,0.3043365861817943,0.2778599659935135,0.253395300528019,0.23494909490053278,0.22029574418946024,0.20906800932185218,0.2021543564276439,0.19925144762496694,0.19639669595208561,0.19844766343393128,0.19684343677927066
104,0.42961974586244783,0.31671983560878464,0.29886456892500357,0.29071490900650276,0.2766347689597332,0.2646909917032919,0.2526720244561912,0.23984132679386472,0.2297682496451518,0.22176797980241528,0.21506852980502703,0.20927026562751275,0.20467805387265472,0.20100113499393527,0.19751795647364734,0.1966185968811451
