trading_days_to_expiration,-10,-9,-8,-7,-6,-5,-4,-3,-2,-1,0,1,2,3,4,5,6
1,0.34473887581303153,0.34473887581303153,0.2820621620217535,0.2703689317833569,0.2764385156048627,0.24683376639023355,0.23678977368760507,0.9934043243533983,0.7131509849588712,0.8980373379984667,0.6123771615317932,0.10531963602688074,0.22783748754392238,0.34561554916188714,0.46216931226797464,0.20500285329608048,0.21104337437538237
26,0.34473887581303153,0.34473887581303153,0.2611699240913275,0.27343526768070003,0.2814961828604182,0.2459106274099409,0.2302789509006205,0.2172104041265396,0.19695838627865433,0.19143026336573363,0.19172105934394604,0.1881890758280246,0.1904378573698103,0.18219407772537163,0.20910948881118227,0.19826536556812785,0.21172594208713622
85,0.34473887581303153,0.32384663788260554,0.2642362599886706,0.3176631077394878,0.2904084217254491,0.2858595754261438,0.2702270344469214,0.2600056439112594,0.24617526640155343,0.23768670960924523,0.23040606932387353,0.22413802818902753,0.2219619931232474,0.21746538439424445,0.21358871800046988,0.21267071998585962,0.2124085097988901
143,0.34473887581303153,0.30295439995217954,0.2673025958860138,0.2713808483493072,0.2477569053705262,0.24330059647458965,0.24314938702622557,0.2406287118256311,0.23119162388090506,0.22866879036774992,0.22241324562063372,0.21790551331859875,0.2169202350641578,0.2140091801159495,0.2117403410240331,0.2103608066636285,0.2124085097988901
