trading_days_to_expiration,-9,-8,-7,-6,-5,-4,-3,-2,-1,0,1,2,3,4,5,6,7
4,0.27458366944198975,0.2432139028908523,0.25086952645416905,0.2269868215164916,0.22226169820928693,0.36130061342678377,0.29132270170557717,0.22895030919274142,0.20514300369173535,0.18972724678319788,0.1923332401766973,0.19947442229077036,0.22082739645730437,0.24095638977476047,0.2796118519539148,0.19707323929919449,0.2047865425009774
29,0.27458366944198975,0.23275731404047315,0.2569069305920677,0.2170134518246329,0.19718736693360842,0.2070009557495677,0.19462335414058968,0.18641934534295299,0.18209564206511328,0.18381490584254184,0.18261439095971357,0.18096339317845675,0.18501902191591874,0.1900734856908506,0.19134828270667073,0.18881446360084767,0.20460114320393152
88,0.2641270805916106,0.23879471817837178,0.24693356090020901,0.27498123337366775,0.26888782329972577,0.25647648755949853,0.24468266431319738,0.23556722190596538,0.22600998672508735,0.22086572715666566,0.21522997472933422,0.21181474557272856,0.2099054090144584,0.20591887802585043,0.2034299439049194,0.20515734109506908,0.20441574390688566
146,0.25367049174123146,0.24483212231627044,0.23696019120835032,0.24733602948496547,0.21320302197331514,0.22008197402228877,0.22539909959447027,0.22020379915418564,0.21825502906331734,0.2139266155821666,0.21254125570418497,0.21097728969158053,0.2086243573813302,0.20572710133383515,0.2053320149975413,0.20497194179802322,0.20441574390688566
