trading_days_to_expiration,-9,-8,-7,-6,-5,-4,-3,-2,-1,0,1,2,3,4,5,6,7
10,0.5500820925542423,0.42063609110780614,0.3579637263219677,0.31654619379995885,0.2902545694709917,0.24354539658974117,0.21755250516354047,0.18575300712357276,0.16426524755901026,0.15587819099073527,0.1570264416229401,0.16676820817872406,0.1774477754458478,0.20959505474293033,0.22231722592981973,0.2325484295228307,0.19605695472714063
24,0.5177205921926333,0.4049679999113465,0.3476093431914655,0.30727042313036906,0.218548137757657,0.20489859892241122,0.1880263235535882,0.1810410094981336,0.17628937149508103,0.17031080407444757,0.17232883934348375,0.17364787687410302,0.1786333663469423,0.18889196113157677,0.20029674314000845,0.21526379524329722,0.19818062882595067
69,0.4853590918310242,0.38929990871488696,0.3372549600609633,0.2979946524607793,0.28015395017372796,0.26244241854590233,0.24725283934242687,0.2361580166286627,0.22507412545315514,0.21499038906985557,0.20615197757472994,0.20361897972358517,0.19987704503965834,0.19702874314299246,0.1968138556385585,0.19797916096376375,0.20030430292476067
127,0.4529975914694152,0.37363181751842733,0.32690057693046104,0.2941246109658855,0.251781566888044,0.25672071934952323,0.23770002090903314,0.2278430681334996,0.22234732958857478,0.21403684631875777,0.20983056649435566,0.20374402761977872,0.20068985726619645,0.19754677762649836,0.19497018723018425,0.19393328062833062,0.19366173657463
