trading_days_to_expiration,-9,-8,-7,-6,-5,-4,-3,-2,-1,0,1,2,3,4,5,6,7
12,0.42370837976950104,0.31887491951722335,0.2948055281673506,0.25666082859777,0.2331265320777747,0.2128566987847214,0.18170148166799305,0.1642078256340639,0.1511170448613481,0.14844075472946508,0.14778924388432696,0.15746267707106482,0.1682060692014191,0.18897323086821874,0.2179145980378014,0.22939524937715278,0.19284648505928276
26,0.3975000147064316,0.31285757167975514,0.28526935327495545,0.2691055465257498,0.19948471766364584,0.19113610769263512,0.17915697776262748,0.17572890721477327,0.171409736225311,0.16843036314012388,0.16904211306375072,0.17076811597064595,0.17815407750797557,0.1874633835433369,0.1992745889923033,0.21269495363759028,0.19553288870292834
71,0.3712916496433622,0.306840223842287,0.2757331783825603,0.28155026445372955,0.2658855532452555,0.24806969278260133,0.23960522401182774,0.22874703829033655,0.2185261918053493,0.20937520974896853,0.20486132651691272,0.19991773758287992,0.19602865696124108,0.19410884429547853,0.1942307150773232,0.1959946578980278,0.19821929234657393
129,0.3450832845802928,0.30082287600481883,0.2661970034901652,0.2573383982657521,0.24668788622342644,0.24427618453888944,0.22941503717488376,0.2250801817413228,0.2185762196886995,0.21365438933549438,0.20813561848558862,0.20179425617668534,0.19796823360396856,0.19506263424879663,0.19239522508145185,0.19016008141563717,0.18878474738428508
