trading_days_to_expiration,-9,-8,-7,-6,-5,-4,-3,-2,-1,0,1,2,3,4,5,6,7
6,0.26237683317840904,0.24442040995848857,0.24481814526618473,0.23136085040180157,0.3202146466412673,0.28967259579017696,0.22879248602162655,0.18455455021726647,0.1484848583887368,0.1369168000241142,0.1368626998885817,0.1468866584467888,0.172754293062593,0.21741768789025795,0.23742700988148302,0.2840344708803503,0.18463801331523194
26,0.26237683317840904,0.23544219834852834,0.253995224529993,0.21545512370580167,0.25680737675406207,0.17048186451235303,0.16513895145703197,0.15317837092048295,0.14753607588929177,0.14458403989866614,0.1471114361639096,0.14693439852398457,0.14787716701263046,0.15304586197051773,0.15768340743297476,0.2204469651507588,0.18468179218754652
51,0.26237683317840904,0.2264639867385681,0.26317230379380135,0.1995493970098018,0.19340010686685685,0.17784290536166797,0.1697281764670997,0.16419122055036167,0.1594778022187592,0.15686588718396058,0.15599591023289275,0.15539844349852777,0.15529013163783628,0.15729298856686658,0.15788911187208873,0.15685945942116727,0.1847255710598611
110,0.25339862156844883,0.23564106600237641,0.24726657709780148,0.25988202182553455,0.23185460412138853,0.23700726301321956,0.22598036957643744,0.21514316730537944,0.2070861163889805,0.20130109601317123,0.19608880664570608,0.19163829071739646,0.18877802213842212,0.18657156233784555,0.18341980537577932,0.18459423444291734,0.1847693499321757
