trading_days_to_expiration,-10,-9,-8,-7,-6,-5,-4,-3,-2,-1,0,1,2,3,4,5,6
25,0.29284870104783134,0.25872566170589056,0.2152480548814588,0.24496811089942855,0.23736188645135795,0.225965756641187,0.2098007562576811,0.20041715301358173,0.18577290269319796,0.18391354962586154,0.1790222549098235,0.17562222720557785,0.17404711727372488,0.18603521430682063,0.18880998453740067,0.19912659341227762,0.20866597198436823
39,0.28431794121234616,0.2478562599997826,0.22267806888595124,0.2679196043323535,0.2597602012236785,0.24564508225293458,0.17900675551607498,0.1885420459198882,0.18610542549852435,0.18650560224474444,0.18563319964267752,0.1795283953484371,0.18772492275687205,0.18974789034625214,0.19418559093214868,0.2027798714473234,0.20780772801429087
84,0.275787181376861,0.23698685829367466,0.23010808289044365,0.2908710977652784,0.28215851599599906,0.26532440786468214,0.25896974645606363,0.24680936577964466,0.23698240939244455,0.22869015886690341,0.2217891657522592,0.21719545585397884,0.2138106260941317,0.20997679855288334,0.20685591777194465,0.2064331494823692,0.20694948404421348
142,0.26725642154137574,0.22611745658756674,0.2375380968949361,0.26411649210831817,0.25922081192172713,0.24712758906815568,0.23953289906994832,0.23481669304683844,0.2241476069557079,0.22665534195845205,0.2218115216128252,0.218990030143996,0.21347688932454614,0.21335465712412896,0.21074849356188158,0.20952421595444562,0.20662858401044026
