trading_days_to_expiration,-10,-9,-8,-7,-6,-5,-4,-3,-2,-1,0,1,2,3,4,5,6
13,0.26871947478293723,0.2534594322059417,0.21809535770136335,0.21290890866516182,0.30995475029661984,0.24357722796642775,0.20921479600274598,0.17220980714839823,0.1627658665950824,0.1422720827190864,0.1397807674646774,0.13580424487404372,0.14050302530298525,0.14177606838579074,0.15295493229652116,0.18692509223241546,0.1865718614606348
33,0.26871947478293723,0.24582941091744395,0.20804334173757194,0.22036770011085247,0.25444910649312114,0.1811135503224803,0.1668585283497988,0.16453747099969643,0.15557600264509247,0.15298137122171376,0.1516804519757123,0.1496300110849252,0.15024586509876336,0.15202304873078912,0.15306044933124638,0.17348914780020963,0.1866250242760284
58,0.26871947478293723,0.23819938962894618,0.19799132577378054,0.2278264915565431,0.1989434626896224,0.18511293240759413,0.1747251858954223,0.16908692626575658,0.16523351744648435,0.16330366615858816,0.16099413864300527,0.1596285084688868,0.16002510339066053,0.16136537668681436,0.16255360962960805,0.16005320336800383,0.186678187091422
117,0.26108945349443946,0.22814737366515478,0.20545011721947118,0.26889062092658145,0.25951903484706784,0.23883085996321135,0.23808930962605035,0.22322193186419834,0.21148832431312178,0.2078439479662302,0.2014113339210006,0.19672242245099905,0.19346373615709167,0.18655008000344922,0.18788518245799532,0.18651869864524123,0.18673134990681559
