trading_days_to_expiration,-9,-8,-7,-6,-5,-4,-3,-2,-1,0,1,2,3,4,5,6,7,8
5,0.2599756445382787,0.24525604128643713,0.2247678768704264,0.20283905210662367,0.1940953750531075,0.2138812716567008,0.1976275513802312,0.1761393459599458,0.17624321901479556,0.17489382046760443,0.17428859180860154,0.18365305634631862,0.20226355068996318,0.24561793641590193,0.2778437090982877,0.19367234452297566,0.1992068513017933,0.19740198017509875
30,0.2599756445382787,0.2403495068691566,0.219574000204183,0.19726073607410388,0.1930402547127754,0.1851583694088586,0.17077340539389782,0.16774910062856535,0.16728593512640738,0.16619840429969657,0.16866342498857753,0.17319192990606153,0.1774704290066324,0.18607776134328105,0.18962975324891648,0.1853676959981296,0.19793035580052698,0.19777604011301775
89,0.2550691101209982,0.2351556302029132,0.2139956841716632,0.19620561573377177,0.26919000772128654,0.2563484117497181,0.2451727945620315,0.2320890514285874,0.2236419622401996,0.2158179217997809,0.2108315419897032,0.20553160182024066,0.20022327670679094,0.19914450982985935,0.1966581313271134,0.19523231214485962,0.19665386029926069,0.19815010005093678
147,0.25016257570371764,0.2299617535366698,0.20841736813914344,0.19515049539343965,0.24260417390454295,0.2365682407016899,0.2268052297543212,0.22386522373876575,0.2197138202808769,0.21321152198181778,0.2099735570970869,0.20913911583657455,0.20462326273602544,0.2018370433044527,0.20197699304782174,0.2004833468030596,0.19702792023717972,0.19815010005093678
