trading_days_to_expiration,-9,-8,-7,-6,-5,-4,-3,-2,-1,0,1,2,3,4,5
3,0.45293240214448865,0.7102135364972814,0.7055518508650337,0.4102828620674695,0.5390331463251059,0.44659844062538157,0.3740008418960535,0.2954655499445653,0.22651262948701323,0.1983511417970117,0.18088833059480652,0.19486072568228088,0.2170398619525235,0.28690092556862495,0.21194800804828928
23,0.45293240214448865,0.5640174151978934,0.3074251273641268,0.2861757301667139,0.256585204358718,0.23532422799337513,0.2233377308635567,0.2072257749026213,0.19886962772363015,0.18857513559461275,0.19095043431970243,0.19318679900540056,0.1980350024664039,0.20732536967503082,0.2135573619240049
48,0.45293240214448865,0.41782129389850536,0.3916043759426952,0.39575652602427414,0.34460843611779435,0.31969809059141974,0.2943458276411101,0.27776823790116867,0.2593643698836164,0.24517073316667137,0.23325196951050048,0.22539937606164498,0.22050724434107827,0.2157776757534251,0.21516671579972055
106,0.33863114784124,0.3359716148894304,0.3163672139975344,0.2965329847911969,0.27975496469195427,0.270332462172257,0.25160946054604894,0.24290487144940306,0.23549986883056886,0.2277719832575556,0.22305647589880773,0.21881489174702748,0.21397287293487935,0.21033865417257364,0.20786647609192027
