trading_days_to_expiration,-9,-8,-7,-6,-5,-4,-3,-2,-1,0,1,2,3,4,5,6,7
4,0.2507255345060341,0.23998997757735435,0.22129482120662075,0.20522146792074036,0.41278067811059727,0.36938427981823846,0.2917759601525626,0.19423681640268356,0.14972974644046044,0.138926586130741,0.13919639951481763,0.1600426897160111,0.21229358532287826,0.24763275301120058,0.28573157721079373,0.3426449572797757,0.18505802945153976
24,0.2507255345060341,0.23462219911301446,0.21731502148559384,0.2011645909988271,0.29678871902375503,0.1868799802909264,0.16581349221610425,0.1543892157599832,0.14722851917960314,0.1483944707789242,0.14911997735102075,0.14850421776066117,0.15248205203298076,0.15752675828102325,0.16150565222362517,0.25095891669542614,0.18533385673607716
49,0.2507255345060341,0.2292544206486746,0.2133352217645669,0.19710771407691385,0.1807967599369128,0.17721722571802928,0.1626842650437399,0.16046392167000967,0.15724256621087473,0.15098577436770624,0.15427569362292248,0.15506549844290976,0.1565227885479224,0.15933248338713382,0.16096410753001797,0.1592728761110766,0.18560968402061456
108,0.2453577560416942,0.22527462092764766,0.20927834484265365,0.30494419609375556,0.2408249304287766,0.23367937907458494,0.22358290756242663,0.21424073043159791,0.2078207518034761,0.20431553524357765,0.1950899630404235,0.191071709192163,0.18920213054105267,0.18612440798451255,0.18338924706689755,0.18478220216700236,0.18588551130515196
