trading_days_to_expiration,-9,-8,-7,-6,-5,-4,-3,-2,-1,0,1,2,3,4,5,6,7
6,0.22270366898112423,0.22270366898112423,0.22270366898112423,0.20319936409888628,0.2200800993242989,0.3147683790851584,0.2266857341228723,0.21574356183326682,0.1914322767225177,0.17861612300980728,0.17875677153076164,0.18141837042084782,0.18664975538284198,0.2304790402355947,0.24900064124057417,0.18538655456589123,0.1935081206226046
31,0.22270366898112423,0.22270366898112423,0.22270366898112423,0.1966979291381403,0.1991221736793389,0.19016262111049298,0.18229510055969492,0.17287967831398246,0.1704739112928841,0.16751597738791277,0.1675618169028026,0.1722289576414943,0.17409906575862172,0.1820912072180459,0.18252303726290275,0.1746871397193619,0.19324532452649823
90,0.22270366898112423,0.22270366898112423,0.21620223402037825,0.2619959506142189,0.25803873181897435,0.24462853034390863,0.22737244749585303,0.22459740274381396,0.2166417775698092,0.20995991160673574,0.20475499056794935,0.20084571770503495,0.1973568596129498,0.19452139199948534,0.19276388924089152,0.19351865824194275,0.19298252843039182
148,0.22270366898112423,0.22270366898112423,0.20970079905963226,0.24103802496925888,0.23854747279436553,0.23679142632901615,0.22638221448980209,0.22197600374774323,0.217753331738565,0.21268168001992688,0.2090105769966291,0.20478181373598517,0.20028698198060593,0.19790274005544847,0.19608596941242057,0.19377091671871102,0.19298252843039182
