trading_days_to_expiration,-9,-8,-7,-6,-5,-4,-3,-2,-1,0,1,2,3,4,5,6,7
3,0.43771603569086204,0.43771603569086204,0.5549015225106142,0.38143862607171763,0.22249383103967008,0.2127983252736382,0.20577505008848987,0.1384834780438478,0.1371611700019529,0.12485211157071799,0.13182928089368517,0.17544324564953398,0.22623373309202502,0.2911871325556126,0.3563292749698626,0.42178063641278063,0.19321586107135108
17,0.43771603569086204,0.4670124073958001,0.51153579840089,0.3380729019619935,0.18638715763337044,0.18074360826494346,0.1763774679282696,0.16679804396025244,0.16602394892091057,0.16613662194894202,0.168291423412428,0.1766918800185429,0.19014417740978617,0.20540571544994488,0.21977099362615923,0.3071822860360269,0.19577151207524546
62,0.43771603569086204,0.4963087791007381,0.4681700742911659,0.2947071778522694,0.27029069840008446,0.25763357437553236,0.23974867660005,0.22759256352077092,0.21780914487803632,0.20881352693259067,0.2006354105921954,0.1968391274181401,0.1932928186288259,0.19093861260735337,0.1908201872398441,0.1925839356592731,0.1983271630791398
120,0.43771603569086204,0.5256051508056762,0.4248043501814418,0.25860050444596977,0.24485304228233296,0.23517263224871013,0.22690238303895968,0.22027183125578464,0.2155965581587561,0.20965528595896873,0.20317440207917054,0.1995466570520677,0.19597084867142261,0.1937170966502347,0.19228990778870494,0.19066021006745673,0.19035871105911883
