trading_days_to_expiration,-9,-8,-7,-6,-5,-4,-3,-2,-1,0,1,2,3,4,5,6,7
12,0.27255442405766683,0.25541982720017026,0.24766571441972568,0.2899617432112731,0.20656170875286806,0.20231992881853123,0.17096042056816008,0.13899138838862676,0.13641204410126953,0.13127808161080617,0.13226260431651432,0.1407317667550984,0.14169819680711684,0.15740552089013493,0.19039619900485452,0.17914091427870282,0.18732907196148424
32,0.27255442405766683,0.24685252877142197,0.2523559564582517,0.25040131829359613,0.2013226197177685,0.1823791416030401,0.17419158400160958,0.16037307507492493,0.1515440982516457,0.14860966579486234,0.1467304750723348,0.14551847753557887,0.14603241550821977,0.1488466432641152,0.15079987477278983,0.17005653875778437,0.18717068721703722
57,0.27255442405766683,0.23828523034267368,0.2570461984967777,0.21084089337591916,0.19608353068266896,0.19093103110329415,0.17479085818936,0.1680795723981238,0.16462773883991516,0.1607603018015483,0.15797792564215246,0.15751066013684423,0.15744947215914262,0.15966355090293818,0.16071214945274573,0.1609721632368659,0.18701230247259018
116,0.2639871256289186,0.24297547238119968,0.2735039708540254,0.2087013010643936,0.2450720455818593,0.24256983111536812,0.228096127646774,0.21962953063441887,0.21209464837797054,0.20678250874199833,0.20042248689861775,0.19511333560960906,0.1927560335924363,0.19003575317149324,0.1882252897996213,0.18748745670593125,0.18685391772814317
