trading_days_to_expiration,-9,-8,-7,-6,-5,-4,-3,-2,-1,0,1,2,3,4,5,6,7
16,0.2562683681482482,0.24762422496840653,0.22197037624948446,0.2769043998706168,0.21076836609997776,0.18621777867859587,0.16387307944472945,0.149821864576856,0.14278385764702584,0.1376846977241691,0.13699634415619363,0.1410357602895132,0.14276676973987532,0.14812707401062283,0.1785410959992982,0.17471832647499477,0.18292633433505548
36,0.2562683681482482,0.24330215337848565,0.21346552347994427,0.23843090948310613,0.20061859948353614,0.1938044357152365,0.16329638438712368,0.15783568236600665,0.15427858551735338,0.15043590200203655,0.14693838784969224,0.14593413050746853,0.1478135107027066,0.15090880241876373,0.15477996341650413,0.16630039883961778,0.18301262330597204
61,0.2562683681482482,0.2389800817885648,0.20496067071040408,0.19995741909559547,0.1904688328670945,0.1783752459812196,0.182186768112495,0.16555735899628493,0.1618285824311662,0.15959953859922624,0.157262546293487,0.15526766520411495,0.15559816565541415,0.1571404347790547,0.15917313595848906,0.1578824712042408,0.1830989122768886
120,0.25194629655832734,0.23047522901902462,0.24093253529051045,0.20536289259778662,0.24122958458935603,0.23187582779975724,0.2195430615129287,0.21144423776144589,0.2092226614744558,0.19947066402089025,0.19263762988781774,0.18958557818315552,0.18870251339209812,0.18276325653141223,0.18313625411037177,0.18284004536413892,0.18318520124780516
