trading_days_to_expiration,-9,-8,-7,-6,-5,-4,-3,-2,-1,0,1,2,3,4,5,6,7
20,0.30141404306868297,0.2886792886550488,0.26931014036789236,0.2736604675553906,0.25761034083936896,0.23304942762133635,0.21991722477053408,0.20262864914311673,0.18600259078615977,0.17710988910368927,0.17365642622013688,0.1670237611297221,0.17235323279358072,0.18033522201793395,0.192230012151734,0.2066934446403049,0.19898051584230228
34,0.29823035446527446,0.2838370015832597,0.27039772216476693,0.2761953714349475,0.262406706626679,0.19433028763897317,0.19845312196719075,0.19382620552835067,0.18642003184547795,0.18329813961111804,0.18132019385097822,0.18228614954704947,0.18353289018235594,0.18666679694466448,0.19756874723402218,0.2028107862892517,0.19928944453390995
79,0.2950466658618659,0.2789947145114706,0.2714853039616415,0.2787302753145044,0.267203072413989,0.2509375084435097,0.24166958221382187,0.2364116020883079,0.22757509870487116,0.21897896316775164,0.21257951881377707,0.20807259954234184,0.20392403911863433,0.1986924946492967,0.19788693108398372,0.1989281279381985,0.1995983732255176
137,0.29186297725845733,0.2741524274396815,0.272572885758516,0.25701064607920887,0.24171239991899823,0.23795215157839847,0.2290198865060645,0.22511710700805537,0.21957176516636512,0.21458400361887833,0.20744523894051875,0.20706051201356154,0.2041183337905219,0.20154043620061976,0.20025499629241109,0.19867158715069463,0.1995983732255176
