trading_days_to_expiration,-9,-8,-7,-6,-5,-4,-3,-2,-1,0,1,2,3,4,5,6,7
13,0.40917558741194443,0.23229984877941212,0.1997121185589945,0.20289129323179178,0.23617035782977416,0.19736301073745344,0.19272675975510625,0.17401603659403478,0.16377866100915267,0.15549210559865292,0.15452784093857144,0.16155003716601501,0.17306766401573725,0.19505481535930658,0.2061738601619852,0.23352466477336437,0.1954203076709827
27,0.36495665275381134,0.22415291622430772,0.20050691222719383,0.24117921012720395,0.1683856365556707,0.17679166279356523,0.18224019324434976,0.17986564484689738,0.1733193903319219,0.17188164881164708,0.17242208224777403,0.17518040674760083,0.17977557724955348,0.1866831625034457,0.19800886280097518,0.21541522966144894,0.19724324654730574
72,0.3207377180956783,0.21600598366920332,0.20130170589539315,0.2794671270226161,0.26345619369496986,0.2546109125415462,0.23746419206352778,0.2284121033265313,0.21902481950413116,0.21179868347302266,0.206543375091856,0.20127487066555902,0.19686008517968984,0.19521673164312553,0.19588644820879156,0.19730579454953348,0.19906618542362878
130,0.2765187834375452,0.20785905111409891,0.20209649956359246,0.2578187424261951,0.24471673836651744,0.23965637611703164,0.22970180442056104,0.2190265419906773,0.2163894954843045,0.2125195910885716,0.20779770844700973,0.20358764493736858,0.20035308456866874,0.19787270462760698,0.19525543530762932,0.19359736879465966,0.19257441063629557
