trading_days_to_expiration,-10,-9,-8,-7,-6,-5,-4,-3,-2,-1,0,1,2,3,4,5,6,7
5,0.6440662845548716,0.581266233647691,0.5184661827405106,0.3835542747196329,0.3907826979736961,0.3489062313134619,0.32605057101397794,0.2504806259141889,0.20738676537590686,0.1783843932119313,0.15690675743182547,0.16818069765903476,0.19236995367279103,0.21892620657430886,0.2623852394375707,0.29437156266435865,0.19815617989945253,0.19844784638503155
19,0.6283662718280765,0.5655662209208959,0.48473820573529114,0.38536138053314867,0.3519062814109708,0.199983852334633,0.19570201258586273,0.19151406090751058,0.18471286808256512,0.17648569266869948,0.17240123369882943,0.17508215633335275,0.17711670907450167,0.19101076225178792,0.19877558392631392,0.21192520977904203,0.19890819113404998,0.20062189125990731
64,0.6126662591012814,0.5498662081941008,0.45101022873007174,0.38716848634666445,0.3130298648482456,0.271920357043376,0.2595352819939028,0.25674211034201955,0.24250998846353342,0.23197339248046703,0.2212343648648416,0.21216494492358867,0.20723908082617307,0.20250414128686064,0.19940170010569486,0.19887578119112936,0.1996602023686474,0.20279593613478308
122,0.5969662463744863,0.5341661954673057,0.41728225172485234,0.3889755921601803,0.2591621772238423,0.24912426584121158,0.2390789677956685,0.23024652790120617,0.22605618352449638,0.21781397521997112,0.2128408000472526,0.20732439001884273,0.20373586090126125,0.20143852837980655,0.19785038360706317,0.1974041686648551,0.19627380151015578,0.20279593613478308
