trading_days_to_expiration,-10,-9,-8,-7,-6,-5,-4,-3,-2,-1,0,1,2,3,4,5,6
20,0.25001193007298766,0.23753365273972088,0.21453397385750167,0.1963955850984957,0.22435349773077856,0.20410886747136803,0.1521020347243564,0.1680330032569877,0.1598757805175542,0.1543424582566194,0.14698922565937084,0.14735815202246066,0.1453533184152959,0.15079751760192847,0.15645657466309582,0.1693621917101326,0.1770020979130378
40,0.25001193007298766,0.23129451407308751,0.20927327308302546,0.19258709149346895,0.19904787254272238,0.18754940230891032,0.15271193830021504,0.16660947874774762,0.15684339511642179,0.15387872155562096,0.14887701425792446,0.15084012038400055,0.15338340309273235,0.15612532111011376,0.15948794083631712,0.16463543306719333,0.1767848498294265
65,0.25001193007298766,0.22505537540645412,0.20401257230854922,0.1887785978884422,0.17374224735466623,0.1709899371464526,0.16605834310485507,0.15864814925271542,0.15997540342706829,0.15587355449816795,0.15412906367022078,0.1549027967141269,0.15397033632121798,0.15586970405886838,0.15763264391656498,0.15990867442425408,0.17656760174581515
124,0.24377279140635427,0.21979467463197788,0.20020407870352247,0.20656604780961038,0.23825285055566722,0.22838686106237494,0.2173516092965663,0.20872610033130556,0.2011763041291587,0.19357013435783985,0.18876583413202125,0.1841616565388046,0.18172884764472197,0.17865391244161288,0.17813879571876376,0.17721934599664915,0.1763503536622038
