trading_days_to_expiration,-10,-9,-8,-7,-6,-5,-4,-3,-2,-1,0,1,2,3,4,5,6,7
24,0.2827584517281391,0.2563891430474533,0.32476504165568126,0.24580605104812264,0.21747542538417028,0.21758176215867375,0.2015094370055646,0.20632937534432377,0.20126091342657887,0.1914892168309945,0.19403536442490235,0.1889309029954513,0.19163421480765114,0.19577674714974974,0.19886263776766694,0.20554805142371776,0.21325745650579153,0.21184533377017511
38,0.2761661245579677,0.2734831176995103,0.30502529400379164,0.23872339463213454,0.260068894874899,0.2422517237397252,0.20092223387516292,0.20051968435850945,0.19440087255648078,0.19387949514328223,0.19309206564501546,0.19439011574823348,0.1916084106569825,0.19896624576791286,0.20390808534391613,0.20886192375920107,0.21254396384467544,0.2117448866859837
83,0.2695737973877962,0.29057709235156726,0.28528554635190195,0.23164073821614645,0.3026623643656277,0.26692168532077665,0.2831487456429836,0.26253537101625746,0.2513055837955173,0.24214137901217062,0.23328160792296143,0.22562759029190246,0.22009124186087603,0.21898195585020308,0.2143718435514701,0.21217579609468437,0.21183047118355935,0.21164443960179233
141,0.26298147021762475,0.3076710670036243,0.26554579870001227,0.22455808180015838,0.26807314562077256,0.26061462519618234,0.24835649644445162,0.2502087048072516,0.2426547837372498,0.2336398087558126,0.22752093503700327,0.2200955081631663,0.2182571660009157,0.21801670799032896,0.21329184690805597,0.21397094916690762,0.2119457808543665,0.21164443960179233
