trading_days_to_expiration,-8,-7,-6,-5,-4,-3,-2,-1,0,1,2,3,4,5,6,7
16,0.44115469979911104,0.3739931378083807,0.27391006653683947,0.25862976621399225,0.2180541514295283,0.1946543754212314,0.17732055514061984,0.15789741458322312,0.1477782836583618,0.14563095799669742,0.14958507670046456,0.1591579899173167,0.17033932792473525,0.19047448996696476,0.18968529818452137,0.19232595240567552
41,0.44115469979911104,0.40827737885182386,0.37473829614427584,0.3618250483205489,0.31758117234875277,0.2887998144785564,0.2601135020301131,0.23325212900611103,0.2180987856053546,0.20365333824004406,0.19405528152368903,0.18689968769783852,0.18658060528474243,0.18573446839852775,0.18562050950917633,0.1921628202386254
99,0.3054246557214944,0.2861770878682564,0.27083777590243335,0.2532341730374301,0.24570396943547923,0.23373830225512615,0.22318178210477416,0.2153866259978534,0.20731019684344235,0.20131820815911047,0.19722707573190368,0.19366331655686117,0.19137529960186173,0.1904633539278822,0.19030078073955872,0.19199968807157533
158,0.33970889676493754,0.2800435772025479,0.26473377105821283,0.23564416223347923,0.22017917242835533,0.205529428697873,0.22189476961760574,0.21843805367608218,0.21048610137791837,0.20640374058427677,0.20196990895037603,0.19879102859262382,0.19525267510023878,0.19375008685986642,0.1924890845727256,0.19183655590452525
