trading_days_to_expiration,-9,-8,-7,-6,-5,-4,-3,-2,-1,0,1,2,3,4,5,6,7
8,0.2670828243514686,0.2578001474081151,0.24623143893997732,0.22724103816103952,0.2778794405359403,0.25972623347764945,0.20453841362990433,0.16919407613705567,0.14125471873759526,0.13519071382696413,0.13277181045579278,0.14306977313549127,0.16825527397179416,0.1842014919544068,0.21786423064425472,0.2423384832572984,0.18496140536529343
28,0.2670828243514686,0.2531588089364383,0.24508842317758522,0.21888885353396276,0.24074675085213387,0.17512627063466824,0.1606578353916699,0.14562431939440995,0.14779228679238907,0.1459331285823788,0.14575797311596633,0.1470334065606645,0.14752905853165996,0.15339549937479996,0.1559701058353256,0.19942012799969036,0.18508283070594944
53,0.2670828243514686,0.24851747046476153,0.2439454074151931,0.21053666890688597,0.20361406116832745,0.18083106985343078,0.17126725022245787,0.1643706178365835,0.1611539502995734,0.15817626639130553,0.15722125656605113,0.15595438294448222,0.15482950832933126,0.15767008213369546,0.1580737704496361,0.15650177274208232,0.18520425604660545
112,0.2624414858797918,0.2473744547023694,0.2355932227881163,0.24420805472141316,0.24622779175888615,0.23751474441165552,0.22561127561638525,0.21630835347436914,0.21067630366257004,0.20146694608981472,0.19589063617511862,0.19171674294828198,0.18937249052508517,0.18699901410532863,0.18479189272276592,0.18483998002463745,0.18532568138726144
