trading_days_to_expiration,-8,-7,-6,-5,-4,-3,-2,-1,0,1,2,3,4,5,6,7
12,0.4259518470332324,0.4072594489842184,0.340572092311421,0.2528897246889726,0.19991164831138972,0.19778626767012597,0.16287093257674173,0.1474544779986015,0.13801324998647685,0.13300043872678588,0.134244520827282,0.14955083879309378,0.1721012108117984,0.1907759177677982,0.21099921490301135,0.18553543921654816
37,0.4259518470332324,0.4010286496345471,0.35858527820861563,0.3336125753015512,0.3038649837602575,0.2717523348338293,0.2454810007897698,0.22103652510803326,0.2022999090971701,0.19067841768318297,0.18192467681790167,0.17730737918611486,0.17754633469339434,0.1773872222385089,0.1778851478067323,0.18468730379863016
95,0.4197210476835611,0.30454572051703177,0.26744027158266975,0.25672469316767044,0.24115104312952793,0.23359309786999846,0.22502487008238906,0.2122247850320824,0.20352961711280396,0.1974430105041641,0.19115112171026424,0.18757368115875936,0.185058943380241,0.1837890652500006,0.18299975347787897,0.18383916838071213
154,0.41349024833388975,0.3225589064142264,0.26016499813582117,0.2283181707395301,0.21946865539982696,0.22290780682544617,0.21606981721778187,0.20809394687741598,0.203038443582036,0.19956531232012664,0.1958162482318394,0.19287640175132828,0.18915527731614187,0.1878863888291876,0.1863835746344662,0.18534480554548655
