trading_days_to_expiration,-8,-7,-6,-5,-4,-3,-2,-1,0,1,2,3,4,5,6,7
10,0.4405887039107035,0.4257659796709141,0.2715148619055974,0.22506934785125843,0.19201606060731025,0.15769123249135203,0.15421076062166436,0.14150022056510403,0.13465246447534743,0.13480171438913124,0.14944535525576613,0.16960419893602574,0.18543503309668585,0.22487315251482404,0.18343826220243087,0.18322713693908443
35,0.4405887039107035,0.4208250715909843,0.38162085551791103,0.3497906952604377,0.3152044555072834,0.282484586488022,0.25478690691588235,0.22655348408947854,0.20823621384167856,0.19416359606717845,0.18416209312611012,0.17822642970113126,0.1801765962876274,0.18128385772569247,0.1810197261377833,0.18269733074335565
93,0.4356477958307737,0.29934583053437214,0.28744934180930287,0.26679892507310277,0.25074636822123514,0.23872052497691507,0.22602861238737865,0.21580847040619458,0.20608512675289042,0.19889260027359607,0.19250743030816497,0.18878598106880445,0.18490284876580484,0.18289529973133634,0.18239037694791757,0.18216752454762689
152,0.43070688775084387,0.28543034621998475,0.2562593448302807,0.2294074928402065,0.20421880035629358,0.22441085886192708,0.2144376546390729,0.20703748911211553,0.2038778009556294,0.19845394138432557,0.19368253899184076,0.1905544597963227,0.1884716261006719,0.1858567982670784,0.1837569431348132,0.18303507108315162
