trading_days_to_expiration,-9,-8,-7,-6,-5,-4,-3,-2,-1,0,1,2,3,4,5,6,7
11,0.4406691112003912,0.373699045153518,0.4274260821945727,0.30121271145724365,0.2590488890896436,0.2105888302075694,0.21934134878500897,0.17436548346849717,0.16607737152362084,0.15563527966435883,0.15354773613362568,0.16292780168363397,0.17283242496509643,0.19492420232252936,0.22160499814835108,0.21787325149272127,0.19498946308973203
25,0.4239265946886729,0.38713080441378167,0.39587273951024043,0.2995328122426357,0.23476172947582344,0.19084497980639353,0.1866074652508632,0.17649353424492178,0.1722218938223837,0.17039837002422645,0.1710251212043644,0.17221689256170536,0.17803225207454787,0.18672499140165508,0.19837883636792283,0.2065695963869082,0.1965928527417524
70,0.40718407817695457,0.4005625636740453,0.3643193968259082,0.29785291302802785,0.2791875451230595,0.2654625165346548,0.24806713591544002,0.23648238662398544,0.22521483218735514,0.21800473191768618,0.20932471055377824,0.20228139015147953,0.19793771637873073,0.19522490967669023,0.19459688512091916,0.1952659412810951,0.19819624239377273
128,0.3904415616652363,0.413994322934309,0.3327660541415759,0.27845090105883574,0.25350496101103825,0.24477731949316847,0.23705476538097647,0.23561348868258206,0.22138036268160555,0.21618261199060068,0.20851643928884814,0.20418886932512256,0.20141737700332546,0.19912362318137455,0.19463361896567868,0.1933860734377117,0.1917532702777762
