trading_days_to_expiration,-8,-7,-6,-5,-4,-3,-2,-1,0,1,2,3,4,5,6
5,0.5181814930838584,0.42596521563403245,0.39491639668686124,0.34647788590128237,0.27963657044303625,0.2778463587480631,0.22458136518469118,0.17660150400737218,0.14404181891248227,0.1430858945923005,0.15445894621348602,0.18255745109140972,0.22294065107757827,0.27950011809221464,0.18310541769780064
30,0.5181814930838584,0.4811540491368133,0.4427437737199866,0.39982225444337255,0.36761336676517786,0.3286292190136136,0.29362780600226723,0.25692464609963084,0.23055746501574254,0.21121446701805577,0.19591002202989843,0.18606905769265167,0.18341836248960483,0.18358602959212889,0.18428327617774448
88,0.3155875486284707,0.29926164262061056,0.2818590938515504,0.25741586990594584,0.24799441406291609,0.23461931816824524,0.22092462250839798,0.21122604397659772,0.2007864018381992,0.19430165472734398,0.18957134680850152,0.18436476730016005,0.18111736711798676,0.17925627433161448,0.17840925507466612
147,0.3707763821312516,0.3470890196537359,0.3141684898764164,0.268526220174491,0.2270634984825127,0.2163289702114948,0.20315044301856278,0.2024688237598037,0.19716924504727937,0.1920612780015759,0.1900337045782267,0.18605043395063026,0.18403916363760703,0.18192755921785678,0.1823375127384154
