trading_days_to_expiration,-10,-9,-8,-7,-6,-5,-4,-3,-2,-1,0,1,2,3,4,5,6
14,0.2698648484152268,0.2547397714620573,0.20889126579178088,0.17912138737910693,0.2447248973858997,0.24202432458978618,0.1897884134453112,0.1681852728405327,0.16398144563025802,0.14920890341894308,0.14377454692492497,0.14040548237447928,0.1461059649659086,0.1480118333619643,0.15278489160763187,0.1728085026746931,0.18647988125276055
34,0.2698648484152268,0.2471772329854725,0.19352955143322745,0.17959816253132338,0.20828964141735895,0.19662286150942582,0.1808628455762077,0.1643276943939062,0.15791637857871088,0.1562095027680493,0.15458140884571875,0.1537535662036699,0.152913242441352,0.15499232192214246,0.15590312269305892,0.16598113749976356,0.1865442352968863
59,0.2698648484152268,0.23961469450888775,0.178167837074674,0.18007493768353985,0.1718543854488182,0.18929832778692796,0.17712292501738633,0.17249646500862215,0.16994952662879476,0.16438268141794632,0.16218471353727573,0.1626246573051161,0.16120271794356775,0.1619871557246887,0.1602902844517305,0.15915377232483405,0.18660858934101204
118,0.262302309938642,0.22425298015033432,0.1786446122268905,0.21239991753471976,0.25578090112215873,0.24528424056409728,0.23230218080016765,0.22232339257495928,0.21556185190027483,0.20598652054830263,0.20214002402212108,0.19633485529788156,0.1933075201451957,0.186363167545602,0.18775246289381117,0.18641552720863477,0.18667294338513782
