trading_days_to_expiration,-9,-8,-7,-6,-5,-4,-3,-2,-1,0,1,2,3,4,5,6
4,0.4243973338787463,0.7515100642931695,0.6323384218685905,0.5485829777326952,0.46317988756489403,0.36788351560753935,0.3153674418157695,0.24153259371827923,0.20072929970220388,0.18293817435523468,0.19175685747223564,0.20976601775523177,0.24917512749307993,0.29130976841268275,0.20637065726936493,0.20095816109544512
24,0.4243973338787463,0.5741265560131426,0.2890877433519823,0.2672975556305299,0.23018416444678969,0.21576052162458173,0.20236883074689502,0.19258248863194632,0.17868601414162938,0.18221299691907236,0.1832459021135577,0.18712013616563802,0.19300643241051785,0.1926751191906724,0.20821135098691712,0.200624104881012
49,0.4243973338787463,0.39674304773311564,0.39527497235866177,0.3624884254155284,0.3314356377192626,0.30245352897093913,0.281293784715287,0.2606078654402546,0.2450872798031066,0.2323466822742571,0.222433388865073,0.2163405599517473,0.21208279359744767,0.2094445437553935,0.21005204470446928,0.20029004866657887
107,0.5879536990859578,0.32419806913061305,0.3086085319650524,0.28946629985188793,0.27867382084931536,0.26503621826422846,0.25479376206617893,0.24511526853569487,0.23333220696860676,0.2268042406208209,0.21936793191596637,0.21442148523349383,0.21007570414150478,0.20452996355181277,0.20129221730987823,0.19995599245214576
