trading_days_to_expiration,-9,-8,-7,-6,-5,-4,-3,-2,-1,0,1,2,3,4,5,6
20,0.4291118141896765,0.39392123957414216,0.2789490588463126,0.2517872981303188,0.2254122350739598,0.2068176831943114,0.18067539783493644,0.16921697287597526,0.158284092393724,0.1512232932292371,0.1527603275574859,0.15632415651101214,0.16417971828070924,0.18319966384689906,0.1940855280963925,0.19440573065333194
45,0.4291118141896765,0.3821910480356307,0.37583451295731723,0.3512249593877836,0.3242753382856718,0.2985172854641752,0.27079331954951236,0.2490284270718714,0.2272463208111621,0.2144603498526654,0.2028905145783153,0.19206660234339468,0.19169376688053957,0.18877652415303509,0.1897473773415458,0.1933968100795635
103,0.417381622651165,0.3080580321338184,0.29495649025683973,0.2814375454930986,0.26605979444904954,0.2546775633034586,0.2425984041380381,0.23020771990790773,0.22131864477276858,0.21348944644257123,0.20718629276489547,0.202268181371933,0.19772773817336858,0.1956216221521182,0.19315574891244386,0.19238788950579505
162,0.40565143111265356,0.2935035454900655,0.27337189419357927,0.2534248902835292,0.23643873882168048,0.21767648056919753,0.2059076885070067,0.22673493160781877,0.21836156523964506,0.2136675573168833,0.2084499030619789,0.20548377715128946,0.20088549629354358,0.19842367885123924,0.1954146512271004,0.19502578886472524
