trading_days_to_expiration,-9,-8,-7,-6,-5,-4,-3,-2,-1,0,1,2,3,4,5,6,7
14,0.39068427824652613,0.3034959064206091,0.27162030215569993,0.25986493654876025,0.2413644402172419,0.22239365278391382,0.19854734652154718,0.19100868914698027,0.18616767868417533,0.1706607135849303,0.16573295906639884,0.1668598586236228,0.18032600802515478,0.1955653090339123,0.2112794989564003,0.22957305017950913,0.1981849674523338
28,0.3688871852900469,0.2955270053543818,0.26868146075396504,0.27797750254535153,0.19227089560781227,0.19371344234436344,0.1848124957482689,0.18309778035889313,0.17867474156080226,0.17738666941604755,0.17914659994703755,0.1773793724587651,0.18162689973179136,0.19008759111721205,0.20062748218171958,0.2156146997553004,0.20052331388968922
73,0.3470900923335676,0.28755810428815454,0.2657426193522301,0.2960900685419428,0.27899246067492617,0.25482263908663416,0.24577629261790698,0.23662649156004995,0.22746611608501158,0.21923403299346914,0.2175469720208477,0.20826558263250097,0.20397368046568698,0.20144776820784346,0.20162532535524222,0.20165634933109167,0.2028616603270446
131,0.32529299937708833,0.2795892032219272,0.26280377795049514,0.2519116629948879,0.24004862760540724,0.236665017873585,0.2288531180014431,0.22291029402784943,0.2088278762483829,0.2112543636436379,0.206564324447364,0.20345995949763193,0.20102239941723224,0.1987804665261062,0.19668689801580602,0.1958466210149784,0.2028616603270446
